{
"type": "FeatureCollection",
"name": "property_tax_points_wgs84",
"crs": { "type": "name", "properties": { "name": "urn:ogc:def:crs:OGC:1.3:CRS84" } },
"features": [
{ "type": "Feature", "properties": { "Assessment_No": "CHN/136/00000", "Assessee": "Priya Sheikh", "Plinth_Area_SqFt": 3839, "Usage": "R" }, "geometry": { "type": "Point", "coordinates": [ 80.235551623944644, 13.041293624673136 ] } },
{ "type": "Feature", "properties": { "Assessment_No": "CHN/136/00001", "Assessee": "Mohammed Murthy", "Plinth_Area_SqFt": 2973, "Usage": "M" }, "geometry": { "type": "Point", "coordinates": [ 80.236121399538149, 13.039650978818186 ] } },
{ "type": "Feature", "properties": { "Assessment_No": "CHN/136/00002", "Assessee": "Rahim Mudaliar", "Plinth_Area_SqFt": 3018, "Usage": "R" }, "geometry": { "type": "Point", "coordinates": [ 80.234668072731324, 13.042928602830436 ] } },
{ "type": "Feature", "properties": { "Assessment_No": "CHN/136/00003", "Assessee": "Ramesh Chettiar", "Plinth_Area_SqFt": 2615, "Usage": "Dwelling" }, "geometry": { "type": "Point", "coordinates": [ 80.236523972860653, 13.041824027711838 ] } },
{ "type": "Feature", "properties": { "Assessment_No": "CHN/136/00004", "Assessee": "M. Mudaliar", "Plinth_Area_SqFt": 4207, "Usage": "Dwelling" }, "geometry": { "type": "Point", "coordinates": [ 80.236442502686444, 13.039617673874098 ] } },
{ "type": "Feature", "properties": { "Assessment_No": "CHN/136/00005", "Assessee": "Kannan Murthy", "Plinth_Area_SqFt": 2599, "Usage": "Dwelling" }, "geometry": { "type": "Point", "coordinates": [ 80.234657724587294, 13.040874187721373 ] } },
{ "type": "Feature", "properties": { "Assessment_No": "CHN/136/00006", "Assessee": "Deepak Iyer", "Plinth_Area_SqFt": 2712, "Usage": "R" }, "geometry": { "type": "Point", "coordinates": [ 80.237268195962343, 13.041377119459433 ] } },
{ "type": "Feature", "properties": { "Assessment_No": "CHN/136/00007", "Assessee": "Sundaram Raman", "Plinth_Area_SqFt": 3447, "Usage": "Dwelling" }, "geometry": { "type": "Point", "coordinates": [ 80.23797221121589, 13.041308432965916 ] } },
{ "type": "Feature", "properties": { "Assessment_No": "CHN/136/00008", "Assessee": "Lakshmi Kumar", "Plinth_Area_SqFt": 894, "Usage": "Shop" }, "geometry": { "type": "Point", "coordinates": [ 80.234630948735642, 13.040717242293637 ] } },
{ "type": "Feature", "properties": { "Assessment_No": "CHN/136/00009", "Assessee": "S. Mudaliar", "Plinth_Area_SqFt": 2576, "Usage": "Dwelling" }, "geometry": { "type": "Point", "coordinates": [ 80.237270829661796, 13.039440973205101 ] } },
{ "type": "Feature", "properties": { "Assessment_No": "CHN/136/00010", "Assessee": "Gounder Selvaraj", "Plinth_Area_SqFt": 3691, "Usage": "R" }, "geometry": { "type": "Point", "coordinates": [ 80.236574881814121, 13.0413984444669 ] } },
{ "type": "Feature", "properties": { "Assessment_No": "CHN/136/00011", "Assessee": "Abdul Gounder", "Plinth_Area_SqFt": 2617, "Usage": "R" }, "geometry": { "type": "Point", "coordinates": [ 80.237535664450562, 13.039820290382295 ] } },
{ "type": "Feature", "properties": { "Assessment_No": "CHN/136/00012", "Assessee": "Arun Sharma", "Plinth_Area_SqFt": 2035, "Usage": "R" }, "geometry": { "type": "Point", "coordinates": [ 80.23563568768941, 13.040375280533889 ] } },
{ "type": "Feature", "properties": { "Assessment_No": "CHN/136/00013", "Assessee": "Sundaram Rao", "Plinth_Area_SqFt": 2927, "Usage": "Dwelling" }, "geometry": { "type": "Point", "coordinates": [ 80.23624684176788, 13.040295789474278 ] } },
{ "type": "Feature", "properties": { "Assessment_No": "CHN/136/00014", "Assessee": "Ramasamy Babu", "Plinth_Area_SqFt": 2075, "Usage": "Dwelling" }, "geometry": { "type": "Point", "coordinates": [ 80.237396374241285, 13.039439873213409 ] } },
{ "type": "Feature", "properties": { "Assessment_No": "CHN/136/00015", "Assessee": "Rajeshwari Das", "Plinth_Area_SqFt": 3472, "Usage": "Dwelling" }, "geometry": { "type": "Point", "coordinates": [ 80.236478285823125, 13.041414285278696 ] } },
{ "type": "Feature", "properties": { "Assessment_No": "CHN/136/00016", "Assessee": "Babu Suresh", "Plinth_Area_SqFt": 1498, "Usage": "M" }, "geometry": { "type": "Point", "coordinates": [ 80.233996781466345, 13.042889886679717 ] } },
{ "type": "Feature", "properties": { "Assessment_No": "CHN/136/00017", "Assessee": "Saraswathi Reddy", "Plinth_Area_SqFt": 3298, "Usage": "R" }, "geometry": { "type": "Point", "coordinates": [ 80.235507872452573, 13.040358005820833 ] } },
{ "type": "Feature", "properties": { "Assessment_No": "CHN/136/00018", "Assessee": "Ramesh Reddy", "Plinth_Area_SqFt": 1790, "Usage": "M" }, "geometry": { "type": "Point", "coordinates": [ 80.237528481728432, 13.039161859695035 ] } },
{ "type": "Feature", "properties": { "Assessment_No": "CHN/136/00019", "Assessee": "RAMESH SHEIKH", "Plinth_Area_SqFt": 2113, "Usage": "Mixed" }, "geometry": { "type": "Point", "coordinates": [ 80.235796313510107, 13.041523972478469 ] } },
{ "type": "Feature", "properties": { "Assessment_No": "CHN/136/00020", "Assessee": "Vijayalakshmi Iyer", "Plinth_Area_SqFt": 1171, "Usage": "R" }, "geometry": { "type": "Point", "coordinates": [ 80.234820350728867, 13.040442572621181 ] } },
{ "type": "Feature", "properties": { "Assessment_No": "CHN/136/00021", "Assessee": "Saraswathi Rao", "Plinth_Area_SqFt": 1461, "Usage": "M" }, "geometry": { "type": "Point", "coordinates": [ 80.234509202771434, 13.042679129502229 ] } },
{ "type": "Feature", "properties": { "Assessment_No": "CHN/136/00022", "Assessee": "Suresh Shetty", "Plinth_Area_SqFt": 1496, "Usage": "Shop" }, "geometry": { "type": "Point", "coordinates": [ 80.23748411426574, 13.039027477489407 ] } },
{ "type": "Feature", "properties": { "Assessment_No": "CHN/136/00023", "Assessee": "Suresh Sheikh", "Plinth_Area_SqFt": 2446, "Usage": "Dwelling" }, "geometry": { "type": "Point", "coordinates": [ 80.235436776173117, 13.041571441210813 ] } },
{ "type": "Feature", "properties": { "Assessment_No": "CHN/136/00024", "Assessee": "Meenakshi Kumar", "Plinth_Area_SqFt": 1539, "Usage": "C" }, "geometry": { "type": "Point", "coordinates": [ 80.237192583324997, 13.041588306116701 ] } },
{ "type": "Feature", "properties": { "Assessment_No": "CHN/136/00025", "Assessee": "Parvathi Chettiar", "Plinth_Area_SqFt": 716, "Usage": "Dwelling" }, "geometry": { "type": "Point", "coordinates": [ 80.234831324358268, 13.040372711325086 ] } },
{ "type": "Feature", "properties": { "Assessment_No": "CHN/136/00026", "Assessee": "Arun Iyer", "Plinth_Area_SqFt": 2729, "Usage": "Shop" }, "geometry": { "type": "Point", "coordinates": [ 80.234521785339538, 13.042988607830049 ] } },
{ "type": "Feature", "properties": { "Assessment_No": "CHN/136/00027", "Assessee": "Venkatesh Reddy", "Plinth_Area_SqFt": 1435, "Usage": "Dwelling" }, "geometry": { "type": "Point", "coordinates": [ 80.236125459037027, 13.041783197943673 ] } },
{ "type": "Feature", "properties": { "Assessment_No": "CHN/136/00028", "Assessee": "Arun Menon", "Plinth_Area_SqFt": 381, "Usage": "R" }, "geometry": { "type": "Point", "coordinates": [ 80.237463122951539, 13.040341116989225 ] } },
{ "type": "Feature", "properties": { "Assessment_No": "CHN/136/00029", "Assessee": "Anitha Chettiar", "Plinth_Area_SqFt": 1693, "Usage": "Shop" }, "geometry": { "type": "Point", "coordinates": [ 80.237348682413455, 13.041785090530386 ] } },
{ "type": "Feature", "properties": { "Assessment_No": "CHN/136/00030", "Assessee": "Abdul Nair", "Plinth_Area_SqFt": 1625, "Usage": "Mixed" }, "geometry": { "type": "Point", "coordinates": [ 80.235761604002391, 13.041791661064329 ] } },
{ "type": "Feature", "properties": { "Assessment_No": "CHN/136/00031", "Assessee": "S. Iyer", "Plinth_Area_SqFt": 1065, "Usage": "Mixed" }, "geometry": { "type": "Point", "coordinates": [ 80.237884056862129, 13.040344457955964 ] } },
{ "type": "Feature", "properties": { "Assessment_No": "CHN/136/00032", "Assessee": "Raman, Gopalakrishnan", "Plinth_Area_SqFt": 505, "Usage": "R" }, "geometry": { "type": "Point", "coordinates": [ 80.237372154275675, 13.040502954515837 ] } },
{ "type": "Feature", "properties": { "Assessment_No": "CHN/136/00033", "Assessee": "Ramasamy Rao", "Plinth_Area_SqFt": 6739, "Usage": "Dwelling" }, "geometry": { "type": "Point", "coordinates": [ 80.234807915938148, 13.040811513120504 ] } },
{ "type": "Feature", "properties": { "Assessment_No": "CHN/136/00034", "Assessee": "Priya Raman", "Plinth_Area_SqFt": 2450, "Usage": "C" }, "geometry": { "type": "Point", "coordinates": [ 80.236959039717675, 13.039455046103908 ] } },
{ "type": "Feature", "properties": { "Assessment_No": "CHN/136/00035", "Assessee": "Meenakshi Sheikh", "Plinth_Area_SqFt": 2402, "Usage": "M" }, "geometry": { "type": "Point", "coordinates": [ 80.236858343106078, 13.04139862245589 ] } },
{ "type": "Feature", "properties": { "Assessment_No": "CHN/136/00036", "Assessee": "Muthusamy Thevar", "Plinth_Area_SqFt": 3776, "Usage": "C" }, "geometry": { "type": "Point", "coordinates": [ 80.23711681355455, 13.039877393371837 ] } },
{ "type": "Feature", "properties": { "Assessment_No": "CHN/136/00037", "Assessee": "Sundaram Naidu", "Plinth_Area_SqFt": 3108, "Usage": "Dwelling" }, "geometry": { "type": "Point", "coordinates": [ 80.235778513760806, 13.040251754498458 ] } },
{ "type": "Feature", "properties": { "Assessment_No": "CHN/136/00038", "Assessee": "Meenakshi Rao", "Plinth_Area_SqFt": 2145, "Usage": "C" }, "geometry": { "type": "Point", "coordinates": [ 80.237086819753458, 13.039439627233653 ] } },
{ "type": "Feature", "properties": { "Assessment_No": "CHN/136/00039", "Assessee": "Abdul Rao", "Plinth_Area_SqFt": 3420, "Usage": "R" }, "geometry": { "type": "Point", "coordinates": [ 80.236732897319442, 13.041409801206479 ] } },
{ "type": "Feature", "properties": { "Assessment_No": "CHN/136/00040", "Assessee": "Gopalakrishnan Murthy", "Plinth_Area_SqFt": 1347, "Usage": "R" }, "geometry": { "type": "Point", "coordinates": [ 80.237038013412246, 13.040108874301986 ] } },
{ "type": "Feature", "properties": { "Assessment_No": "CHN/136/00041", "Assessee": "MOHAMMED NAIR", "Plinth_Area_SqFt": 951, "Usage": "Mixed" }, "geometry": { "type": "Point", "coordinates": [ 80.235670916840363, 13.040466608446035 ] } },
{ "type": "Feature", "properties": { "Assessment_No": "CHN/136/00042", "Assessee": "J. Khan", "Plinth_Area_SqFt": 3118, "Usage": "R" }, "geometry": { "type": "Point", "coordinates": [ 80.237728645445827, 13.039162972223842 ] } },
{ "type": "Feature", "properties": { "Assessment_No": "CHN/136/00043", "Assessee": "Lakshmi Naidu", "Plinth_Area_SqFt": 595, "Usage": "Dwelling" }, "geometry": { "type": "Point", "coordinates": [ 80.23604121306046, 13.041177418131761 ] } },
{ "type": "Feature", "properties": { "Assessment_No": "CHN/136/00044", "Assessee": "Janaki aNir", "Plinth_Area_SqFt": 2767, "Usage": "M" }, "geometry": { "type": "Point", "coordinates": [ 80.237963070166401, 13.039808581464728 ] } },
{ "type": "Feature", "properties": { "Assessment_No": "CHN/136/00045", "Assessee": "Chandrasekar Mudaliar", "Plinth_Area_SqFt": 1496, "Usage": "M" }, "geometry": { "type": "Point", "coordinates": [ 80.235330999402947, 13.040529525896526 ] } },
{ "type": "Feature", "properties": { "Assessment_No": "CHN/136/00046", "Assessee": "SUBRAMANIAN REDDY", "Plinth_Area_SqFt": 3145, "Usage": "R" }, "geometry": { "type": "Point", "coordinates": [ 80.237709350224947, 13.038986351153246 ] } },
{ "type": "Feature", "properties": { "Assessment_No": "CHN/136/00047", "Assessee": "Parvathi Raman", "Plinth_Area_SqFt": 2675, "Usage": "Shop" }, "geometry": { "type": "Point", "coordinates": [ 80.235982302427715, 13.041556381208791 ] } },
{ "type": "Feature", "properties": { "Assessment_No": "CHN/136/00048", "Assessee": "Annamalai Nair", "Plinth_Area_SqFt": 967, "Usage": "C" }, "geometry": { "type": "Point", "coordinates": [ 80.23456997806332, 13.042787697270363 ] } },
{ "type": "Feature", "properties": { "Assessment_No": "CHN/136/00049", "Assessee": "Parvathi Khan", "Plinth_Area_SqFt": 1623, "Usage": "Dwelling" }, "geometry": { "type": "Point", "coordinates": [ 80.237068876290763, 13.041741817351353 ] } },
{ "type": "Feature", "properties": { "Assessment_No": "CHN/136/00050", "Assessee": "Vijayalakshmi Sheikh", "Plinth_Area_SqFt": 704, "Usage": "C" }, "geometry": { "type": "Point", "coordinates": [ 80.23493160861112, 13.040394728751135 ] } },
{ "type": "Feature", "properties": { "Assessment_No": "CHN/136/00051", "Assessee": "Vijayalakshmi Sheikh", "Plinth_Area_SqFt": 1137, "Usage": "R" }, "geometry": { "type": "Point", "coordinates": [ 80.233694759900672, 13.042929865992742 ] } },
{ "type": "Feature", "properties": { "Assessment_No": "CHN/136/00052", "Assessee": "Balasubramanian Menon", "Plinth_Area_SqFt": 1674, "Usage": "R" }, "geometry": { "type": "Point", "coordinates": [ 80.235894658220474, 13.041847553484169 ] } },
{ "type": "Feature", "properties": { "Assessment_No": "CHN/136/00053", "Assessee": "Priya Reddy", "Plinth_Area_SqFt": 1534, "Usage": "R" }, "geometry": { "type": "Point", "coordinates": [ 80.237079320737749, 13.0404805267661 ] } },
{ "type": "Feature", "properties": { "Assessment_No": "CHN/136/00054", "Assessee": "Sharma Balasubramanian", "Plinth_Area_SqFt": 4120, "Usage": "R" }, "geometry": { "type": "Point", "coordinates": [ 80.234977819121497, 13.041389928382038 ] } },
{ "type": "Feature", "properties": { "Assessment_No": "CHN/136/00055", "Assessee": "Selvaraj Chettiar", "Plinth_Area_SqFt": 1671, "Usage": "Dwelling" }, "geometry": { "type": "Point", "coordinates": [ 80.237198529970982, 13.041767655457084 ] } },
{ "type": "Feature", "properties": { "Assessment_No": "CHN/136/00056", "Assessee": "MuthusamyS harma", "Plinth_Area_SqFt": 3632, "Usage": "Mixed" }, "geometry": { "type": "Point", "coordinates": [ 80.234375287073036, 13.043054259122274 ] } },
{ "type": "Feature", "properties": { "Assessment_No": "CHN/136/00057", "Assessee": "Suresh Naidu", "Plinth_Area_SqFt": 1737, "Usage": "Mixed" }, "geometry": { "type": "Point", "coordinates": [ 80.236028377538901, 13.041816404414453 ] } },
{ "type": "Feature", "properties": { "Assessment_No": "CHN/136/00058", "Assessee": "Das Annamalai", "Plinth_Area_SqFt": 937, "Usage": "C" }, "geometry": { "type": "Point", "coordinates": [ 80.237160653825725, 13.040537006762143 ] } },
{ "type": "Feature", "properties": { "Assessment_No": "CHN/136/00059", "Assessee": "Krishnan Meonn", "Plinth_Area_SqFt": 1656, "Usage": "R" }, "geometry": { "type": "Point", "coordinates": [ 80.23599058645631, 13.039529116727559 ] } },
{ "type": "Feature", "properties": { "Assessment_No": "CHN/136/00060", "Assessee": "Krishnan Mudaliar", "Plinth_Area_SqFt": 1139, "Usage": "Shop" }, "geometry": { "type": "Point", "coordinates": [ 80.236763925246009, 13.040502460354919 ] } },
{ "type": "Feature", "properties": { "Assessment_No": "CHN/136/00061", "Assessee": "Venkatesh Menon", "Plinth_Area_SqFt": 1338, "Usage": "M" }, "geometry": { "type": "Point", "coordinates": [ 80.23747294429505, 13.04049340924718 ] } },
{ "type": "Feature", "properties": { "Assessment_No": "CHN/136/00062", "Assessee": "Rajeshwari Pillai", "Plinth_Area_SqFt": 3402, "Usage": "Dwelling" }, "geometry": { "type": "Point", "coordinates": [ 80.238052306405748, 13.041601041482751 ] } },
{ "type": "Feature", "properties": { "Assessment_No": "CHN/136/00063", "Assessee": "Raman Ramesh", "Plinth_Area_SqFt": 2293, "Usage": "Shop" }, "geometry": { "type": "Point", "coordinates": [ 80.235834868921629, 13.039496480522976 ] } },
{ "type": "Feature", "properties": { "Assessment_No": "CHN/136/00064", "Assessee": "Sundaram Shetty", "Plinth_Area_SqFt": 1641, "Usage": "Dwelling" }, "geometry": { "type": "Point", "coordinates": [ 80.236836965872484, 13.040471686440407 ] } },
{ "type": "Feature", "properties": { "Assessment_No": "CHN/136/00065", "Assessee": "Khan, Priya", "Plinth_Area_SqFt": 384, "Usage": "M" }, "geometry": { "type": "Point", "coordinates": [ 80.237568593057773, 13.040468990642442 ] } },
{ "type": "Feature", "properties": { "Assessment_No": "CHN/136/00066", "Assessee": "Knanan Pillai", "Plinth_Area_SqFt": 3067, "Usage": "R" }, "geometry": { "type": "Point", "coordinates": [ 80.236887039063532, 13.040147683569513 ] } },
{ "type": "Feature", "properties": { "Assessment_No": "CHN/136/00067", "Assessee": "Balasubramanian Reddy", "Plinth_Area_SqFt": 1230, "Usage": "R" }, "geometry": { "type": "Point", "coordinates": [ 80.235744415367833, 13.040388592934802 ] } },
{ "type": "Feature", "properties": { "Assessment_No": "CHN/136/00068", "Assessee": "Shetty, Fathima", "Plinth_Area_SqFt": 812, "Usage": "R" }, "geometry": { "type": "Point", "coordinates": [ 80.236985478944248, 13.041275180256539 ] } },
{ "type": "Feature", "properties": { "Assessment_No": "CHN/136/00069", "Assessee": "Meenakshi Khan", "Plinth_Area_SqFt": 4426, "Usage": "R" }, "geometry": { "type": "Point", "coordinates": [ 80.236968549562107, 13.03990260423595 ] } },
{ "type": "Feature", "properties": { "Assessment_No": "CHN/136/00070", "Assessee": "Kannan Babu", "Plinth_Area_SqFt": 1297, "Usage": "Dwelling" }, "geometry": { "type": "Point", "coordinates": [ 80.236455814381401, 13.039295013880276 ] } },
{ "type": "Feature", "properties": { "Assessment_No": "CHN/136/00071", "Assessee": "PARVATHI MURTHY", "Plinth_Area_SqFt": 1201, "Usage": "R" }, "geometry": { "type": "Point", "coordinates": [ 80.23586173956636, 13.040380382624047 ] } },
{ "type": "Feature", "properties": { "Assessment_No": "CHN/136/00072", "Assessee": "A. Sheikh", "Plinth_Area_SqFt": 2823, "Usage": "C" }, "geometry": { "type": "Point", "coordinates": [ 80.23763840033898, 13.039359553014391 ] } },
{ "type": "Feature", "properties": { "Assessment_No": "CHN/136/00073", "Assessee": "CHANDRASEKAR KHAN", "Plinth_Area_SqFt": 4426, "Usage": "Mixed" }, "geometry": { "type": "Point", "coordinates": [ 80.235752952020178, 13.041298982489485 ] } },
{ "type": "Feature", "properties": { "Assessment_No": "CHN/136/00074", "Assessee": "Muthusamy Nair", "Plinth_Area_SqFt": 3067, "Usage": "Dwelling" }, "geometry": { "type": "Point", "coordinates": [ 80.236345631206063, 13.041468161212462 ] } },
{ "type": "Feature", "properties": { "Assessment_No": "CHN/136/00075", "Assessee": "Subramanian Chettiar", "Plinth_Area_SqFt": 1202, "Usage": "Dwelling" }, "geometry": { "type": "Point", "coordinates": [ 80.238001071736193, 13.039971426938358 ] } },
{ "type": "Feature", "properties": { "Assessment_No": "CHN/136/00076", "Assessee": "Arun Murthy", "Plinth_Area_SqFt": 1947, "Usage": "Shop" }, "geometry": { "type": "Point", "coordinates": [ 80.23778037106419, 13.039364598532515 ] } },
{ "type": "Feature", "properties": { "Assessment_No": "CHN/136/00077", "Assessee": "Fathima Rao", "Plinth_Area_SqFt": 4636, "Usage": "Dwelling" }, "geometry": { "type": "Point", "coordinates": [ 80.235451667250814, 13.041306529884958 ] } },
{ "type": "Feature", "properties": { "Assessment_No": "CHN/136/00078", "Assessee": "Mudaliar, Sundaram", "Plinth_Area_SqFt": 802, "Usage": "R" }, "geometry": { "type": "Point", "coordinates": [ 80.234744997216012, 13.042683559728895 ] } },
{ "type": "Feature", "properties": { "Assessment_No": "CHN/136/00079", "Assessee": "VIJAYALAKSHMI BABU", "Plinth_Area_SqFt": 1510, "Usage": "R" }, "geometry": { "type": "Point", "coordinates": [ 80.23803377451992, 13.040104566110658 ] } },
{ "type": "Feature", "properties": { "Assessment_No": "CHN/136/00080", "Assessee": "Muthusamy Iyer", "Plinth_Area_SqFt": 4010, "Usage": "Dwelling" }, "geometry": { "type": "Point", "coordinates": [ 80.236821597705585, 13.041706918798639 ] } },
{ "type": "Feature", "properties": { "Assessment_No": "CHN/136/00081", "Assessee": "Suresh Iyer", "Plinth_Area_SqFt": 1869, "Usage": "Dwelling" }, "geometry": { "type": "Point", "coordinates": [ 80.236952128950506, 13.039268120059816 ] } },
{ "type": "Feature", "properties": { "Assessment_No": "CHN/136/00082", "Assessee": "Deepak Pillai", "Plinth_Area_SqFt": 1289, "Usage": "Shop" }, "geometry": { "type": "Point", "coordinates": [ 80.235748719465846, 13.04189533931865 ] } },
{ "type": "Feature", "properties": { "Assessment_No": "CHN/136/00083", "Assessee": "Annamalai Das", "Plinth_Area_SqFt": 4280, "Usage": "C" }, "geometry": { "type": "Point", "coordinates": [ 80.236346439559497, 13.040589085480935 ] } },
{ "type": "Feature", "properties": { "Assessment_No": "CHN/136/00084", "Assessee": "LAKSHMI MENON", "Plinth_Area_SqFt": 4919, "Usage": "Dwelling" }, "geometry": { "type": "Point", "coordinates": [ 80.234848286192772, 13.041370806344791 ] } },
{ "type": "Feature", "properties": { "Assessment_No": "CHN/136/00085", "Assessee": "Venkatesh Rao", "Plinth_Area_SqFt": 3482, "Usage": "R" }, "geometry": { "type": "Point", "coordinates": [ 80.236959698477094, 13.041691468572598 ] } },
{ "type": "Feature", "properties": { "Assessment_No": "CHN/136/00086", "Assessee": "Mohammed Mudaliar", "Plinth_Area_SqFt": 498, "Usage": "R" }, "geometry": { "type": "Point", "coordinates": [ 80.235840820144958, 13.041878113790917 ] } },
{ "type": "Feature", "properties": { "Assessment_No": "CHN/136/00087", "Assessee": "Muthusamy Khan", "Plinth_Area_SqFt": 3487, "Usage": "Dwelling" }, "geometry": { "type": "Point", "coordinates": [ 80.236989981834483, 13.040518523866815 ] } },
{ "type": "Feature", "properties": { "Assessment_No": "CHN/136/00088", "Assessee": "Kannan Menon", "Plinth_Area_SqFt": 3426, "Usage": "Dwelling" }, "geometry": { "type": "Point", "coordinates": [ 80.2375693571135, 13.041610408307994 ] } },
{ "type": "Feature", "properties": { "Assessment_No": "CHN/136/00089", "Assessee": "Ramesh Nair", "Plinth_Area_SqFt": 369, "Usage": "C" }, "geometry": { "type": "Point", "coordinates": [ 80.235654141326705, 13.041802427020418 ] } },
{ "type": "Feature", "properties": { "Assessment_No": "CHN/136/00090", "Assessee": "Mohammed Menon", "Plinth_Area_SqFt": 393, "Usage": "M" }, "geometry": { "type": "Point", "coordinates": [ 80.237372520547581, 13.040379036375242 ] } },
{ "type": "Feature", "properties": { "Assessment_No": "CHN/136/00091", "Assessee": "Rajeshwari Babu", "Plinth_Area_SqFt": 3982, "Usage": "R" }, "geometry": { "type": "Point", "coordinates": [ 80.237743053006426, 13.041625932193014 ] } },
{ "type": "Feature", "properties": { "Assessment_No": "CHN/136/00092", "Assessee": "Rahim Shetty", "Plinth_Area_SqFt": 847, "Usage": "Shop" }, "geometry": { "type": "Point", "coordinates": [ 80.235906121987327, 13.03961782346194 ] } },
{ "type": "Feature", "properties": { "Assessment_No": "CHN/136/00093", "Assessee": "Arun Reddy", "Plinth_Area_SqFt": 558, "Usage": "Shop" }, "geometry": { "type": "Point", "coordinates": [ 80.237948252796116, 13.04031059705712 ] } },
{ "type": "Feature", "properties": { "Assessment_No": "CHN/136/00094", "Assessee": "Annamalai Shetty", "Plinth_Area_SqFt": 2626, "Usage": "Dwelling" }, "geometry": { "type": "Point", "coordinates": [ 80.237150501983407, 13.041374102149662 ] } },
{ "type": "Feature", "properties": { "Assessment_No": "CHN/136/00095", "Assessee": "Thiruvengadam Iyer", "Plinth_Area_SqFt": 2732, "Usage": "R" }, "geometry": { "type": "Point", "coordinates": [ 80.237823234162704, 13.041304942963135 ] } },
{ "type": "Feature", "properties": { "Assessment_No": "CHN/136/00096", "Assessee": "Chandrasekar Babu", "Plinth_Area_SqFt": 507, "Usage": "R" }, "geometry": { "type": "Point", "coordinates": [ 80.237419678685839, 13.040409878293232 ] } },
{ "type": "Feature", "properties": { "Assessment_No": "CHN/136/00097", "Assessee": "Balasubramanian Khan", "Plinth_Area_SqFt": 1049, "Usage": "M" }, "geometry": { "type": "Point", "coordinates": [ 80.235982026626274, 13.04077656112878 ] } },
{ "type": "Feature", "properties": { "Assessment_No": "CHN/136/00098", "Assessee": "Janaki Pillai", "Plinth_Area_SqFt": 4828, "Usage": "Dwelling" }, "geometry": { "type": "Point", "coordinates": [ 80.23498297465683, 13.040796353861518 ] } },
{ "type": "Feature", "properties": { "Assessment_No": "CHN/136/00099", "Assessee": "R. Sharma", "Plinth_Area_SqFt": 1005, "Usage": "Shop" }, "geometry": { "type": "Point", "coordinates": [ 80.237003364633964, 13.04144086978201 ] } },
{ "type": "Feature", "properties": { "Assessment_No": "CHN/136/00100", "Assessee": "Ramesh Raman", "Plinth_Area_SqFt": 3706, "Usage": "R" }, "geometry": { "type": "Point", "coordinates": [ 80.237671966332798, 13.041314749014328 ] } },
{ "type": "Feature", "properties": { "Assessment_No": "CHN/136/00101", "Assessee": "Arun Iyer", "Plinth_Area_SqFt": 3374, "Usage": "R" }, "geometry": { "type": "Point", "coordinates": [ 80.236596731785426, 13.039281400409751 ] } },
{ "type": "Feature", "properties": { "Assessment_No": "CHN/136/00102", "Assessee": "Ramesh Sheikh", "Plinth_Area_SqFt": 4971, "Usage": "Mixed" }, "geometry": { "type": "Point", "coordinates": [ 80.235863146549093, 13.040567410229826 ] } },
{ "type": "Feature", "properties": { "Assessment_No": "CHN/136/00103", "Assessee": "Sundaram Babu", "Plinth_Area_SqFt": 2193, "Usage": "Dwelling" }, "geometry": { "type": "Point", "coordinates": [ 80.235133986928844, 13.040859069964389 ] } },
{ "type": "Feature", "properties": { "Assessment_No": "CHN/136/00104", "Assessee": "Rao Priya", "Plinth_Area_SqFt": 755, "Usage": "Dwelling" }, "geometry": { "type": "Point", "coordinates": [ 80.237366371403084, 13.039316268938265 ] } },
{ "type": "Feature", "properties": { "Assessment_No": "CHN/136/00105", "Assessee": "Venkatesh Thevar", "Plinth_Area_SqFt": 2289, "Usage": "Dwelling" }, "geometry": { "type": "Point", "coordinates": [ 80.23637495946862, 13.041838531322348 ] } },
{ "type": "Feature", "properties": { "Assessment_No": "CHN/136/00106", "Assessee": "Subramanian Chettiar", "Plinth_Area_SqFt": 4035, "Usage": "Dwelling" }, "geometry": { "type": "Point", "coordinates": [ 80.237688103275786, 13.039776732469026 ] } },
{ "type": "Feature", "properties": { "Assessment_No": "CHN/136/00107", "Assessee": "Ramasamy Reddy", "Plinth_Area_SqFt": 2713, "Usage": "C" }, "geometry": { "type": "Point", "coordinates": [ 80.235399482469958, 13.040413208416076 ] } },
{ "type": "Feature", "properties": { "Assessment_No": "CHN/136/00108", "Assessee": "Deepak Nair", "Plinth_Area_SqFt": 2173, "Usage": "M" }, "geometry": { "type": "Point", "coordinates": [ 80.236311611666764, 13.039268184538614 ] } },
{ "type": "Feature", "properties": { "Assessment_No": "CHN/136/00109", "Assessee": "Lakshmi Reddy", "Plinth_Area_SqFt": 3470, "Usage": "R" }, "geometry": { "type": "Point", "coordinates": [ 80.236179014163241, 13.040004024970051 ] } },
{ "type": "Feature", "properties": { "Assessment_No": "CHN/136/00110", "Assessee": "PARVATHI MUDALIAR", "Plinth_Area_SqFt": 2739, "Usage": "Dwelling" }, "geometry": { "type": "Point", "coordinates": [ 80.237509127707668, 13.039404905153129 ] } },
{ "type": "Feature", "properties": { "Assessment_No": "CHN/136/00111", "Assessee": "Thiruwengadam Shetty", "Plinth_Area_SqFt": 1408, "Usage": "R" }, "geometry": { "type": "Point", "coordinates": [ 80.236363176164048, 13.041652406696283 ] } },
{ "type": "Feature", "properties": { "Assessment_No": "CHN/136/00112", "Assessee": "Khan, Ramesh", "Plinth_Area_SqFt": 3175, "Usage": "C" }, "geometry": { "type": "Point", "coordinates": [ 80.235095372681627, 13.041373584830213 ] } },
{ "type": "Feature", "properties": { "Assessment_No": "CHN/136/00113", "Assessee": "A. Mudaliar", "Plinth_Area_SqFt": 1019, "Usage": "Dwelling" }, "geometry": { "type": "Point", "coordinates": [ 80.234748569378624, 13.042785085681647 ] } },
{ "type": "Feature", "properties": { "Assessment_No": "CHN/136/00114", "Assessee": "Saraswathi Gounder", "Plinth_Area_SqFt": 2746, "Usage": "C" }, "geometry": { "type": "Point", "coordinates": [ 80.237879769566234, 13.040018325562043 ] } },
{ "type": "Feature", "properties": { "Assessment_No": "CHN/136/00115", "Assessee": "Venkatesh Das", "Plinth_Area_SqFt": 1942, "Usage": "R" }, "geometry": { "type": "Point", "coordinates": [ 80.235297148638054, 13.040322902388848 ] } },
{ "type": "Feature", "properties": { "Assessment_No": "CHN/136/00116", "Assessee": "Subramanian Sharma", "Plinth_Area_SqFt": 3768, "Usage": "Dwelling" }, "geometry": { "type": "Point", "coordinates": [ 80.237356677476782, 13.039136634357522 ] } },
{ "type": "Feature", "properties": { "Assessment_No": "CHN/136/00117", "Assessee": "Subramanian Das", "Plinth_Area_SqFt": 815, "Usage": "R" }, "geometry": { "type": "Point", "coordinates": [ 80.235585112567847, 13.041640037573465 ] } },
{ "type": "Feature", "properties": { "Assessment_No": "CHN/136/00118", "Assessee": "Saraswatih Rao", "Plinth_Area_SqFt": 1178, "Usage": "C" }, "geometry": { "type": "Point", "coordinates": [ 80.237326600070205, 13.040044515163141 ] } },
{ "type": "Feature", "properties": { "Assessment_No": "CHN/136/00119", "Assessee": "Priya Rao", "Plinth_Area_SqFt": 727, "Usage": "Dwelling" }, "geometry": { "type": "Point", "coordinates": [ 80.234573069079389, 13.040535630677576 ] } },
{ "type": "Feature", "properties": { "Assessment_No": "CHN/136/00120", "Assessee": "Murthy Anitha", "Plinth_Area_SqFt": 1252, "Usage": "Dwelling" }, "geometry": { "type": "Point", "coordinates": [ 80.234644224172726, 13.042696097056723 ] } },
{ "type": "Feature", "properties": { "Assessment_No": "CHN/136/00121", "Assessee": "Rahim Thevar", "Plinth_Area_SqFt": 2545, "Usage": "Mixed" }, "geometry": { "type": "Point", "coordinates": [ 80.233211930038877, 13.043042435798869 ] } },
{ "type": "Feature", "properties": { "Assessment_No": "CHN/136/00122", "Assessee": "Chandrasekar Khan", "Plinth_Area_SqFt": 3605, "Usage": "Dwelling" }, "geometry": { "type": "Point", "coordinates": [ 80.236736791299862, 13.041706779791395 ] } },
{ "type": "Feature", "properties": { "Assessment_No": "CHN/136/00123", "Assessee": "Suresh Sharma", "Plinth_Area_SqFt": 2795, "Usage": "Dwelling" }, "geometry": { "type": "Point", "coordinates": [ 80.235578423994909, 13.041545579135203 ] } },
{ "type": "Feature", "properties": { "Assessment_No": "CHN/136/00124", "Assessee": "Priya Murthy", "Plinth_Area_SqFt": 1654, "Usage": "C" }, "geometry": { "type": "Point", "coordinates": [ 80.237036348381338, 13.040203531454992 ] } },
{ "type": "Feature", "properties": { "Assessment_No": "CHN/136/00125", "Assessee": "Rahim Chettiar", "Plinth_Area_SqFt": 2211, "Usage": "R" }, "geometry": { "type": "Point", "coordinates": [ 80.237309255376559, 13.041592489048844 ] } },
{ "type": "Feature", "properties": { "Assessment_No": "CHN/136/00126", "Assessee": "Abdul Shetty", "Plinth_Area_SqFt": 4931, "Usage": "Mixed" }, "geometry": { "type": "Point", "coordinates": [ 80.235304888658035, 13.040756124722559 ] } },
{ "type": "Feature", "properties": { "Assessment_No": "CHN/136/00127", "Assessee": "Ramesh Das", "Plinth_Area_SqFt": 5089, "Usage": "R" }, "geometry": { "type": "Point", "coordinates": [ 80.234652157081428, 13.041415285037985 ] } },
{ "type": "Feature", "properties": { "Assessment_No": "CHN/136/00128", "Assessee": "Minakshi Sharma", "Plinth_Area_SqFt": 3667, "Usage": "R" }, "geometry": { "type": "Point", "coordinates": [ 80.234371090920448, 13.042783462905764 ] } },
{ "type": "Feature", "properties": { "Assessment_No": "CHN/136/00129", "Assessee": "Fathima Gounder", "Plinth_Area_SqFt": 485, "Usage": "Shop" }, "geometry": { "type": "Point", "coordinates": [ 80.237407709699795, 13.040486591551165 ] } },
{ "type": "Feature", "properties": { "Assessment_No": "CHN/136/00130", "Assessee": "Rahim Raman", "Plinth_Area_SqFt": 2051, "Usage": "Dwelling" }, "geometry": { "type": "Point", "coordinates": [ 80.237473422232085, 13.041694506914199 ] } },
{ "type": "Feature", "properties": { "Assessment_No": "CHN/136/00131", "Assessee": "Mohammed Menon", "Plinth_Area_SqFt": 4299, "Usage": "Dwelling" }, "geometry": { "type": "Point", "coordinates": [ 80.23550309490534, 13.040730694291208 ] } },
{ "type": "Feature", "properties": { "Assessment_No": "CHN/136/00132", "Assessee": "Thiruvengadam Thevar", "Plinth_Area_SqFt": 2151, "Usage": "C" }, "geometry": { "type": "Point", "coordinates": [ 80.234194155513322, 13.042813791044447 ] } },
{ "type": "Feature", "properties": { "Assessment_No": "CHN/136/00133", "Assessee": "Deepak Das", "Plinth_Area_SqFt": 631, "Usage": "R" }, "geometry": { "type": "Point", "coordinates": [ 80.238036378997123, 13.04027365055903 ] } },
{ "type": "Feature", "properties": { "Assessment_No": "CHN/136/00134", "Assessee": "Mudaliar Kannan", "Plinth_Area_SqFt": 2657, "Usage": "Dwelling" }, "geometry": { "type": "Point", "coordinates": [ 80.237553025134929, 13.04135481704164 ] } },
{ "type": "Feature", "properties": { "Assessment_No": "CHN/136/00135", "Assessee": "Gopalakrishnan Nair", "Plinth_Area_SqFt": 465, "Usage": "Dwelling" }, "geometry": { "type": "Point", "coordinates": [ 80.237356314569553, 13.040433765595715 ] } },
{ "type": "Feature", "properties": { "Assessment_No": "CHN/136/00136", "Assessee": "Abdul Chettiar", "Plinth_Area_SqFt": 3814, "Usage": "R" }, "geometry": { "type": "Point", "coordinates": [ 80.236576353163343, 13.039962238095507 ] } },
{ "type": "Feature", "properties": { "Assessment_No": "CHN/136/00137", "Assessee": "Ramasamy Naydu", "Plinth_Area_SqFt": 2213, "Usage": "Dwelling" }, "geometry": { "type": "Point", "coordinates": [ 80.23724712761063, 13.040422098141706 ] } },
{ "type": "Feature", "properties": { "Assessment_No": "CHN/136/00138", "Assessee": "Chettiar, Sundaram", "Plinth_Area_SqFt": 2761, "Usage": "R" }, "geometry": { "type": "Point", "coordinates": [ 80.235665819065929, 13.040767979007454 ] } },
{ "type": "Feature", "properties": { "Assessment_No": "CHN/136/00139", "Assessee": "Kannan Shetty", "Plinth_Area_SqFt": 2963, "Usage": "R" }, "geometry": { "type": "Point", "coordinates": [ 80.237729461575228, 13.040425547287018 ] } },
{ "type": "Feature", "properties": { "Assessment_No": "CHN/136/00140", "Assessee": "Sures Raman", "Plinth_Area_SqFt": 2314, "Usage": "Dwelling" }, "geometry": { "type": "Point", "coordinates": [ 80.236538675203548, 13.041679821030062 ] } },
{ "type": "Feature", "properties": { "Assessment_No": "CHN/136/00141", "Assessee": "Chandrasekar Pillay", "Plinth_Area_SqFt": 3563, "Usage": "Dwelling" }, "geometry": { "type": "Point", "coordinates": [ 80.234630446939093, 13.040113939393308 ] } },
{ "type": "Feature", "properties": { "Assessment_No": "CHN/136/00142", "Assessee": "Fathima Shekih", "Plinth_Area_SqFt": 2967, "Usage": "Dwelling" }, "geometry": { "type": "Point", "coordinates": [ 80.237722437687651, 13.038379045961614 ] } },
{ "type": "Feature", "properties": { "Assessment_No": "CHN/136/00143", "Assessee": "Deepak Kumar", "Plinth_Area_SqFt": 2319, "Usage": "R" }, "geometry": { "type": "Point", "coordinates": [ 80.237212110470836, 13.038749354571268 ] } },
{ "type": "Feature", "properties": { "Assessment_No": "CHN/136/00144", "Assessee": "wijayalakshmi Menon", "Plinth_Area_SqFt": 2997, "Usage": "C" }, "geometry": { "type": "Point", "coordinates": [ 80.235446452792431, 13.03993411103176 ] } },
{ "type": "Feature", "properties": { "Assessment_No": "CHN/136/00145", "Assessee": "Mudaliar, Parvathi", "Plinth_Area_SqFt": 4229, "Usage": "Dwelling" }, "geometry": { "type": "Point", "coordinates": [ 80.237647137163975, 13.037978470863443 ] } },
{ "type": "Feature", "properties": { "Assessment_No": "CHN/136/00146", "Assessee": "Fathima Kumar", "Plinth_Area_SqFt": 748, "Usage": "R" }, "geometry": { "type": "Point", "coordinates": [ 80.237533070139918, 13.03814401244218 ] } },
{ "type": "Feature", "properties": { "Assessment_No": "CHN/136/00147", "Assessee": "Annamalai Sheikh", "Plinth_Area_SqFt": 2648, "Usage": "R" }, "geometry": { "type": "Point", "coordinates": [ 80.237941481808562, 13.037923029171038 ] } },
{ "type": "Feature", "properties": { "Assessment_No": "CHN/136/00148", "Assessee": "Venkatesh Reddy", "Plinth_Area_SqFt": 1942, "Usage": "Dwelling" }, "geometry": { "type": "Point", "coordinates": [ 80.236850495140061, 13.038360817618219 ] } },
{ "type": "Feature", "properties": { "Assessment_No": "CHN/136/00149", "Assessee": "Mohammed Sharma", "Plinth_Area_SqFt": 1292, "Usage": "R" }, "geometry": { "type": "Point", "coordinates": [ 80.237942321076417, 13.038869785980642 ] } },
{ "type": "Feature", "properties": { "Assessment_No": "CHN/136/00150", "Assessee": "Krishnan Babu", "Plinth_Area_SqFt": 1575, "Usage": "Dwelling" }, "geometry": { "type": "Point", "coordinates": [ 80.237284622311307, 13.038361403366581 ] } },
{ "type": "Feature", "properties": { "Assessment_No": "CHN/136/00151", "Assessee": "Anitha Khan", "Plinth_Area_SqFt": 2688, "Usage": "Dwelling" }, "geometry": { "type": "Point", "coordinates": [ 80.234850729617833, 13.040170049765443 ] } },
{ "type": "Feature", "properties": { "Assessment_No": "CHN/136/00152", "Assessee": "Anitha Thevar", "Plinth_Area_SqFt": 2851, "Usage": "R" }, "geometry": { "type": "Point", "coordinates": [ 80.23803160102814, 13.038362712863346 ] } },
{ "type": "Feature", "properties": { "Assessment_No": "CHN/136/00153", "Assessee": "RAMESH PILLAI", "Plinth_Area_SqFt": 1713, "Usage": "M" }, "geometry": { "type": "Point", "coordinates": [ 80.237094732958283, 13.038794750177395 ] } },
{ "type": "Feature", "properties": { "Assessment_No": "CHN/136/00154", "Assessee": "Shetty Deepak", "Plinth_Area_SqFt": 1919, "Usage": "Mixed" }, "geometry": { "type": "Point", "coordinates": [ 80.237504782450401, 13.038794516213606 ] } },
{ "type": "Feature", "properties": { "Assessment_No": "CHN/136/00155", "Assessee": "Mohammed Raman", "Plinth_Area_SqFt": 2596, "Usage": "R" }, "geometry": { "type": "Point", "coordinates": [ 80.235178366971823, 13.039730405109244 ] } },
{ "type": "Feature", "properties": { "Assessment_No": "CHN/136/00156", "Assessee": "Anitha Rao", "Plinth_Area_SqFt": 997, "Usage": "R" }, "geometry": { "type": "Point", "coordinates": [ 80.235200441892843, 13.039910794520098 ] } },
{ "type": "Feature", "properties": { "Assessment_No": "CHN/136/00157", "Assessee": "Suresh Shetty", "Plinth_Area_SqFt": 1675, "Usage": "Mixed" }, "geometry": { "type": "Point", "coordinates": [ 80.234810449008407, 13.039466853346463 ] } },
{ "type": "Feature", "properties": { "Assessment_No": "CHN/136/00158", "Assessee": "Kanann Iyer", "Plinth_Area_SqFt": 2426, "Usage": "Dwelling" }, "geometry": { "type": "Point", "coordinates": [ 80.237992327892641, 13.038072964193546 ] } },
{ "type": "Feature", "properties": { "Assessment_No": "CHN/136/00159", "Assessee": "RAMASAMY IYER", "Plinth_Area_SqFt": 766, "Usage": "R" }, "geometry": { "type": "Point", "coordinates": [ 80.237041720484115, 13.038539156186882 ] } },
{ "type": "Feature", "properties": { "Assessment_No": "CHN/136/00160", "Assessee": "Vijayalakshmi Iyer", "Plinth_Area_SqFt": 5643, "Usage": "R" }, "geometry": { "type": "Point", "coordinates": [ 80.234458433454805, 13.039890354450359 ] } },
{ "type": "Feature", "properties": { "Assessment_No": "CHN/136/00161", "Assessee": "Meenakshi Gounder", "Plinth_Area_SqFt": 2328, "Usage": "Dwelling" }, "geometry": { "type": "Point", "coordinates": [ 80.234698134718286, 13.039425528389391 ] } },
{ "type": "Feature", "properties": { "Assessment_No": "CHN/136/00162", "Assessee": "Abdul Chettiar", "Plinth_Area_SqFt": 2801, "Usage": "Dwelling" }, "geometry": { "type": "Point", "coordinates": [ 80.235685698399138, 13.039941597706504 ] } },
{ "type": "Feature", "properties": { "Assessment_No": "CHN/136/00163", "Assessee": "Arun Khan", "Plinth_Area_SqFt": 2567, "Usage": "R" }, "geometry": { "type": "Point", "coordinates": [ 80.237832764352589, 13.037998707674221 ] } },
{ "type": "Feature", "properties": { "Assessment_No": "CHN/136/00164", "Assessee": "Meenakshi Iyer", "Plinth_Area_SqFt": 2837, "Usage": "Shop" }, "geometry": { "type": "Point", "coordinates": [ 80.234373077294578, 13.040104029878576 ] } },
{ "type": "Feature", "properties": { "Assessment_No": "CHN/136/00165", "Assessee": "Thiruvengadam Khan", "Plinth_Area_SqFt": 5221, "Usage": "Dwelling" }, "geometry": { "type": "Point", "coordinates": [ 80.235551288264276, 13.039971945514271 ] } },
{ "type": "Feature", "properties": { "Assessment_No": "CHN/136/00166", "Assessee": "Lakshmi Reddy", "Plinth_Area_SqFt": 1514, "Usage": "R" }, "geometry": { "type": "Point", "coordinates": [ 80.237291546840964, 13.038604418933113 ] } },
{ "type": "Feature", "properties": { "Assessment_No": "CHN/136/00167", "Assessee": "Laksmi Menon", "Plinth_Area_SqFt": 695, "Usage": "Shop" }, "geometry": { "type": "Point", "coordinates": [ 80.237108879417349, 13.038380499870359 ] } },
{ "type": "Feature", "properties": { "Assessment_No": "CHN/136/00168", "Assessee": "Shetty, Chandrasekar", "Plinth_Area_SqFt": 1507, "Usage": "Shop" }, "geometry": { "type": "Point", "coordinates": [ 80.236884200646244, 13.038659783903706 ] } },
{ "type": "Feature", "properties": { "Assessment_No": "CHN/136/00169", "Assessee": "Ramesh Rao", "Plinth_Area_SqFt": 1677, "Usage": "Shop" }, "geometry": { "type": "Point", "coordinates": [ 80.2378234176565, 13.038168555653741 ] } },
{ "type": "Feature", "properties": { "Assessment_No": "CHN/136/00170", "Assessee": "Raman Janaki", "Plinth_Area_SqFt": 2732, "Usage": "Dwelling" }, "geometry": { "type": "Point", "coordinates": [ 80.237379735519752, 13.038761275873243 ] } },
{ "type": "Feature", "properties": { "Assessment_No": "CHN/136/00171", "Assessee": "Vijayalakshmi Menon", "Plinth_Area_SqFt": 2805, "Usage": "R" }, "geometry": { "type": "Point", "coordinates": [ 80.23484720686443, 13.039960122357625 ] } },
{ "type": "Feature", "properties": { "Assessment_No": "CHN/136/00172", "Assessee": "Subramanian Sheikh", "Plinth_Area_SqFt": 2688, "Usage": "R" }, "geometry": { "type": "Point", "coordinates": [ 80.235060838956457, 13.039919655724649 ] } },
{ "type": "Feature", "properties": { "Assessment_No": "CHN/136/00173", "Assessee": "Reddy, Meenakshi", "Plinth_Area_SqFt": 1332, "Usage": "Mixed" }, "geometry": { "type": "Point", "coordinates": [ 80.23769737331213, 13.03867898424522 ] } },
{ "type": "Feature", "properties": { "Assessment_No": "CHN/136/00174", "Assessee": "Fathima Khan", "Plinth_Area_SqFt": 2548, "Usage": "Dwelling" }, "geometry": { "type": "Point", "coordinates": [ 80.23792360966776, 13.038710239391943 ] } },
{ "type": "Feature", "properties": { "Assessment_No": "CHN/136/00175", "Assessee": "Parvathi Iyer", "Plinth_Area_SqFt": 1771, "Usage": "Dwelling" }, "geometry": { "type": "Point", "coordinates": [ 80.236910575453265, 13.038894020609286 ] } },
{ "type": "Feature", "properties": { "Assessment_No": "CHN/136/00176", "Assessee": "Meenakshi Raman", "Plinth_Area_SqFt": 5961, "Usage": "C" }, "geometry": { "type": "Point", "coordinates": [ 80.234662482388771, 13.039577931905587 ] } },
{ "type": "Feature", "properties": { "Assessment_No": "CHN/136/00177", "Assessee": "Sundaram Das", "Plinth_Area_SqFt": 1943, "Usage": "C" }, "geometry": { "type": "Point", "coordinates": [ 80.237993119142928, 13.039142249045168 ] } },
{ "type": "Feature", "properties": { "Assessment_No": "CHN/136/00178", "Assessee": "Deepak Murthy", "Plinth_Area_SqFt": 2822, "Usage": "Shop" }, "geometry": { "type": "Point", "coordinates": [ 80.234873391869556, 13.040061240892564 ] } },
{ "type": "Feature", "properties": { "Assessment_No": "CHN/136/00179", "Assessee": "Krishnan Naidu", "Plinth_Area_SqFt": 1542, "Usage": "C" }, "geometry": { "type": "Point", "coordinates": [ 80.235130877392052, 13.040095310427795 ] } },
{ "type": "Feature", "properties": { "Assessment_No": "CHN/136/00180", "Assessee": "Ramesh Mudaliar", "Plinth_Area_SqFt": 3262, "Usage": "R" }, "geometry": { "type": "Point", "coordinates": [ 80.237504080407831, 13.038615975984134 ] } },
{ "type": "Feature", "properties": { "Assessment_No": "CHN/136/00181", "Assessee": "Saraswathi Pillai", "Plinth_Area_SqFt": 2153, "Usage": "M" }, "geometry": { "type": "Point", "coordinates": [ 80.235383423533591, 13.03973932437084 ] } },
{ "type": "Feature", "properties": { "Assessment_No": "CHN/136/00182", "Assessee": "Lakshmi Babu", "Plinth_Area_SqFt": 4001, "Usage": "Shop" }, "geometry": { "type": "Point", "coordinates": [ 80.234544848524109, 13.039707523020745 ] } },
{ "type": "Feature", "properties": { "Assessment_No": "CHN/136/00183", "Assessee": "Thiruvengadam Mudaliar", "Plinth_Area_SqFt": 3893, "Usage": "C" }, "geometry": { "type": "Point", "coordinates": [ 80.237498394052068, 13.03798360764198 ] } },
{ "type": "Feature", "properties": { "Assessment_No": "CHN/136/00184", "Assessee": "Janaki Murthy", "Plinth_Area_SqFt": 2426, "Usage": "Dwelling" }, "geometry": { "type": "Point", "coordinates": [ 80.233395579618474, 13.038543317579979 ] } },
{ "type": "Feature", "properties": { "Assessment_No": "CHN/136/00185", "Assessee": "Thiruvengadam Pillai", "Plinth_Area_SqFt": 2022, "Usage": "R" }, "geometry": { "type": "Point", "coordinates": [ 80.233040869007922, 13.03858832321078 ] } },
{ "type": "Feature", "properties": { "Assessment_No": "CHN/136/00186", "Assessee": "Suresh Babu", "Plinth_Area_SqFt": 2453, "Usage": "Dwelling" }, "geometry": { "type": "Point", "coordinates": [ 80.2332110937881, 13.0386003424354 ] } },
{ "type": "Feature", "properties": { "Assessment_No": "CHN/136/00187", "Assessee": "Sundaram Reddy", "Plinth_Area_SqFt": 1580, "Usage": "R" }, "geometry": { "type": "Point", "coordinates": [ 80.233067628268671, 13.038724020496458 ] } },
{ "type": "Feature", "properties": { "Assessment_No": "CHN/136/00188", "Assessee": "Chandrasekar Khan", "Plinth_Area_SqFt": 1149, "Usage": "Dwelling" }, "geometry": { "type": "Point", "coordinates": [ 80.233838939656849, 13.038651577002314 ] } },
{ "type": "Feature", "properties": { "Assessment_No": "CHN/136/00189", "Assessee": "Parvathi Sheikh", "Plinth_Area_SqFt": 3863, "Usage": "Dwelling" }, "geometry": { "type": "Point", "coordinates": [ 80.232966994327342, 13.039898828006905 ] } },
{ "type": "Feature", "properties": { "Assessment_No": "CHN/136/00190", "Assessee": "Meenakshi Sheikh", "Plinth_Area_SqFt": 1053, "Usage": "M" }, "geometry": { "type": "Point", "coordinates": [ 80.234129688240515, 13.038166751185397 ] } },
{ "type": "Feature", "properties": { "Assessment_No": "CHN/136/00191", "Assessee": "Rahim Naidu", "Plinth_Area_SqFt": 1371, "Usage": "M" }, "geometry": { "type": "Point", "coordinates": [ 80.233735569421924, 13.038285644405159 ] } },
{ "type": "Feature", "properties": { "Assessment_No": "CHN/136/00192", "Assessee": "V. Menon", "Plinth_Area_SqFt": 3717, "Usage": "R" }, "geometry": { "type": "Point", "coordinates": [ 80.23400089088581, 13.038703909063406 ] } },
{ "type": "Feature", "properties": { "Assessment_No": "CHN/136/00193", "Assessee": "Muthsuamy Sheikh", "Plinth_Area_SqFt": 1490, "Usage": "C" }, "geometry": { "type": "Point", "coordinates": [ 80.23308345116601, 13.038132659441438 ] } },
{ "type": "Feature", "properties": { "Assessment_No": "CHN/136/00194", "Assessee": "Deepak Raman", "Plinth_Area_SqFt": 1301, "Usage": "Dwelling" }, "geometry": { "type": "Point", "coordinates": [ 80.233534891904867, 13.038825120661009 ] } },
{ "type": "Feature", "properties": { "Assessment_No": "CHN/136/00195", "Assessee": "Mohammed Raman", "Plinth_Area_SqFt": 1786, "Usage": "Dwelling" }, "geometry": { "type": "Point", "coordinates": [ 80.233884387395506, 13.039073516257423 ] } },
{ "type": "Feature", "properties": { "Assessment_No": "CHN/136/00196", "Assessee": "Mudaliar, Selvaraj", "Plinth_Area_SqFt": 1425, "Usage": "C" }, "geometry": { "type": "Point", "coordinates": [ 80.232959883246878, 13.038151311096119 ] } },
{ "type": "Feature", "properties": { "Assessment_No": "CHN/136/00197", "Assessee": "Venkatesh Thevar", "Plinth_Area_SqFt": 1431, "Usage": "Dwelling" }, "geometry": { "type": "Point", "coordinates": [ 80.233903529236912, 13.038325537050671 ] } },
{ "type": "Feature", "properties": { "Assessment_No": "CHN/136/00198", "Assessee": "Thiruvengadam Murthy", "Plinth_Area_SqFt": 2846, "Usage": "Dwelling" }, "geometry": { "type": "Point", "coordinates": [ 80.233532978138285, 13.039077977936627 ] } },
{ "type": "Feature", "properties": { "Assessment_No": "CHN/136/00199", "Assessee": "Vijayalakshmi Murthy", "Plinth_Area_SqFt": 2812, "Usage": "Shop" }, "geometry": { "type": "Point", "coordinates": [ 80.233872592186643, 13.038864418589363 ] } },
{ "type": "Feature", "properties": { "Assessment_No": "CHN/136/00200", "Assessee": "Saraswathi Reddy", "Plinth_Area_SqFt": 685, "Usage": "Dwelling" }, "geometry": { "type": "Point", "coordinates": [ 80.23332074686509, 13.038849969422735 ] } },
{ "type": "Feature", "properties": { "Assessment_No": "CHN/136/00201", "Assessee": "Selvaraj Iyer", "Plinth_Area_SqFt": 1436, "Usage": "C" }, "geometry": { "type": "Point", "coordinates": [ 80.234045339384579, 13.038322152770618 ] } },
{ "type": "Feature", "properties": { "Assessment_No": "CHN/136/00202", "Assessee": "SundaramM enon", "Plinth_Area_SqFt": 5691, "Usage": "C" }, "geometry": { "type": "Point", "coordinates": [ 80.233198371933469, 13.040183809010571 ] } },
{ "type": "Feature", "properties": { "Assessment_No": "CHN/136/00203", "Assessee": "Chettiar, Janaki", "Plinth_Area_SqFt": 762, "Usage": "R" }, "geometry": { "type": "Point", "coordinates": [ 80.233331869097142, 13.038913627081442 ] } },
{ "type": "Feature", "properties": { "Assessment_No": "CHN/136/00204", "Assessee": "Saraswathi Khan", "Plinth_Area_SqFt": 2200, "Usage": "R" }, "geometry": { "type": "Point", "coordinates": [ 80.234227049444883, 13.038673390055118 ] } },
{ "type": "Feature", "properties": { "Assessment_No": "CHN/136/00205", "Assessee": "Gopalakrishnan Shetty", "Plinth_Area_SqFt": 2506, "Usage": "M" }, "geometry": { "type": "Point", "coordinates": [ 80.233483796309685, 13.038043988417922 ] } },
{ "type": "Feature", "properties": { "Assessment_No": "CHN/136/00206", "Assessee": "Anitha Nair", "Plinth_Area_SqFt": 2979, "Usage": "R" }, "geometry": { "type": "Point", "coordinates": [ 80.233646748344768, 13.040198005093457 ] } },
{ "type": "Feature", "properties": { "Assessment_No": "CHN/136/00207", "Assessee": "SARASWATHI GOUNDER", "Plinth_Area_SqFt": 1650, "Usage": "R" }, "geometry": { "type": "Point", "coordinates": [ 80.233397578003576, 13.038282168104566 ] } },
{ "type": "Feature", "properties": { "Assessment_No": "CHN/136/00208", "Assessee": "Kumar, Anitha", "Plinth_Area_SqFt": 2165, "Usage": "Dwelling" }, "geometry": { "type": "Point", "coordinates": [ 80.233361773129445, 13.038406980784607 ] } },
{ "type": "Feature", "properties": { "Assessment_No": "CHN/136/00209", "Assessee": "Chandrasekar Pillai", "Plinth_Area_SqFt": 1691, "Usage": "Dwelling" }, "geometry": { "type": "Point", "coordinates": [ 80.233508425553566, 13.038684730966796 ] } },
{ "type": "Feature", "properties": { "Assessment_No": "CHN/136/00210", "Assessee": "Chandrasekar Nair", "Plinth_Area_SqFt": 2326, "Usage": "R" }, "geometry": { "type": "Point", "coordinates": [ 80.23323576623396, 13.038734141887359 ] } },
{ "type": "Feature", "properties": { "Assessment_No": "CHN/136/00211", "Assessee": "Ramesh Pillai", "Plinth_Area_SqFt": 5451, "Usage": "Dwelling" }, "geometry": { "type": "Point", "coordinates": [ 80.233377774464202, 13.040088670589585 ] } },
{ "type": "Feature", "properties": { "Assessment_No": "CHN/136/00212", "Assessee": "Ramasamy Menon", "Plinth_Area_SqFt": 1542, "Usage": "Shop" }, "geometry": { "type": "Point", "coordinates": [ 80.234165888095262, 13.038353606550027 ] } },
{ "type": "Feature", "properties": { "Assessment_No": "CHN/136/00213", "Assessee": "Raman Mohammed", "Plinth_Area_SqFt": 1787, "Usage": "M" }, "geometry": { "type": "Point", "coordinates": [ 80.233773490538127, 13.03844684286957 ] } },
{ "type": "Feature", "properties": { "Assessment_No": "CHN/136/00214", "Assessee": "THIRUVENGADAM NAIR", "Plinth_Area_SqFt": 1815, "Usage": "R" }, "geometry": { "type": "Point", "coordinates": [ 80.234190047068509, 13.038519241341595 ] } },
{ "type": "Feature", "properties": { "Assessment_No": "CHN/136/00215", "Assessee": "Abdul Chettiar", "Plinth_Area_SqFt": 1789, "Usage": "C" }, "geometry": { "type": "Point", "coordinates": [ 80.233410433260445, 13.038677051978818 ] } },
{ "type": "Feature", "properties": { "Assessment_No": "CHN/136/00216", "Assessee": "S. Mudaliar", "Plinth_Area_SqFt": 11461, "Usage": "Shop" }, "geometry": { "type": "Point", "coordinates": [ 80.233790823927208, 13.039918075653402 ] } },
{ "type": "Feature", "properties": { "Assessment_No": "CHN/136/00217", "Assessee": "Ramesh Kumar", "Plinth_Area_SqFt": 16493, "Usage": "Dwelling" }, "geometry": { "type": "Point", "coordinates": [ 80.234107062791111, 13.040696756157695 ] } },
{ "type": "Feature", "properties": { "Assessment_No": "CHN/136/00218", "Assessee": "Chandrasekar Naidu", "Plinth_Area_SqFt": 2751, "Usage": "R" }, "geometry": { "type": "Point", "coordinates": [ 80.233720047790328, 13.039695907854055 ] } },
{ "type": "Feature", "properties": { "Assessment_No": "CHN/136/00219", "Assessee": "Selvaraj Babu", "Plinth_Area_SqFt": 6700, "Usage": "Shop" }, "geometry": { "type": "Point", "coordinates": [ 80.233054838590476, 13.042409281401177 ] } },
{ "type": "Feature", "properties": { "Assessment_No": "CHN/136/00220", "Assessee": "Rahim hKan", "Plinth_Area_SqFt": 2693, "Usage": "C" }, "geometry": { "type": "Point", "coordinates": [ 80.233535410341801, 13.042647719470954 ] } },
{ "type": "Feature", "properties": { "Assessment_No": "CHN/136/00221", "Assessee": "Saraswathi Naidu", "Plinth_Area_SqFt": 7433, "Usage": "R" }, "geometry": { "type": "Point", "coordinates": [ 80.233480205262339, 13.042331375981268 ] } },
{ "type": "Feature", "properties": { "Assessment_No": "CHN/136/00222", "Assessee": "Ramasamy Babu", "Plinth_Area_SqFt": 2021, "Usage": "M" }, "geometry": { "type": "Point", "coordinates": [ 80.233442869349759, 13.039500994921035 ] } },
{ "type": "Feature", "properties": { "Assessment_No": "CHN/136/00223", "Assessee": "Deepak Pillai", "Plinth_Area_SqFt": 2939, "Usage": "R" }, "geometry": { "type": "Point", "coordinates": [ 80.233395817277852, 13.042627371593282 ] } },
{ "type": "Feature", "properties": { "Assessment_No": "CHN/136/00224", "Assessee": "Rajeshwari Pillai", "Plinth_Area_SqFt": 3248, "Usage": "Dwelling" }, "geometry": { "type": "Point", "coordinates": [ 80.233670531344117, 13.039469140040438 ] } },
{ "type": "Feature", "properties": { "Assessment_No": "CHN/136/00225", "Assessee": "Ramesh Pillai", "Plinth_Area_SqFt": 2722, "Usage": "M" }, "geometry": { "type": "Point", "coordinates": [ 80.233042096685608, 13.042683349460374 ] } },
{ "type": "Feature", "properties": { "Assessment_No": "CHN/136/00226", "Assessee": "Janaki Naidu", "Plinth_Area_SqFt": 2938, "Usage": "Shop" }, "geometry": { "type": "Point", "coordinates": [ 80.23326238363434, 13.039557852667901 ] } },
{ "type": "Feature", "properties": { "Assessment_No": "CHN/136/00227", "Assessee": "F. Shetty", "Plinth_Area_SqFt": 8197, "Usage": "C" }, "geometry": { "type": "Point", "coordinates": [ 80.233759433397452, 13.04227484119872 ] } },
{ "type": "Feature", "properties": { "Assessment_No": "CHN/136/00228", "Assessee": "Abdul Gounder", "Plinth_Area_SqFt": 6149, "Usage": "Shop" }, "geometry": { "type": "Point", "coordinates": [ 80.236289659899526, 13.04233802844592 ] } },
{ "type": "Feature", "properties": { "Assessment_No": "CHN/136/00229", "Assessee": "Ramesh Mudaliar", "Plinth_Area_SqFt": 6470, "Usage": "Shop" }, "geometry": { "type": "Point", "coordinates": [ 80.237759467665384, 13.042482977091179 ] } },
{ "type": "Feature", "properties": { "Assessment_No": "CHN/136/00230", "Assessee": "Fathima Raman", "Plinth_Area_SqFt": 2693, "Usage": "Dwelling" }, "geometry": { "type": "Point", "coordinates": [ 80.237266606686347, 13.042140807516869 ] } },
{ "type": "Feature", "properties": { "Assessment_No": "CHN/136/00231", "Assessee": "Sundaram Sheikh", "Plinth_Area_SqFt": 2306, "Usage": "Mixed" }, "geometry": { "type": "Point", "coordinates": [ 80.236573089906898, 13.042682933149097 ] } },
{ "type": "Feature", "properties": { "Assessment_No": "CHN/136/00232", "Assessee": "Ramesh Reddy", "Plinth_Area_SqFt": 976, "Usage": "Shop" }, "geometry": { "type": "Point", "coordinates": [ 80.236859126049694, 13.042049641864628 ] } },
{ "type": "Feature", "properties": { "Assessment_No": "CHN/136/00233", "Assessee": "Krishnan Sharma", "Plinth_Area_SqFt": 5160, "Usage": "C" }, "geometry": { "type": "Point", "coordinates": [ 80.237443427805005, 13.042106633712352 ] } },
{ "type": "Feature", "properties": { "Assessment_No": "CHN/136/00234", "Assessee": "Murthy Ramasamy", "Plinth_Area_SqFt": 5797, "Usage": "Shop" }, "geometry": { "type": "Point", "coordinates": [ 80.237019667073326, 13.0422143356395 ] } },
{ "type": "Feature", "properties": { "Assessment_No": "CHN/136/00235", "Assessee": "Anitha Nair", "Plinth_Area_SqFt": 1583, "Usage": "R" }, "geometry": { "type": "Point", "coordinates": [ 80.237106943089728, 13.042441245365138 ] } },
{ "type": "Feature", "properties": { "Assessment_No": "CHN/136/00236", "Assessee": "THIRUVENGADAM THEVAR", "Plinth_Area_SqFt": 1770, "Usage": "Mixed" }, "geometry": { "type": "Point", "coordinates": [ 80.237547802282407, 13.04278962274762 ] } },
{ "type": "Feature", "properties": { "Assessment_No": "CHN/136/00237", "Assessee": "Vijayalakshmi Naidu", "Plinth_Area_SqFt": 2816, "Usage": "Shop" }, "geometry": { "type": "Point", "coordinates": [ 80.23729272211358, 13.042491517779464 ] } },
{ "type": "Feature", "properties": { "Assessment_No": "CHN/136/00238", "Assessee": "Thevar, Janaki", "Plinth_Area_SqFt": 1606, "Usage": "Mixed" }, "geometry": { "type": "Point", "coordinates": [ 80.237439096980054, 13.042910407349014 ] } },
{ "type": "Feature", "properties": { "Assessment_No": "CHN/136/00239", "Assessee": "Venkatesh Babu", "Plinth_Area_SqFt": 2164, "Usage": "C" }, "geometry": { "type": "Point", "coordinates": [ 80.237440370261368, 13.042497447628026 ] } },
{ "type": "Feature", "properties": { "Assessment_No": "CHN/136/00240", "Assessee": "Ramesh Menon", "Plinth_Area_SqFt": 1689, "Usage": "Dwelling" }, "geometry": { "type": "Point", "coordinates": [ 80.23793503667693, 13.041990619446425 ] } },
{ "type": "Feature", "properties": { "Assessment_No": "CHN/136/00241", "Assessee": "Selvaraj Nair", "Plinth_Area_SqFt": 3752, "Usage": "R" }, "geometry": { "type": "Point", "coordinates": [ 80.237407583221312, 13.042688894790896 ] } },
{ "type": "Feature", "properties": { "Assessment_No": "CHN/136/00242", "Assessee": "Abdul Naidu", "Plinth_Area_SqFt": 4224, "Usage": "Dwelling" }, "geometry": { "type": "Point", "coordinates": [ 80.238077047413782, 13.041996251894993 ] } },
{ "type": "Feature", "properties": { "Assessment_No": "CHN/136/00243", "Assessee": "Subramanian Rao", "Plinth_Area_SqFt": 3360, "Usage": "Dwelling" }, "geometry": { "type": "Point", "coordinates": [ 80.237153072318932, 13.043043914423439 ] } },
{ "type": "Feature", "properties": { "Assessment_No": "CHN/136/00244", "Assessee": "Priya Babu", "Plinth_Area_SqFt": 1143, "Usage": "Dwelling" }, "geometry": { "type": "Point", "coordinates": [ 80.236730324905707, 13.042128105968864 ] } },
{ "type": "Feature", "properties": { "Assessment_No": "CHN/136/00245", "Assessee": "Suresh Reddy", "Plinth_Area_SqFt": 3623, "Usage": "Shop" }, "geometry": { "type": "Point", "coordinates": [ 80.237966487225492, 13.042418337385836 ] } },
{ "type": "Feature", "properties": { "Assessment_No": "CHN/136/00246", "Assessee": "Kannan Gooonder", "Plinth_Area_SqFt": 3396, "Usage": "C" }, "geometry": { "type": "Point", "coordinates": [ 80.236707665464877, 13.042493399570516 ] } },
{ "type": "Feature", "properties": { "Assessment_No": "CHN/136/00247", "Assessee": "Fathima Rao", "Plinth_Area_SqFt": 669, "Usage": "Dwelling" }, "geometry": { "type": "Point", "coordinates": [ 80.236439713255635, 13.042595194284546 ] } },
{ "type": "Feature", "properties": { "Assessment_No": "CHN/136/00248", "Assessee": "Thevar, Subramanian", "Plinth_Area_SqFt": 1727, "Usage": "Shop" }, "geometry": { "type": "Point", "coordinates": [ 80.23673597589692, 13.042175453051883 ] } },
{ "type": "Feature", "properties": { "Assessment_No": "CHN/136/00249", "Assessee": "Janaki Murthy", "Plinth_Area_SqFt": 626, "Usage": "C" }, "geometry": { "type": "Point", "coordinates": [ 80.236554364506617, 13.042430705222184 ] } },
{ "type": "Feature", "properties": { "Assessment_No": "CHN/136/00250", "Assessee": "Antiha Reddy", "Plinth_Area_SqFt": 1503, "Usage": "R" }, "geometry": { "type": "Point", "coordinates": [ 80.237037966955839, 13.042003199206558 ] } },
{ "type": "Feature", "properties": { "Assessment_No": "CHN/136/00251", "Assessee": "MuthusamyB abu", "Plinth_Area_SqFt": 3553, "Usage": "R" }, "geometry": { "type": "Point", "coordinates": [ 80.236549803504232, 13.042257046414955 ] } },
{ "type": "Feature", "properties": { "Assessment_No": "CHN/136/00252", "Assessee": "Lakshmi Thevar", "Plinth_Area_SqFt": 1700, "Usage": "R" }, "geometry": { "type": "Point", "coordinates": [ 80.236715866438189, 13.04279024191089 ] } },
{ "type": "Feature", "properties": { "Assessment_No": "CHN/136/00253", "Assessee": "Subramanian Iyer", "Plinth_Area_SqFt": 3155, "Usage": "Dwelling" }, "geometry": { "type": "Point", "coordinates": [ 80.236839106732518, 13.042886903581929 ] } },
{ "type": "Feature", "properties": { "Assessment_No": "CHN/136/00254", "Assessee": "Rahim Raman", "Plinth_Area_SqFt": 6449, "Usage": "Dwelling" }, "geometry": { "type": "Point", "coordinates": [ 80.235000378649758, 13.038016351433424 ] } },
{ "type": "Feature", "properties": { "Assessment_No": "CHN/136/00255", "Assessee": "Venkatesh Babu", "Plinth_Area_SqFt": 5533, "Usage": "M" }, "geometry": { "type": "Point", "coordinates": [ 80.235084377675634, 13.03915119644663 ] } },
{ "type": "Feature", "properties": { "Assessment_No": "CHN/136/00256", "Assessee": "Gopalakrishnan Nair", "Plinth_Area_SqFt": 6784, "Usage": "Shop" }, "geometry": { "type": "Point", "coordinates": [ 80.236563758873473, 13.038787515201491 ] } },
{ "type": "Feature", "properties": { "Assessment_No": "CHN/136/00257", "Assessee": "Thiruvengadam Sheikh", "Plinth_Area_SqFt": 2336, "Usage": "M" }, "geometry": { "type": "Point", "coordinates": [ 80.235846853061844, 13.039056929065691 ] } },
{ "type": "Feature", "properties": { "Assessment_No": "CHN/136/00258", "Assessee": "Ramasamy Reddy", "Plinth_Area_SqFt": 1932, "Usage": "Dwelling" }, "geometry": { "type": "Point", "coordinates": [ 80.235469721447615, 13.039041897982729 ] } },
{ "type": "Feature", "properties": { "Assessment_No": "CHN/136/00259", "Assessee": "Chandrasekar Babu", "Plinth_Area_SqFt": 896, "Usage": "R" }, "geometry": { "type": "Point", "coordinates": [ 80.236207142643565, 13.038533568865862 ] } },
{ "type": "Feature", "properties": { "Assessment_No": "CHN/136/00260", "Assessee": "Thiroovengadam Thevar", "Plinth_Area_SqFt": 7371, "Usage": "Dwelling" }, "geometry": { "type": "Point", "coordinates": [ 80.235435775753828, 13.038557824780311 ] } },
{ "type": "Feature", "properties": { "Assessment_No": "CHN/136/00261", "Assessee": "SubramanianS harma", "Plinth_Area_SqFt": 1373, "Usage": "R" }, "geometry": { "type": "Point", "coordinates": [ 80.234460788348812, 13.038526638902569 ] } },
{ "type": "Feature", "properties": { "Assessment_No": "CHN/136/00262", "Assessee": "Saraswathi Nair", "Plinth_Area_SqFt": 2005, "Usage": "R" }, "geometry": { "type": "Point", "coordinates": [ 80.235526454373712, 13.038838772593898 ] } },
{ "type": "Feature", "properties": { "Assessment_No": "CHN/136/00263", "Assessee": "Selvaraj Sharma", "Plinth_Area_SqFt": 2008, "Usage": "Dwelling" }, "geometry": { "type": "Point", "coordinates": [ 80.234407650987123, 13.038040503115607 ] } },
{ "type": "Feature", "properties": { "Assessment_No": "CHN/136/00264", "Assessee": "Selvaraj Raman", "Plinth_Area_SqFt": 2357, "Usage": "M" }, "geometry": { "type": "Point", "coordinates": [ 80.235335175926537, 13.038763396036785 ] } },
{ "type": "Feature", "properties": { "Assessment_No": "CHN/136/00265", "Assessee": "Annamalai Rao", "Plinth_Area_SqFt": 1768, "Usage": "Mixed" }, "geometry": { "type": "Point", "coordinates": [ 80.236377213409952, 13.038647784235408 ] } },
{ "type": "Feature", "properties": { "Assessment_No": "CHN/136/00266", "Assessee": "Nair, Lakshmi", "Plinth_Area_SqFt": 2775, "Usage": "Dwelling" }, "geometry": { "type": "Point", "coordinates": [ 80.234576056098732, 13.037968138185423 ] } },
{ "type": "Feature", "properties": { "Assessment_No": "CHN/136/00267", "Assessee": "Aru nRao", "Plinth_Area_SqFt": 434, "Usage": "Dwelling" }, "geometry": { "type": "Point", "coordinates": [ 80.236492265199615, 13.038553104976783 ] } },
{ "type": "Feature", "properties": { "Assessment_No": "CHN/136/00268", "Assessee": "Krishnan Thevar", "Plinth_Area_SqFt": 2664, "Usage": "Dwelling" }, "geometry": { "type": "Point", "coordinates": [ 80.23472155273447, 13.037942239057582 ] } },
{ "type": "Feature", "properties": { "Assessment_No": "CHN/136/00269", "Assessee": "Rahim Nair", "Plinth_Area_SqFt": 1481, "Usage": "Dwelling" }, "geometry": { "type": "Point", "coordinates": [ 80.236368227265729, 13.038468142755304 ] } },
{ "type": "Feature", "properties": { "Assessment_No": "CHN/136/00270", "Assessee": "Krishnan Raman", "Plinth_Area_SqFt": 1928, "Usage": "M" }, "geometry": { "type": "Point", "coordinates": [ 80.235375112984485, 13.03897946197316 ] } },
{ "type": "Feature", "properties": { "Assessment_No": "CHN/136/00271", "Assessee": "Meenakshi Shetty", "Plinth_Area_SqFt": 1361, "Usage": "Dwelling" }, "geometry": { "type": "Point", "coordinates": [ 80.236301617672083, 13.038403216257251 ] } },
{ "type": "Feature", "properties": { "Assessment_No": "CHN/136/00272", "Assessee": "Selvaraj Nair", "Plinth_Area_SqFt": 2451, "Usage": "C" }, "geometry": { "type": "Point", "coordinates": [ 80.235183669678563, 13.038891761647681 ] } },
{ "type": "Feature", "properties": { "Assessment_No": "CHN/136/00273", "Assessee": "RahimP illai", "Plinth_Area_SqFt": 1511, "Usage": "Dwelling" }, "geometry": { "type": "Point", "coordinates": [ 80.235733214773632, 13.038437937185353 ] } },
{ "type": "Feature", "properties": { "Assessment_No": "CHN/136/00274", "Assessee": "Babu, Krishnan", "Plinth_Area_SqFt": 1669, "Usage": "C" }, "geometry": { "type": "Point", "coordinates": [ 80.234456382389808, 13.038393100736418 ] } },
{ "type": "Feature", "properties": { "Assessment_No": "CHN/136/00275", "Assessee": "Deepak Das", "Plinth_Area_SqFt": 2190, "Usage": "Dwelling" }, "geometry": { "type": "Point", "coordinates": [ 80.23587492259621, 13.038250292743834 ] } },
{ "type": "Feature", "properties": { "Assessment_No": "CHN/136/00276", "Assessee": "Abdul Menon", "Plinth_Area_SqFt": 9327, "Usage": "C" }, "geometry": { "type": "Point", "coordinates": [ 80.234742788258259, 13.038277651123375 ] } },
{ "type": "Feature", "properties": { "Assessment_No": "CHN/136/00277", "Assessee": "Deepak Raman", "Plinth_Area_SqFt": 2045, "Usage": "Dwelling" }, "geometry": { "type": "Point", "coordinates": [ 80.236023357101416, 13.038448920188005 ] } },
{ "type": "Feature", "properties": { "Assessment_No": "CHN/136/00278", "Assessee": "Parvathi Shetty", "Plinth_Area_SqFt": 3361, "Usage": "R" }, "geometry": { "type": "Point", "coordinates": [ 80.236002081052121, 13.038933047444079 ] } },
{ "type": "Feature", "properties": { "Assessment_No": "CHN/136/00279", "Assessee": "Meenakshi Pillai", "Plinth_Area_SqFt": 2333, "Usage": "Dwelling" }, "geometry": { "type": "Point", "coordinates": [ 80.235793502643688, 13.03874097566718 ] } },
{ "type": "Feature", "properties": { "Assessment_No": "CHN/136/00280", "Assessee": "VIJAYALAKSHMI NAIDU", "Plinth_Area_SqFt": 4204, "Usage": "Dwelling" }, "geometry": { "type": "Point", "coordinates": [ 80.234728710242962, 13.042354572518153 ] } },
{ "type": "Feature", "properties": { "Assessment_No": "CHN/136/00281", "Assessee": "MOHAMMED DAS", "Plinth_Area_SqFt": 2726, "Usage": "Dwelling" }, "geometry": { "type": "Point", "coordinates": [ 80.2345177123685, 13.042479184314777 ] } },
{ "type": "Feature", "properties": { "Assessment_No": "CHN/136/00282", "Assessee": "Janaki Sharma", "Plinth_Area_SqFt": 2474, "Usage": "R" }, "geometry": { "type": "Point", "coordinates": [ 80.234576484619851, 13.041676640198144 ] } },
{ "type": "Feature", "properties": { "Assessment_No": "CHN/136/00283", "Assessee": "Ramasamy Reddy", "Plinth_Area_SqFt": 2339, "Usage": "R" }, "geometry": { "type": "Point", "coordinates": [ 80.235831453860683, 13.042173428427075 ] } },
{ "type": "Feature", "properties": { "Assessment_No": "CHN/136/00284", "Assessee": "Priya Sharma", "Plinth_Area_SqFt": 2174, "Usage": "Shop" }, "geometry": { "type": "Point", "coordinates": [ 80.237211744839215, 13.041018290494227 ] } },
{ "type": "Feature", "properties": { "Assessment_No": "CHN/136/00285", "Assessee": "Deepak Babu", "Plinth_Area_SqFt": 2615, "Usage": "R" }, "geometry": { "type": "Point", "coordinates": [ 80.23557917306799, 13.042164368523217 ] } },
{ "type": "Feature", "properties": { "Assessment_No": "CHN/136/00286", "Assessee": "RameshR eddy", "Plinth_Area_SqFt": 3068, "Usage": "C" }, "geometry": { "type": "Point", "coordinates": [ 80.235327522750865, 13.04301781472738 ] } },
{ "type": "Feature", "properties": { "Assessment_No": "CHN/136/00287", "Assessee": "Shetty, Vijayalakshmi", "Plinth_Area_SqFt": 1311, "Usage": "C" }, "geometry": { "type": "Point", "coordinates": [ 80.23640894011848, 13.041164267191931 ] } },
{ "type": "Feature", "properties": { "Assessment_No": "CHN/136/00288", "Assessee": "Fathima Chettiar", "Plinth_Area_SqFt": 696, "Usage": "Dwelling" }, "geometry": { "type": "Point", "coordinates": [ 80.236775975040388, 13.041018477234511 ] } },
{ "type": "Feature", "properties": { "Assessment_No": "CHN/136/00289", "Assessee": "Babu Ramesh", "Plinth_Area_SqFt": 3530, "Usage": "R" }, "geometry": { "type": "Point", "coordinates": [ 80.237977420419085, 13.04089903550501 ] } },
{ "type": "Feature", "properties": { "Assessment_No": "CHN/136/00290", "Assessee": "Kumar Meenakshi", "Plinth_Area_SqFt": 2640, "Usage": "C" }, "geometry": { "type": "Point", "coordinates": [ 80.236977259223409, 13.041011223460838 ] } },
{ "type": "Feature", "properties": { "Assessment_No": "CHN/136/00291", "Assessee": "Saraswathi Iyer", "Plinth_Area_SqFt": 2829, "Usage": "Dwelling" }, "geometry": { "type": "Point", "coordinates": [ 80.235112249222041, 13.042785464184423 ] } },
{ "type": "Feature", "properties": { "Assessment_No": "CHN/136/00292", "Assessee": "Lakshmi Mudaliar", "Plinth_Area_SqFt": 3870, "Usage": "Mixed" }, "geometry": { "type": "Point", "coordinates": [ 80.235411725542178, 13.042836261307253 ] } },
{ "type": "Feature", "properties": { "Assessment_No": "CHN/136/00293", "Assessee": "Parvath iMudaliar", "Plinth_Area_SqFt": 3046, "Usage": "Dwelling" }, "geometry": { "type": "Point", "coordinates": [ 80.235991241882601, 13.042996787885857 ] } },
{ "type": "Feature", "properties": { "Assessment_No": "CHN/136/00294", "Assessee": "Vijayalakshmi tevar", "Plinth_Area_SqFt": 1682, "Usage": "C" }, "geometry": { "type": "Point", "coordinates": [ 80.234954173377233, 13.042402877107772 ] } },
{ "type": "Feature", "properties": { "Assessment_No": "CHN/136/00295", "Assessee": "Meenakshi Kumar", "Plinth_Area_SqFt": 791, "Usage": "Dwelling" }, "geometry": { "type": "Point", "coordinates": [ 80.236849407732677, 13.041006601319181 ] } },
{ "type": "Feature", "properties": { "Assessment_No": "CHN/136/00296", "Assessee": "Abdul Naidu", "Plinth_Area_SqFt": 3849, "Usage": "R" }, "geometry": { "type": "Point", "coordinates": [ 80.235389989908001, 13.042118515247447 ] } },
{ "type": "Feature", "properties": { "Assessment_No": "CHN/136/00297", "Assessee": "Das Priya", "Plinth_Area_SqFt": 1111, "Usage": "Shop" }, "geometry": { "type": "Point", "coordinates": [ 80.234396897462631, 13.04238935093975 ] } },
{ "type": "Feature", "properties": { "Assessment_No": "CHN/136/00298", "Assessee": "Kannan Murthy", "Plinth_Area_SqFt": 872, "Usage": "R" }, "geometry": { "type": "Point", "coordinates": [ 80.235522950302368, 13.042981967724037 ] } },
{ "type": "Feature", "properties": { "Assessment_No": "CHN/136/00299", "Assessee": "Meenakshi Shetty", "Plinth_Area_SqFt": 3900, "Usage": "R" }, "geometry": { "type": "Point", "coordinates": [ 80.234883733639251, 13.04172855694582 ] } },
{ "type": "Feature", "properties": { "Assessment_No": "CHN/136/00300", "Assessee": "Janaki Chettiar", "Plinth_Area_SqFt": 2852, "Usage": "R" }, "geometry": { "type": "Point", "coordinates": [ 80.23500383171428, 13.042882082340807 ] } },
{ "type": "Feature", "properties": { "Assessment_No": "CHN/136/00301", "Assessee": "MUTHUSAMY NAIR", "Plinth_Area_SqFt": 2311, "Usage": "Mixed" }, "geometry": { "type": "Point", "coordinates": [ 80.235187889712719, 13.041968142036129 ] } },
{ "type": "Feature", "properties": { "Assessment_No": "CHN/136/00302", "Assessee": "Janaki Reddy", "Plinth_Area_SqFt": 3520, "Usage": "Shop" }, "geometry": { "type": "Point", "coordinates": [ 80.236610215783784, 13.040217833512237 ] } },
{ "type": "Feature", "properties": { "Assessment_No": "CHN/136/00303", "Assessee": "Rajeshawri Pillai", "Plinth_Area_SqFt": 2942, "Usage": "R" }, "geometry": { "type": "Point", "coordinates": [ 80.236740238365002, 13.040214091070345 ] } },
{ "type": "Feature", "properties": { "Assessment_No": "CHN/136/00304", "Assessee": "Annamalai Iyer", "Plinth_Area_SqFt": 604, "Usage": "Dwelling" }, "geometry": { "type": "Point", "coordinates": [ 80.237609522108428, 13.039982130962551 ] } },
{ "type": "Feature", "properties": { "Assessment_No": "CHN/136/00305", "Assessee": "ARUN RAO", "Plinth_Area_SqFt": 4439, "Usage": "R" }, "geometry": { "type": "Point", "coordinates": [ 80.233415052214099, 13.04298850220062 ] } },
{ "type": "Feature", "properties": { "Assessment_No": "CHN/136/00306", "Assessee": "Ramesh Pillai", "Plinth_Area_SqFt": 2544, "Usage": "R" }, "geometry": { "type": "Point", "coordinates": [ 80.23756119026595, 13.04254101560281 ] } },
{ "type": "Feature", "properties": { "Assessment_No": "CHN/136/00307", "Assessee": "Chandrasekar Murthy", "Plinth_Area_SqFt": 1524, "Usage": "Dwelling" }, "geometry": { "type": "Point", "coordinates": [ 80.237623387935116, 13.042212105975793 ] } },
{ "type": "Feature", "properties": { "Assessment_No": "CHN/136/00308", "Assessee": "Gopalakrishnan Kumar", "Plinth_Area_SqFt": 2431, "Usage": "Dwelling" }, "geometry": { "type": "Point", "coordinates": [ 80.237566617592435, 13.040987424755556 ] } },
{ "type": "Feature", "properties": { "Assessment_No": "CHN/136/00309", "Assessee": "Priya Reddy", "Plinth_Area_SqFt": 2387, "Usage": "Mixed" }, "geometry": { "type": "Point", "coordinates": [ 80.237614837377407, 13.040988565711592 ] } },
{ "type": "Feature", "properties": { "Assessment_No": "CHN/136/00310", "Assessee": "Saraswathi Menon", "Plinth_Area_SqFt": 2151, "Usage": "R" }, "geometry": { "type": "Point", "coordinates": [ 80.23769536331146, 13.040938443315625 ] } },
{ "type": "Feature", "properties": { "Assessment_No": "CHN/136/00311", "Assessee": "Ramesh Gounder", "Plinth_Area_SqFt": 2809, "Usage": "R" }, "geometry": { "type": "Point", "coordinates": [ 80.237807605718146, 13.040897626081376 ] } },
{ "type": "Feature", "properties": { "Assessment_No": "CHN/136/00312", "Assessee": "Meneakshi Rao", "Plinth_Area_SqFt": 2337, "Usage": "R" }, "geometry": { "type": "Point", "coordinates": [ 80.236503303347135, 13.037955033750919 ] } },
{ "type": "Feature", "properties": { "Assessment_No": "CHN/136/00313", "Assessee": "Rahim Gounder", "Plinth_Area_SqFt": 4108, "Usage": "Mixed" }, "geometry": { "type": "Point", "coordinates": [ 80.234059372280186, 13.039524425876211 ] } },
{ "type": "Feature", "properties": { "Assessment_No": "CHN/136/00314", "Assessee": "SURESH RAO", "Plinth_Area_SqFt": 9741, "Usage": "Shop" }, "geometry": { "type": "Point", "coordinates": [ 80.240324493462609, 13.041131191934351 ] } },
{ "type": "Feature", "properties": { "Assessment_No": "CHN/136/00315", "Assessee": "Abdul Sheikh", "Plinth_Area_SqFt": 1880, "Usage": "Shop" }, "geometry": { "type": "Point", "coordinates": [ 80.24224096346768, 13.038286261738186 ] } },
{ "type": "Feature", "properties": { "Assessment_No": "CHN/136/00316", "Assessee": "Arun Nair", "Plinth_Area_SqFt": 1552, "Usage": "Dwelling" }, "geometry": { "type": "Point", "coordinates": [ 80.240622890850901, 13.039164673963578 ] } },
{ "type": "Feature", "properties": { "Assessment_No": "CHN/136/00317", "Assessee": "Priya Babu", "Plinth_Area_SqFt": 1617, "Usage": "Shop" }, "geometry": { "type": "Point", "coordinates": [ 80.242039542098524, 13.038373626077508 ] } },
{ "type": "Feature", "properties": { "Assessment_No": "CHN/136/00318", "Assessee": "Ramasamy Murthy", "Plinth_Area_SqFt": 3774, "Usage": "R" }, "geometry": { "type": "Point", "coordinates": [ 80.241277289071846, 13.038722444782193 ] } },
{ "type": "Feature", "properties": { "Assessment_No": "CHN/136/00319", "Assessee": "Parvathi Reddy", "Plinth_Area_SqFt": 2273, "Usage": "R" }, "geometry": { "type": "Point", "coordinates": [ 80.241306258496834, 13.039037054311738 ] } },
{ "type": "Feature", "properties": { "Assessment_No": "CHN/136/00320", "Assessee": "Selvaraj Pillai", "Plinth_Area_SqFt": 1365, "Usage": "R" }, "geometry": { "type": "Point", "coordinates": [ 80.24142937569907, 13.038742573028305 ] } },
{ "type": "Feature", "properties": { "Assessment_No": "CHN/136/00321", "Assessee": "Balasubramanian Das", "Plinth_Area_SqFt": 935, "Usage": "Dwelling" }, "geometry": { "type": "Point", "coordinates": [ 80.241364572962439, 13.038314377313645 ] } },
{ "type": "Feature", "properties": { "Assessment_No": "CHN/136/00322", "Assessee": "Priya hSetty", "Plinth_Area_SqFt": 2345, "Usage": "Dwelling" }, "geometry": { "type": "Point", "coordinates": [ 80.240488905333976, 13.038239119189488 ] } },
{ "type": "Feature", "properties": { "Assessment_No": "CHN/136/00323", "Assessee": "Meenakshi Chettiar", "Plinth_Area_SqFt": 358, "Usage": "Dwelling" }, "geometry": { "type": "Point", "coordinates": [ 80.242979201426451, 13.039332140367241 ] } },
{ "type": "Feature", "properties": { "Assessment_No": "CHN/136/00324", "Assessee": "Mohammed Das", "Plinth_Area_SqFt": 1265, "Usage": "Dwelling" }, "geometry": { "type": "Point", "coordinates": [ 80.241659873077779, 13.038187723985835 ] } },
{ "type": "Feature", "properties": { "Assessment_No": "CHN/136/00325", "Assessee": "SURESH CHETTIAR", "Plinth_Area_SqFt": 3331, "Usage": "M" }, "geometry": { "type": "Point", "coordinates": [ 80.240319825143317, 13.038279024769237 ] } },
{ "type": "Feature", "properties": { "Assessment_No": "CHN/136/00326", "Assessee": "F. Rao", "Plinth_Area_SqFt": 1972, "Usage": "C" }, "geometry": { "type": "Point", "coordinates": [ 80.242379738991772, 13.039375988659112 ] } },
{ "type": "Feature", "properties": { "Assessment_No": "CHN/136/00327", "Assessee": "Vijayalakshmi Kumar", "Plinth_Area_SqFt": 1159, "Usage": "Mixed" }, "geometry": { "type": "Point", "coordinates": [ 80.241085171875056, 13.038427639166402 ] } },
{ "type": "Feature", "properties": { "Assessment_No": "CHN/136/00328", "Assessee": "Mohammed Iyer", "Plinth_Area_SqFt": 1764, "Usage": "R" }, "geometry": { "type": "Point", "coordinates": [ 80.241669330630145, 13.038057484823099 ] } },
{ "type": "Feature", "properties": { "Assessment_No": "CHN/136/00329", "Assessee": "Rahim Iyer", "Plinth_Area_SqFt": 2436, "Usage": "R" }, "geometry": { "type": "Point", "coordinates": [ 80.242367495211766, 13.039250245399979 ] } },
{ "type": "Feature", "properties": { "Assessment_No": "CHN/136/00330", "Assessee": "Mudaliar Fathima", "Plinth_Area_SqFt": 5478, "Usage": "R" }, "geometry": { "type": "Point", "coordinates": [ 80.243065441586225, 13.038851904289947 ] } },
{ "type": "Feature", "properties": { "Assessment_No": "CHN/136/00331", "Assessee": "Selvaraj Khan", "Plinth_Area_SqFt": 1568, "Usage": "Shop" }, "geometry": { "type": "Point", "coordinates": [ 80.241515468797431, 13.039300065303665 ] } },
{ "type": "Feature", "properties": { "Assessment_No": "CHN/136/00332", "Assessee": "R. Chettiar", "Plinth_Area_SqFt": 2561, "Usage": "R" }, "geometry": { "type": "Point", "coordinates": [ 80.24250413421467, 13.038304726549129 ] } },
{ "type": "Feature", "properties": { "Assessment_No": "CHN/136/00333", "Assessee": "Deepak Kumar", "Plinth_Area_SqFt": 2433, "Usage": "Dwelling" }, "geometry": { "type": "Point", "coordinates": [ 80.241330085285099, 13.039453780447451 ] } },
{ "type": "Feature", "properties": { "Assessment_No": "CHN/136/00334", "Assessee": "R. Murthy", "Plinth_Area_SqFt": 1797, "Usage": "Dwelling" }, "geometry": { "type": "Point", "coordinates": [ 80.241747683993466, 13.038977854961827 ] } },
{ "type": "Feature", "properties": { "Assessment_No": "CHN/136/00335", "Assessee": "Babu, Lakshmi", "Plinth_Area_SqFt": 1686, "Usage": "Dwelling" }, "geometry": { "type": "Point", "coordinates": [ 80.240975039415673, 13.038745671607046 ] } },
{ "type": "Feature", "properties": { "Assessment_No": "CHN/136/00336", "Assessee": "Rahim Raman", "Plinth_Area_SqFt": 2598, "Usage": "R" }, "geometry": { "type": "Point", "coordinates": [ 80.242515782827695, 13.037981640175174 ] } },
{ "type": "Feature", "properties": { "Assessment_No": "CHN/136/00337", "Assessee": "Arun Babu", "Plinth_Area_SqFt": 1621, "Usage": "R" }, "geometry": { "type": "Point", "coordinates": [ 80.24160279732736, 13.039105606793491 ] } },
{ "type": "Feature", "properties": { "Assessment_No": "CHN/136/00338", "Assessee": "Ramesh Thevar", "Plinth_Area_SqFt": 2357, "Usage": "Dwelling" }, "geometry": { "type": "Point", "coordinates": [ 80.241808139381675, 13.038090074229082 ] } },
{ "type": "Feature", "properties": { "Assessment_No": "CHN/136/00339", "Assessee": "Raman Kannan", "Plinth_Area_SqFt": 869, "Usage": "Shop" }, "geometry": { "type": "Point", "coordinates": [ 80.240779948064642, 13.038963082653765 ] } },
{ "type": "Feature", "properties": { "Assessment_No": "CHN/136/00340", "Assessee": "Abdul Menon", "Plinth_Area_SqFt": 1483, "Usage": "R" }, "geometry": { "type": "Point", "coordinates": [ 80.2411086795166, 13.038751001784938 ] } },
{ "type": "Feature", "properties": { "Assessment_No": "CHN/136/00341", "Assessee": "Selvaraj Mudaliar", "Plinth_Area_SqFt": 2776, "Usage": "Dwelling" }, "geometry": { "type": "Point", "coordinates": [ 80.241320528521712, 13.038149074066288 ] } },
{ "type": "Feature", "properties": { "Assessment_No": "CHN/136/00342", "Assessee": "Thiruvengadam Reddy", "Plinth_Area_SqFt": 2757, "Usage": "Dwelling" }, "geometry": { "type": "Point", "coordinates": [ 80.242378424169914, 13.038576682096393 ] } },
{ "type": "Feature", "properties": { "Assessment_No": "CHN/136/00343", "Assessee": "VENKATESH BABU", "Plinth_Area_SqFt": 3379, "Usage": "Dwelling" }, "geometry": { "type": "Point", "coordinates": [ 80.240365847702222, 13.038478900703911 ] } },
{ "type": "Feature", "properties": { "Assessment_No": "CHN/136/00344", "Assessee": "Rahim Reddy", "Plinth_Area_SqFt": 1325, "Usage": "R" }, "geometry": { "type": "Point", "coordinates": [ 80.241165057512887, 13.038186488779006 ] } },
{ "type": "Feature", "properties": { "Assessment_No": "CHN/136/00345", "Assessee": "Saraswathi Iyer", "Plinth_Area_SqFt": 727, "Usage": "Dwelling" }, "geometry": { "type": "Point", "coordinates": [ 80.241507756987446, 13.038192471036288 ] } },
{ "type": "Feature", "properties": { "Assessment_No": "CHN/136/00346", "Assessee": "Ramesh Khan", "Plinth_Area_SqFt": 1966, "Usage": "Mixed" }, "geometry": { "type": "Point", "coordinates": [ 80.240500456494814, 13.038460212446138 ] } },
{ "type": "Feature", "properties": { "Assessment_No": "CHN/136/00347", "Assessee": "Arun Mudaliar", "Plinth_Area_SqFt": 2935, "Usage": "Shop" }, "geometry": { "type": "Point", "coordinates": [ 80.242542479993986, 13.03932496227425 ] } },
{ "type": "Feature", "properties": { "Assessment_No": "CHN/136/00348", "Assessee": "Chandrasekar Reddy", "Plinth_Area_SqFt": 1238, "Usage": "Mixed" }, "geometry": { "type": "Point", "coordinates": [ 80.241462339550722, 13.038097079094323 ] } },
{ "type": "Feature", "properties": { "Assessment_No": "CHN/136/00349", "Assessee": "KANNAN RAO", "Plinth_Area_SqFt": 1383, "Usage": "M" }, "geometry": { "type": "Point", "coordinates": [ 80.242530352734704, 13.039209570198762 ] } },
{ "type": "Feature", "properties": { "Assessment_No": "CHN/136/00350", "Assessee": "Kannan Naidu", "Plinth_Area_SqFt": 1452, "Usage": "R" }, "geometry": { "type": "Point", "coordinates": [ 80.241510040474381, 13.039521830635325 ] } },
{ "type": "Feature", "properties": { "Assessment_No": "CHN/136/00351", "Assessee": "Krishnan Rao", "Plinth_Area_SqFt": 1583, "Usage": "Dwelling" }, "geometry": { "type": "Point", "coordinates": [ 80.241525976350559, 13.039429679991972 ] } },
{ "type": "Feature", "properties": { "Assessment_No": "CHN/136/00352", "Assessee": "Annamalai Thevar", "Plinth_Area_SqFt": 1540, "Usage": "R" }, "geometry": { "type": "Point", "coordinates": [ 80.242139746637193, 13.038806171347661 ] } },
{ "type": "Feature", "properties": { "Assessment_No": "CHN/136/00353", "Assessee": "Rajeshwari Murthy", "Plinth_Area_SqFt": 1688, "Usage": "R" }, "geometry": { "type": "Point", "coordinates": [ 80.242494779406513, 13.03850190324718 ] } },
{ "type": "Feature", "properties": { "Assessment_No": "CHN/136/00354", "Assessee": "Chandrasekar Raman", "Plinth_Area_SqFt": 2570, "Usage": "R" }, "geometry": { "type": "Point", "coordinates": [ 80.240569705606333, 13.038766825114251 ] } },
{ "type": "Feature", "properties": { "Assessment_No": "CHN/136/00355", "Assessee": "Vijayalakshmi Thevar", "Plinth_Area_SqFt": 2918, "Usage": "C" }, "geometry": { "type": "Point", "coordinates": [ 80.241843251924479, 13.038935612790073 ] } },
{ "type": "Feature", "properties": { "Assessment_No": "CHN/136/00356", "Assessee": "Suresh Sheikh", "Plinth_Area_SqFt": 970, "Usage": "R" }, "geometry": { "type": "Point", "coordinates": [ 80.24214381899634, 13.038150258235248 ] } },
{ "type": "Feature", "properties": { "Assessment_No": "CHN/136/00357", "Assessee": "Suresh Das", "Plinth_Area_SqFt": 1976, "Usage": "R" }, "geometry": { "type": "Point", "coordinates": [ 80.242356888643556, 13.038305904647517 ] } },
{ "type": "Feature", "properties": { "Assessment_No": "CHN/136/00358", "Assessee": "Subramanian Sharma", "Plinth_Area_SqFt": 2241, "Usage": "Shop" }, "geometry": { "type": "Point", "coordinates": [ 80.240763821428004, 13.039086911392577 ] } },
{ "type": "Feature", "properties": { "Assessment_No": "CHN/136/00359", "Assessee": "Subramanian Sharma", "Plinth_Area_SqFt": 2609, "Usage": "Mixed" }, "geometry": { "type": "Point", "coordinates": [ 80.240851776806764, 13.038758586705928 ] } },
{ "type": "Feature", "properties": { "Assessment_No": "CHN/136/00360", "Assessee": "Menon, Krishnan", "Plinth_Area_SqFt": 1134, "Usage": "Dwelling" }, "geometry": { "type": "Point", "coordinates": [ 80.24212104791323, 13.038010487545737 ] } },
{ "type": "Feature", "properties": { "Assessment_No": "CHN/136/00361", "Assessee": "Deepak Chettiar", "Plinth_Area_SqFt": 3656, "Usage": "R" }, "geometry": { "type": "Point", "coordinates": [ 80.241933876863555, 13.038638338784301 ] } },
{ "type": "Feature", "properties": { "Assessment_No": "CHN/136/00362", "Assessee": "Abdul Mudaliar", "Plinth_Area_SqFt": 1044, "Usage": "R" }, "geometry": { "type": "Point", "coordinates": [ 80.241048843307567, 13.038080075506237 ] } },
{ "type": "Feature", "properties": { "Assessment_No": "CHN/136/00363", "Assessee": "Janaki Das", "Plinth_Area_SqFt": 1377, "Usage": "R" }, "geometry": { "type": "Point", "coordinates": [ 80.240922816030732, 13.039080691762889 ] } },
{ "type": "Feature", "properties": { "Assessment_No": "CHN/136/00364", "Assessee": "Annamalai Chettiar", "Plinth_Area_SqFt": 972, "Usage": "R" }, "geometry": { "type": "Point", "coordinates": [ 80.241454354046397, 13.038193015126785 ] } },
{ "type": "Feature", "properties": { "Assessment_No": "CHN/136/00365", "Assessee": "Muthusamy kan", "Plinth_Area_SqFt": 2743, "Usage": "M" }, "geometry": { "type": "Point", "coordinates": [ 80.242227234278758, 13.038590955783288 ] } },
{ "type": "Feature", "properties": { "Assessment_No": "CHN/136/00366", "Assessee": "Rajeshwari Babu", "Plinth_Area_SqFt": 942, "Usage": "R" }, "geometry": { "type": "Point", "coordinates": [ 80.241040113111254, 13.038327389092473 ] } },
{ "type": "Feature", "properties": { "Assessment_No": "CHN/136/00367", "Assessee": "L. Naidu", "Plinth_Area_SqFt": 1702, "Usage": "Dwelling" }, "geometry": { "type": "Point", "coordinates": [ 80.24285353495894, 13.039317374224822 ] } },
{ "type": "Feature", "properties": { "Assessment_No": "CHN/136/00368", "Assessee": "Fathima Thevar", "Plinth_Area_SqFt": 2789, "Usage": "R" }, "geometry": { "type": "Point", "coordinates": [ 80.241239309165067, 13.038397582493577 ] } },
{ "type": "Feature", "properties": { "Assessment_No": "CHN/136/00369", "Assessee": "Iyer Rahim", "Plinth_Area_SqFt": 2871, "Usage": "R" }, "geometry": { "type": "Point", "coordinates": [ 80.240209563859736, 13.038508398978443 ] } },
{ "type": "Feature", "properties": { "Assessment_No": "CHN/136/00370", "Assessee": "Janaki Das", "Plinth_Area_SqFt": 1528, "Usage": "R" }, "geometry": { "type": "Point", "coordinates": [ 80.242807015019778, 13.039186675107157 ] } },
{ "type": "Feature", "properties": { "Assessment_No": "CHN/136/00371", "Assessee": "Fathima Kumar", "Plinth_Area_SqFt": 7766, "Usage": "Dwelling" }, "geometry": { "type": "Point", "coordinates": [ 80.239962451086484, 13.038481555452371 ] } },
{ "type": "Feature", "properties": { "Assessment_No": "CHN/136/00372", "Assessee": "Sundaram Sharma", "Plinth_Area_SqFt": 2392, "Usage": "Dwelling" }, "geometry": { "type": "Point", "coordinates": [ 80.241863777235224, 13.039466632379675 ] } },
{ "type": "Feature", "properties": { "Assessment_No": "CHN/136/00373", "Assessee": "Muthusamy Thevar", "Plinth_Area_SqFt": 1931, "Usage": "R" }, "geometry": { "type": "Point", "coordinates": [ 80.243012337771006, 13.039148522133786 ] } },
{ "type": "Feature", "properties": { "Assessment_No": "CHN/136/00374", "Assessee": "Balasurbamanian Rao", "Plinth_Area_SqFt": 1405, "Usage": "Dwelling" }, "geometry": { "type": "Point", "coordinates": [ 80.241861809601573, 13.039336246465313 ] } },
{ "type": "Feature", "properties": { "Assessment_No": "CHN/136/00375", "Assessee": "Deepak Thevar", "Plinth_Area_SqFt": 2725, "Usage": "Mixed" }, "geometry": { "type": "Point", "coordinates": [ 80.242493617023626, 13.038819736631085 ] } },
{ "type": "Feature", "properties": { "Assessment_No": "CHN/136/00376", "Assessee": "P. Naidu", "Plinth_Area_SqFt": 1719, "Usage": "R" }, "geometry": { "type": "Point", "coordinates": [ 80.24061366674205, 13.039053839936411 ] } },
{ "type": "Feature", "properties": { "Assessment_No": "CHN/136/00377", "Assessee": "PriyaK han", "Plinth_Area_SqFt": 2318, "Usage": "Dwelling" }, "geometry": { "type": "Point", "coordinates": [ 80.242153472765992, 13.038984125831268 ] } },
{ "type": "Feature", "properties": { "Assessment_No": "CHN/136/00378", "Assessee": "Annamalai Khan", "Plinth_Area_SqFt": 1826, "Usage": "Dwelling" }, "geometry": { "type": "Point", "coordinates": [ 80.242010664783592, 13.038277522051478 ] } },
{ "type": "Feature", "properties": { "Assessment_No": "CHN/136/00379", "Assessee": "MUTHUSAMY SHETTY", "Plinth_Area_SqFt": 2020, "Usage": "R" }, "geometry": { "type": "Point", "coordinates": [ 80.242527081892916, 13.038652860832514 ] } },
{ "type": "Feature", "properties": { "Assessment_No": "CHN/136/00380", "Assessee": "Gopalakrishnan Iyer", "Plinth_Area_SqFt": 6142, "Usage": "R" }, "geometry": { "type": "Point", "coordinates": [ 80.242822170782034, 13.038033548142675 ] } },
{ "type": "Feature", "properties": { "Assessment_No": "CHN/136/00381", "Assessee": "Deepak Kumar", "Plinth_Area_SqFt": 1803, "Usage": "C" }, "geometry": { "type": "Point", "coordinates": [ 80.241156915645334, 13.039048538281401 ] } },
{ "type": "Feature", "properties": { "Assessment_No": "CHN/136/00382", "Assessee": "Lakshmi Sheikh", "Plinth_Area_SqFt": 2098, "Usage": "R" }, "geometry": { "type": "Point", "coordinates": [ 80.240618932393161, 13.038927809285376 ] } },
{ "type": "Feature", "properties": { "Assessment_No": "CHN/136/00383", "Assessee": "Khan, Venkatesh", "Plinth_Area_SqFt": 3163, "Usage": "Shop" }, "geometry": { "type": "Point", "coordinates": [ 80.241987294995269, 13.038075987996917 ] } },
{ "type": "Feature", "properties": { "Assessment_No": "CHN/136/00384", "Assessee": "Fathima Naidu", "Plinth_Area_SqFt": 3093, "Usage": "R" }, "geometry": { "type": "Point", "coordinates": [ 80.241684143373661, 13.038669311022888 ] } },
{ "type": "Feature", "properties": { "Assessment_No": "CHN/136/00385", "Assessee": "RAHIM KHAN", "Plinth_Area_SqFt": 1745, "Usage": "R" }, "geometry": { "type": "Point", "coordinates": [ 80.240999451016563, 13.038254562678068 ] } },
{ "type": "Feature", "properties": { "Assessment_No": "CHN/136/00386", "Assessee": "Thiruvengadam Chettiar", "Plinth_Area_SqFt": 1795, "Usage": "R" }, "geometry": { "type": "Point", "coordinates": [ 80.243007158653612, 13.038202032966563 ] } },
{ "type": "Feature", "properties": { "Assessment_No": "CHN/136/00387", "Assessee": "Krishnan Reddy", "Plinth_Area_SqFt": 3137, "Usage": "R" }, "geometry": { "type": "Point", "coordinates": [ 80.241012667439904, 13.039054604179499 ] } },
{ "type": "Feature", "properties": { "Assessment_No": "CHN/136/00388", "Assessee": "KANNAN MURTHY", "Plinth_Area_SqFt": 1027, "Usage": "Dwelling" }, "geometry": { "type": "Point", "coordinates": [ 80.241692784120616, 13.038314211011192 ] } },
{ "type": "Feature", "properties": { "Assessment_No": "CHN/136/00389", "Assessee": "Reddy, Rajeshwari", "Plinth_Area_SqFt": 3416, "Usage": "R" }, "geometry": { "type": "Point", "coordinates": [ 80.241813043386102, 13.03864385190618 ] } },
{ "type": "Feature", "properties": { "Assessment_No": "CHN/136/00390", "Assessee": "Meenakshi Chettiar", "Plinth_Area_SqFt": 969, "Usage": "Dwelling" }, "geometry": { "type": "Point", "coordinates": [ 80.240965609224347, 13.038131072486257 ] } },
{ "type": "Feature", "properties": { "Assessment_No": "CHN/136/00391", "Assessee": "Ramesh Babu", "Plinth_Area_SqFt": 2035, "Usage": "Dwelling" }, "geometry": { "type": "Point", "coordinates": [ 80.242686352809329, 13.039315338569434 ] } },
{ "type": "Feature", "properties": { "Assessment_No": "CHN/136/00392", "Assessee": "D. Thevar", "Plinth_Area_SqFt": 960, "Usage": "M" }, "geometry": { "type": "Point", "coordinates": [ 80.24170515993768, 13.03828373015822 ] } },
{ "type": "Feature", "properties": { "Assessment_No": "CHN/136/00393", "Assessee": "Lakshmi Khan", "Plinth_Area_SqFt": 2346, "Usage": "R" }, "geometry": { "type": "Point", "coordinates": [ 80.24014179853495, 13.038293661295064 ] } },
{ "type": "Feature", "properties": { "Assessment_No": "CHN/136/00394", "Assessee": "Annamalai Raman", "Plinth_Area_SqFt": 1068, "Usage": "Dwelling" }, "geometry": { "type": "Point", "coordinates": [ 80.242662603729755, 13.039182470373939 ] } },
{ "type": "Feature", "properties": { "Assessment_No": "CHN/136/00395", "Assessee": "Saraswathi Kumar", "Plinth_Area_SqFt": 2460, "Usage": "M" }, "geometry": { "type": "Point", "coordinates": [ 80.241882908116267, 13.038301277602121 ] } },
{ "type": "Feature", "properties": { "Assessment_No": "CHN/136/00396", "Assessee": "Suresh Sheikh", "Plinth_Area_SqFt": 3007, "Usage": "Dwelling" }, "geometry": { "type": "Point", "coordinates": [ 80.239891069158276, 13.038230475677759 ] } },
{ "type": "Feature", "properties": { "Assessment_No": "CHN/136/00397", "Assessee": "Muthusamy Raman", "Plinth_Area_SqFt": 2467, "Usage": "R" }, "geometry": { "type": "Point", "coordinates": [ 80.242227997289461, 13.039410586137706 ] } },
{ "type": "Feature", "properties": { "Assessment_No": "CHN/136/00398", "Assessee": "Parvathi Menon", "Plinth_Area_SqFt": 2555, "Usage": "R" }, "geometry": { "type": "Point", "coordinates": [ 80.242199127100562, 13.0392694936975 ] } },
{ "type": "Feature", "properties": { "Assessment_No": "CHN/136/00399", "Assessee": "Janaki Sheikh", "Plinth_Area_SqFt": 2000, "Usage": "Dwelling" }, "geometry": { "type": "Point", "coordinates": [ 80.242510088362053, 13.038959958497301 ] } },
{ "type": "Feature", "properties": { "Assessment_No": "CHN/136/00400", "Assessee": "Sharma, Annamalai", "Plinth_Area_SqFt": 1942, "Usage": "Dwelling" }, "geometry": { "type": "Point", "coordinates": [ 80.242520448016592, 13.038894704641969 ] } },
{ "type": "Feature", "properties": { "Assessment_No": "CHN/136/00401", "Assessee": "Lakshmi Khan", "Plinth_Area_SqFt": 5257, "Usage": "Shop" }, "geometry": { "type": "Point", "coordinates": [ 80.242938765710321, 13.038459431539662 ] } },
{ "type": "Feature", "properties": { "Assessment_No": "CHN/136/00402", "Assessee": "Ramasamy tevar", "Plinth_Area_SqFt": 4523, "Usage": "Mixed" }, "geometry": { "type": "Point", "coordinates": [ 80.239451070021175, 13.042184303729877 ] } },
{ "type": "Feature", "properties": { "Assessment_No": "CHN/136/00403", "Assessee": "Deepak Nair", "Plinth_Area_SqFt": 11277, "Usage": "R" }, "geometry": { "type": "Point", "coordinates": [ 80.238545575120582, 13.040409521614714 ] } },
{ "type": "Feature", "properties": { "Assessment_No": "CHN/136/00404", "Assessee": "Kumar Annamalai", "Plinth_Area_SqFt": 7179, "Usage": "Mixed" }, "geometry": { "type": "Point", "coordinates": [ 80.243010917582779, 13.042686075457379 ] } },
{ "type": "Feature", "properties": { "Assessment_No": "CHN/136/00405", "Assessee": "Venkatesh Babu", "Plinth_Area_SqFt": 20746, "Usage": "R" }, "geometry": { "type": "Point", "coordinates": [ 80.2418118971122, 13.041095027537864 ] } },
{ "type": "Feature", "properties": { "Assessment_No": "CHN/136/00406", "Assessee": "Anitha Rao", "Plinth_Area_SqFt": 4085, "Usage": "Shop" }, "geometry": { "type": "Point", "coordinates": [ 80.239833039407515, 13.041547213970199 ] } },
{ "type": "Feature", "properties": { "Assessment_No": "CHN/136/00407", "Assessee": "Muthusamy Mudaliar", "Plinth_Area_SqFt": 6830, "Usage": "M" }, "geometry": { "type": "Point", "coordinates": [ 80.242709487455258, 13.04105007950943 ] } },
{ "type": "Feature", "properties": { "Assessment_No": "CHN/136/00408", "Assessee": "Saraswathi Raman", "Plinth_Area_SqFt": 2074, "Usage": "Dwelling" }, "geometry": { "type": "Point", "coordinates": [ 80.241266511678802, 13.042208164941709 ] } },
{ "type": "Feature", "properties": { "Assessment_No": "CHN/136/00409", "Assessee": "Parvathi Raman", "Plinth_Area_SqFt": 2190, "Usage": "Dwelling" }, "geometry": { "type": "Point", "coordinates": [ 80.240505636450905, 13.041484657109491 ] } },
{ "type": "Feature", "properties": { "Assessment_No": "CHN/136/00410", "Assessee": "Venkatesh Babu", "Plinth_Area_SqFt": 2777, "Usage": "Shop" }, "geometry": { "type": "Point", "coordinates": [ 80.238284442433198, 13.039645111010742 ] } },
{ "type": "Feature", "properties": { "Assessment_No": "CHN/136/00411", "Assessee": "Priya Sharma", "Plinth_Area_SqFt": 1897, "Usage": "R" }, "geometry": { "type": "Point", "coordinates": [ 80.240028770280347, 13.041608245800855 ] } },
{ "type": "Feature", "properties": { "Assessment_No": "CHN/136/00412", "Assessee": "Fathima Thewar", "Plinth_Area_SqFt": 2369, "Usage": "Shop" }, "geometry": { "type": "Point", "coordinates": [ 80.239608967662519, 13.041268580822839 ] } },
{ "type": "Feature", "properties": { "Assessment_No": "CHN/136/00413", "Assessee": "Anita Iyer", "Plinth_Area_SqFt": 3902, "Usage": "R" }, "geometry": { "type": "Point", "coordinates": [ 80.238659252800659, 13.041593342709579 ] } },
{ "type": "Feature", "properties": { "Assessment_No": "CHN/136/00414", "Assessee": "A. Nair", "Plinth_Area_SqFt": 1737, "Usage": "R" }, "geometry": { "type": "Point", "coordinates": [ 80.241058250977545, 13.042287220073611 ] } },
{ "type": "Feature", "properties": { "Assessment_No": "CHN/136/00415", "Assessee": "Ramesh Murthy", "Plinth_Area_SqFt": 4419, "Usage": "Dwelling" }, "geometry": { "type": "Point", "coordinates": [ 80.242077061554085, 13.042720519194262 ] } },
{ "type": "Feature", "properties": { "Assessment_No": "CHN/136/00416", "Assessee": "Kannan Khan", "Plinth_Area_SqFt": 5549, "Usage": "Shop" }, "geometry": { "type": "Point", "coordinates": [ 80.242781813898176, 13.042080455058924 ] } },
{ "type": "Feature", "properties": { "Assessment_No": "CHN/136/00417", "Assessee": "Chandrasekar Naidu", "Plinth_Area_SqFt": 2761, "Usage": "M" }, "geometry": { "type": "Point", "coordinates": [ 80.24042972298642, 13.042645913089338 ] } },
{ "type": "Feature", "properties": { "Assessment_No": "CHN/136/00418", "Assessee": "Suresh Menon", "Plinth_Area_SqFt": 4904, "Usage": "Mixed" }, "geometry": { "type": "Point", "coordinates": [ 80.242220022419573, 13.039857722220631 ] } },
{ "type": "Feature", "properties": { "Assessment_No": "CHN/136/00419", "Assessee": "Fathima Meonn", "Plinth_Area_SqFt": 2795, "Usage": "Shop" }, "geometry": { "type": "Point", "coordinates": [ 80.239445845827035, 13.041079568622527 ] } },
{ "type": "Feature", "properties": { "Assessment_No": "CHN/136/00420", "Assessee": "Khan Meenakshi", "Plinth_Area_SqFt": 3558, "Usage": "Dwelling" }, "geometry": { "type": "Point", "coordinates": [ 80.241910046010588, 13.04208306278557 ] } },
{ "type": "Feature", "properties": { "Assessment_No": "CHN/136/00421", "Assessee": "Parvathi Sharma", "Plinth_Area_SqFt": 2338, "Usage": "R" }, "geometry": { "type": "Point", "coordinates": [ 80.238512738432831, 13.041393076561269 ] } },
{ "type": "Feature", "properties": { "Assessment_No": "CHN/136/00422", "Assessee": "Laksmhi Reddy", "Plinth_Area_SqFt": 3588, "Usage": "Shop" }, "geometry": { "type": "Point", "coordinates": [ 80.243008717593511, 13.042193792593533 ] } },
{ "type": "Feature", "properties": { "Assessment_No": "CHN/136/00423", "Assessee": "S. Gounder", "Plinth_Area_SqFt": 1788, "Usage": "Dwelling" }, "geometry": { "type": "Point", "coordinates": [ 80.240233031199068, 13.042623944545895 ] } },
{ "type": "Feature", "properties": { "Assessment_No": "CHN/136/00424", "Assessee": "J. Gounder", "Plinth_Area_SqFt": 2229, "Usage": "R" }, "geometry": { "type": "Point", "coordinates": [ 80.239012465541379, 13.041816106549692 ] } },
{ "type": "Feature", "properties": { "Assessment_No": "CHN/136/00425", "Assessee": "Meenakshi Sharma", "Plinth_Area_SqFt": 2621, "Usage": "R" }, "geometry": { "type": "Point", "coordinates": [ 80.24220847135966, 13.039631841078851 ] } },
{ "type": "Feature", "properties": { "Assessment_No": "CHN/136/00426", "Assessee": "Chandrasekar Das", "Plinth_Area_SqFt": 3812, "Usage": "R" }, "geometry": { "type": "Point", "coordinates": [ 80.241670635902864, 13.042295608159044 ] } },
{ "type": "Feature", "properties": { "Assessment_No": "CHN/136/00427", "Assessee": "Rajeshwari Nair", "Plinth_Area_SqFt": 518, "Usage": "Dwelling" }, "geometry": { "type": "Point", "coordinates": [ 80.238906721050029, 13.042520817310345 ] } },
{ "type": "Feature", "properties": { "Assessment_No": "CHN/136/00428", "Assessee": "Thiruvengadam Sharma", "Plinth_Area_SqFt": 1831, "Usage": "Shop" }, "geometry": { "type": "Point", "coordinates": [ 80.238987660630556, 13.041648964941322 ] } },
{ "type": "Feature", "properties": { "Assessment_No": "CHN/136/00429", "Assessee": "Deepak Nair", "Plinth_Area_SqFt": 469, "Usage": "Dwelling" }, "geometry": { "type": "Point", "coordinates": [ 80.238808643491311, 13.042463127435708 ] } },
{ "type": "Feature", "properties": { "Assessment_No": "CHN/136/00430", "Assessee": "Meenakshi hKan", "Plinth_Area_SqFt": 2610, "Usage": "Shop" }, "geometry": { "type": "Point", "coordinates": [ 80.238289671405269, 13.039912690618376 ] } },
{ "type": "Feature", "properties": { "Assessment_No": "CHN/136/00431", "Assessee": "Rahim Shetty", "Plinth_Area_SqFt": 7992, "Usage": "R" }, "geometry": { "type": "Point", "coordinates": [ 80.239360417643596, 13.039831341955535 ] } },
{ "type": "Feature", "properties": { "Assessment_No": "CHN/136/00432", "Assessee": "Kannan Murthy", "Plinth_Area_SqFt": 2858, "Usage": "Dwelling" }, "geometry": { "type": "Point", "coordinates": [ 80.240516672933026, 13.039956921480304 ] } },
{ "type": "Feature", "properties": { "Assessment_No": "CHN/136/00433", "Assessee": "Ramesh Nair", "Plinth_Area_SqFt": 1012, "Usage": "R" }, "geometry": { "type": "Point", "coordinates": [ 80.240213680370118, 13.039365933708345 ] } },
{ "type": "Feature", "properties": { "Assessment_No": "CHN/136/00434", "Assessee": "Thiruvengadam Murthy", "Plinth_Area_SqFt": 2759, "Usage": "Dwelling" }, "geometry": { "type": "Point", "coordinates": [ 80.24002729354072, 13.039328881106634 ] } },
{ "type": "Feature", "properties": { "Assessment_No": "CHN/136/00435", "Assessee": "Priya Menon", "Plinth_Area_SqFt": 1209, "Usage": "Shop" }, "geometry": { "type": "Point", "coordinates": [ 80.240197186455831, 13.042362267226176 ] } },
{ "type": "Feature", "properties": { "Assessment_No": "CHN/136/00436", "Assessee": "Lakshmi Naidu", "Plinth_Area_SqFt": 5137, "Usage": "Mixed" }, "geometry": { "type": "Point", "coordinates": [ 80.242949519903519, 13.041010766491501 ] } },
{ "type": "Feature", "properties": { "Assessment_No": "CHN/136/00437", "Assessee": "Subramanian Mudaliar", "Plinth_Area_SqFt": 3993, "Usage": "Shop" }, "geometry": { "type": "Point", "coordinates": [ 80.238640266709567, 13.039554361934623 ] } },
{ "type": "Feature", "properties": { "Assessment_No": "CHN/136/00438", "Assessee": "Balasubramanian Kumar", "Plinth_Area_SqFt": 3356, "Usage": "Dwelling" }, "geometry": { "type": "Point", "coordinates": [ 80.240001611917833, 13.039184669354075 ] } },
{ "type": "Feature", "properties": { "Assessment_No": "CHN/136/00439", "Assessee": "Venkatesh Reddy", "Plinth_Area_SqFt": 1885, "Usage": "Mixed" }, "geometry": { "type": "Point", "coordinates": [ 80.241586354234855, 13.042723835063677 ] } },
{ "type": "Feature", "properties": { "Assessment_No": "CHN/136/00440", "Assessee": "Arun Sharma", "Plinth_Area_SqFt": 2311, "Usage": "R" }, "geometry": { "type": "Point", "coordinates": [ 80.238236997328968, 13.041665095699608 ] } },
{ "type": "Feature", "properties": { "Assessment_No": "CHN/136/00441", "Assessee": "Raman Vijayalakshmi", "Plinth_Area_SqFt": 1989, "Usage": "R" }, "geometry": { "type": "Point", "coordinates": [ 80.239747212436086, 13.041206057042258 ] } },
{ "type": "Feature", "properties": { "Assessment_No": "CHN/136/00442", "Assessee": "Saraswathi Kumar", "Plinth_Area_SqFt": 4853, "Usage": "C" }, "geometry": { "type": "Point", "coordinates": [ 80.242906888628497, 13.041640579381598 ] } },
{ "type": "Feature", "properties": { "Assessment_No": "CHN/136/00443", "Assessee": "Suresh Babu", "Plinth_Area_SqFt": 1973, "Usage": "M" }, "geometry": { "type": "Point", "coordinates": [ 80.242270572007314, 13.042318734474721 ] } },
{ "type": "Feature", "properties": { "Assessment_No": "CHN/136/00444", "Assessee": "Suresh Nair", "Plinth_Area_SqFt": 2112, "Usage": "Mixed" }, "geometry": { "type": "Point", "coordinates": [ 80.238407992110695, 13.039392883068468 ] } },
{ "type": "Feature", "properties": { "Assessment_No": "CHN/136/00445", "Assessee": "Janaki Rao", "Plinth_Area_SqFt": 1532, "Usage": "Dwelling" }, "geometry": { "type": "Point", "coordinates": [ 80.239335675758625, 13.041320475597185 ] } },
{ "type": "Feature", "properties": { "Assessment_No": "CHN/136/00446", "Assessee": "Thiruvengadam Chettiar", "Plinth_Area_SqFt": 3167, "Usage": "Dwelling" }, "geometry": { "type": "Point", "coordinates": [ 80.238217403233577, 13.041480042473861 ] } },
{ "type": "Feature", "properties": { "Assessment_No": "CHN/136/00447", "Assessee": "Rajeshwari Mudaliar", "Plinth_Area_SqFt": 2452, "Usage": "Dwelling" }, "geometry": { "type": "Point", "coordinates": [ 80.24132089403399, 13.04240692348197 ] } },
{ "type": "Feature", "properties": { "Assessment_No": "CHN/136/00448", "Assessee": "Rajeshwari Thevar", "Plinth_Area_SqFt": 8999, "Usage": "R" }, "geometry": { "type": "Point", "coordinates": [ 80.242820162922285, 13.039668712281072 ] } },
{ "type": "Feature", "properties": { "Assessment_No": "CHN/136/00449", "Assessee": "Suresh Babu", "Plinth_Area_SqFt": 2371, "Usage": "R" }, "geometry": { "type": "Point", "coordinates": [ 80.23948040082189, 13.041232212853757 ] } },
{ "type": "Feature", "properties": { "Assessment_No": "CHN/136/00450", "Assessee": "Rajeshwari Naidu", "Plinth_Area_SqFt": 2802, "Usage": "R" }, "geometry": { "type": "Point", "coordinates": [ 80.241720045968322, 13.041740300460145 ] } },
{ "type": "Feature", "properties": { "Assessment_No": "CHN/136/00451", "Assessee": "Ramasamy Theavr", "Plinth_Area_SqFt": 5670, "Usage": "R" }, "geometry": { "type": "Point", "coordinates": [ 80.241934094594541, 13.042847003877126 ] } },
{ "type": "Feature", "properties": { "Assessment_No": "CHN/136/00452", "Assessee": "Chandrasekar Raman", "Plinth_Area_SqFt": 1625, "Usage": "Dwelling" }, "geometry": { "type": "Point", "coordinates": [ 80.239154418281132, 13.041568125294479 ] } },
{ "type": "Feature", "properties": { "Assessment_No": "CHN/136/00453", "Assessee": "Sundaram sarma", "Plinth_Area_SqFt": 9873, "Usage": "R" }, "geometry": { "type": "Point", "coordinates": [ 80.242534538137321, 13.039694304619211 ] } },
{ "type": "Feature", "properties": { "Assessment_No": "CHN/136/00454", "Assessee": "Meenakshi Naidu", "Plinth_Area_SqFt": 3771, "Usage": "Shop" }, "geometry": { "type": "Point", "coordinates": [ 80.241888245317881, 13.04169810029291 ] } },
{ "type": "Feature", "properties": { "Assessment_No": "CHN/136/00455", "Assessee": "Saraswathi Menon", "Plinth_Area_SqFt": 2237, "Usage": "Dwelling" }, "geometry": { "type": "Point", "coordinates": [ 80.23920772915362, 13.041709219631787 ] } },
{ "type": "Feature", "properties": { "Assessment_No": "CHN/136/00456", "Assessee": "Chandrasekar Chettiar", "Plinth_Area_SqFt": 2903, "Usage": "M" }, "geometry": { "type": "Point", "coordinates": [ 80.239545184865094, 13.042494443304154 ] } },
{ "type": "Feature", "properties": { "Assessment_No": "CHN/136/00457", "Assessee": "SELVARAJ SHEIKH", "Plinth_Area_SqFt": 1166, "Usage": "R" }, "geometry": { "type": "Point", "coordinates": [ 80.239036050986158, 13.042578607785778 ] } },
{ "type": "Feature", "properties": { "Assessment_No": "CHN/136/00458", "Assessee": "Parvathi Nair", "Plinth_Area_SqFt": 965, "Usage": "R" }, "geometry": { "type": "Point", "coordinates": [ 80.239701537381933, 13.03957267907273 ] } },
{ "type": "Feature", "properties": { "Assessment_No": "CHN/136/00459", "Assessee": "Sheikh, Kannan", "Plinth_Area_SqFt": 1561, "Usage": "Mixed" }, "geometry": { "type": "Point", "coordinates": [ 80.242541400621079, 13.041126935151077 ] } },
{ "type": "Feature", "properties": { "Assessment_No": "CHN/136/00460", "Assessee": "Anitha Gounder", "Plinth_Area_SqFt": 1700, "Usage": "R" }, "geometry": { "type": "Point", "coordinates": [ 80.240016292772822, 13.042670552759976 ] } },
{ "type": "Feature", "properties": { "Assessment_No": "CHN/136/00461", "Assessee": "KANNAN KUMAR", "Plinth_Area_SqFt": 1249, "Usage": "R" }, "geometry": { "type": "Point", "coordinates": [ 80.240349522432766, 13.039439066432195 ] } },
{ "type": "Feature", "properties": { "Assessment_No": "CHN/136/00462", "Assessee": "Rao, Ramasamy", "Plinth_Area_SqFt": 893, "Usage": "R" }, "geometry": { "type": "Point", "coordinates": [ 80.239656769827008, 13.039523638186228 ] } },
{ "type": "Feature", "properties": { "Assessment_No": "CHN/136/00463", "Assessee": "Sheikh, Anitha", "Plinth_Area_SqFt": 4259, "Usage": "Dwelling" }, "geometry": { "type": "Point", "coordinates": [ 80.239980833884644, 13.042104847499569 ] } },
{ "type": "Feature", "properties": { "Assessment_No": "CHN/136/00464", "Assessee": "Saraswathi Chettiar", "Plinth_Area_SqFt": 1829, "Usage": "Dwelling" }, "geometry": { "type": "Point", "coordinates": [ 80.24251572636453, 13.040997005425552 ] } },
{ "type": "Feature", "properties": { "Assessment_No": "CHN/136/00465", "Assessee": "Ramesh Das", "Plinth_Area_SqFt": 2696, "Usage": "R" }, "geometry": { "type": "Point", "coordinates": [ 80.240247346227619, 13.038783373124245 ] } },
{ "type": "Feature", "properties": { "Assessment_No": "CHN/136/00466", "Assessee": "Selvaraj Gounder", "Plinth_Area_SqFt": 3412, "Usage": "Dwelling" }, "geometry": { "type": "Point", "coordinates": [ 80.238762097192819, 13.039435598096018 ] } },
{ "type": "Feature", "properties": { "Assessment_No": "CHN/136/00467", "Assessee": "RAMESH MUDALIAR", "Plinth_Area_SqFt": 1051, "Usage": "Dwelling" }, "geometry": { "type": "Point", "coordinates": [ 80.24025389322064, 13.039450765540316 ] } },
{ "type": "Feature", "properties": { "Assessment_No": "CHN/136/00468", "Assessee": "Subramanian Gounder", "Plinth_Area_SqFt": 1039, "Usage": "Dwelling" }, "geometry": { "type": "Point", "coordinates": [ 80.239655167385138, 13.041646588259278 ] } },
{ "type": "Feature", "properties": { "Assessment_No": "CHN/136/00469", "Assessee": "Parvathi Naidu", "Plinth_Area_SqFt": 1394, "Usage": "Mixed" }, "geometry": { "type": "Point", "coordinates": [ 80.240153566436078, 13.042213718029821 ] } },
{ "type": "Feature", "properties": { "Assessment_No": "CHN/136/00470", "Assessee": "Janaki Sharma", "Plinth_Area_SqFt": 1334, "Usage": "Dwelling" }, "geometry": { "type": "Point", "coordinates": [ 80.240329457773527, 13.039003437086722 ] } },
{ "type": "Feature", "properties": { "Assessment_No": "CHN/136/00471", "Assessee": "A. Babu", "Plinth_Area_SqFt": 11235, "Usage": "Dwelling" }, "geometry": { "type": "Point", "coordinates": [ 80.242914181099508, 13.040480630662405 ] } },
{ "type": "Feature", "properties": { "Assessment_No": "CHN/136/00472", "Assessee": "Parvathi Thevar", "Plinth_Area_SqFt": 2171, "Usage": "Mixed" }, "geometry": { "type": "Point", "coordinates": [ 80.238621255304125, 13.039378952820798 ] } },
{ "type": "Feature", "properties": { "Assessment_No": "CHN/136/00473", "Assessee": "Suresh Reddy", "Plinth_Area_SqFt": 2828, "Usage": "C" }, "geometry": { "type": "Point", "coordinates": [ 80.239106066766482, 13.041159467934305 ] } },
{ "type": "Feature", "properties": { "Assessment_No": "CHN/136/00474", "Assessee": "Sundaram Raman", "Plinth_Area_SqFt": 4266, "Usage": "C" }, "geometry": { "type": "Point", "coordinates": [ 80.240974458129045, 13.042486394824669 ] } },
{ "type": "Feature", "properties": { "Assessment_No": "CHN/136/00475", "Assessee": "R. Babu", "Plinth_Area_SqFt": 10668, "Usage": "Dwelling" }, "geometry": { "type": "Point", "coordinates": [ 80.241453310932584, 13.039856025269197 ] } },
{ "type": "Feature", "properties": { "Assessment_No": "CHN/136/00476", "Assessee": "Parvathi Kumar", "Plinth_Area_SqFt": 2669, "Usage": "Dwelling" }, "geometry": { "type": "Point", "coordinates": [ 80.239284771809892, 13.041117930677984 ] } },
{ "type": "Feature", "properties": { "Assessment_No": "CHN/136/00477", "Assessee": "Rahim Shetty", "Plinth_Area_SqFt": 4782, "Usage": "Mixed" }, "geometry": { "type": "Point", "coordinates": [ 80.241406591067047, 13.041862924954257 ] } },
{ "type": "Feature", "properties": { "Assessment_No": "CHN/136/00478", "Assessee": "Kannan Menon", "Plinth_Area_SqFt": 1496, "Usage": "R" }, "geometry": { "type": "Point", "coordinates": [ 80.239364377743257, 13.041413936719582 ] } },
{ "type": "Feature", "properties": { "Assessment_No": "CHN/136/00479", "Assessee": "Chandrasekar Sheikh", "Plinth_Area_SqFt": 2683, "Usage": "Dwelling" }, "geometry": { "type": "Point", "coordinates": [ 80.238642709413355, 13.041195578978483 ] } },
{ "type": "Feature", "properties": { "Assessment_No": "CHN/136/00480", "Assessee": "Suresh Babu", "Plinth_Area_SqFt": 4067, "Usage": "R" }, "geometry": { "type": "Point", "coordinates": [ 80.241548702908105, 13.041822488025289 ] } },
{ "type": "Feature", "properties": { "Assessment_No": "CHN/136/00481", "Assessee": "Parvathi Babu", "Plinth_Area_SqFt": 2257, "Usage": "M" }, "geometry": { "type": "Point", "coordinates": [ 80.240616603503739, 13.042332354124479 ] } },
{ "type": "Feature", "properties": { "Assessment_No": "CHN/136/00482", "Assessee": "Mudaliar, Muthusamy", "Plinth_Area_SqFt": 4801, "Usage": "R" }, "geometry": { "type": "Point", "coordinates": [ 80.241767113912474, 13.039712100423554 ] } },
{ "type": "Feature", "properties": { "Assessment_No": "CHN/136/00483", "Assessee": "Subramanian Gounder", "Plinth_Area_SqFt": 1674, "Usage": "C" }, "geometry": { "type": "Point", "coordinates": [ 80.23916168825086, 13.041439639739195 ] } },
{ "type": "Feature", "properties": { "Assessment_No": "CHN/136/00484", "Assessee": "Deepak Sharma", "Plinth_Area_SqFt": 1627, "Usage": "R" }, "geometry": { "type": "Point", "coordinates": [ 80.242001909097908, 13.042300769204264 ] } },
{ "type": "Feature", "properties": { "Assessment_No": "CHN/136/00485", "Assessee": "Venkatesh Kumar", "Plinth_Area_SqFt": 3382, "Usage": "Dwelling" }, "geometry": { "type": "Point", "coordinates": [ 80.239389674226743, 13.042726517375202 ] } },
{ "type": "Feature", "properties": { "Assessment_No": "CHN/136/00486", "Assessee": "Parvathi Sharma", "Plinth_Area_SqFt": 7782, "Usage": "C" }, "geometry": { "type": "Point", "coordinates": [ 80.241193623863566, 13.03986107599223 ] } },
{ "type": "Feature", "properties": { "Assessment_No": "CHN/136/00487", "Assessee": "Subramanian Sheik", "Plinth_Area_SqFt": 11491, "Usage": "C" }, "geometry": { "type": "Point", "coordinates": [ 80.242036445912277, 13.040548384309572 ] } },
{ "type": "Feature", "properties": { "Assessment_No": "CHN/136/00488", "Assessee": "Sundaram Pillai", "Plinth_Area_SqFt": 2994, "Usage": "M" }, "geometry": { "type": "Point", "coordinates": [ 80.239553954567896, 13.042696752012473 ] } },
{ "type": "Feature", "properties": { "Assessment_No": "CHN/136/00489", "Assessee": "Suresh Pillai", "Plinth_Area_SqFt": 2431, "Usage": "R" }, "geometry": { "type": "Point", "coordinates": [ 80.240587101508837, 13.039426982971522 ] } },
{ "type": "Feature", "properties": { "Assessment_No": "CHN/136/00490", "Assessee": "Ramesh Kumar", "Plinth_Area_SqFt": 3796, "Usage": "R" }, "geometry": { "type": "Point", "coordinates": [ 80.238514804543996, 13.040023079722996 ] } },
{ "type": "Feature", "properties": { "Assessment_No": "CHN/136/00491", "Assessee": "Anitha Das", "Plinth_Area_SqFt": 1302, "Usage": "R" }, "geometry": { "type": "Point", "coordinates": [ 80.240300757869861, 13.038884627829878 ] } },
{ "type": "Feature", "properties": { "Assessment_No": "CHN/136/00492", "Assessee": "Subramanian Iyer", "Plinth_Area_SqFt": 2528, "Usage": "Shop" }, "geometry": { "type": "Point", "coordinates": [ 80.239117480537004, 13.039310023707982 ] } },
{ "type": "Feature", "properties": { "Assessment_No": "CHN/136/00493", "Assessee": "Krishnan Reddy", "Plinth_Area_SqFt": 1272, "Usage": "C" }, "geometry": { "type": "Point", "coordinates": [ 80.24044093117115, 13.039436494521489 ] } },
{ "type": "Feature", "properties": { "Assessment_No": "CHN/136/00494", "Assessee": "Annamalai Reddy", "Plinth_Area_SqFt": 863, "Usage": "Dwelling" }, "geometry": { "type": "Point", "coordinates": [ 80.238723977711004, 13.04183018976495 ] } },
{ "type": "Feature", "properties": { "Assessment_No": "CHN/136/00495", "Assessee": "Meenakshi Sheikh", "Plinth_Area_SqFt": 4814, "Usage": "R" }, "geometry": { "type": "Point", "coordinates": [ 80.239865916877136, 13.042096303799266 ] } },
{ "type": "Feature", "properties": { "Assessment_No": "CHN/136/00496", "Assessee": "RAMESH IYER", "Plinth_Area_SqFt": 1610, "Usage": "Dwelling" }, "geometry": { "type": "Point", "coordinates": [ 80.238076869233396, 13.040351408748954 ] } },
{ "type": "Feature", "properties": { "Assessment_No": "CHN/136/00497", "Assessee": "Lakshmi uKmar", "Plinth_Area_SqFt": 10266, "Usage": "C" }, "geometry": { "type": "Point", "coordinates": [ 80.239171492291788, 13.040241653990504 ] } },
{ "type": "Feature", "properties": { "Assessment_No": "CHN/136/00498", "Assessee": "Saraswathi Reddy", "Plinth_Area_SqFt": 3504, "Usage": "R" }, "geometry": { "type": "Point", "coordinates": [ 80.239980038877462, 13.038950962931601 ] } },
{ "type": "Feature", "properties": { "Assessment_No": "CHN/136/00499", "Assessee": "K. Gounder", "Plinth_Area_SqFt": 2503, "Usage": "R" }, "geometry": { "type": "Point", "coordinates": [ 80.239312489257003, 13.039272605474597 ] } },
{ "type": "Feature", "properties": { "Assessment_No": "CHN/136/00500", "Assessee": "Fathima Babu", "Plinth_Area_SqFt": 2444, "Usage": "Dwelling" }, "geometry": { "type": "Point", "coordinates": [ 80.238998909543696, 13.041383520398719 ] } },
{ "type": "Feature", "properties": { "Assessment_No": "CHN/136/00501", "Assessee": "Vijayalakshmi Sheikh", "Plinth_Area_SqFt": 2911, "Usage": "Shop" }, "geometry": { "type": "Point", "coordinates": [ 80.242569745811991, 13.041849216481946 ] } },
{ "type": "Feature", "properties": { "Assessment_No": "CHN/136/00502", "Assessee": "Saraswathi Sharma", "Plinth_Area_SqFt": 5699, "Usage": "Dwelling" }, "geometry": { "type": "Point", "coordinates": [ 80.24094516688686, 13.039985135571817 ] } },
{ "type": "Feature", "properties": { "Assessment_No": "CHN/136/00503", "Assessee": "Suresh Sharma", "Plinth_Area_SqFt": 1802, "Usage": "Dwelling" }, "geometry": { "type": "Point", "coordinates": [ 80.240222398477385, 13.03904345452654 ] } },
{ "type": "Feature", "properties": { "Assessment_No": "CHN/136/00504", "Assessee": "Sundaram Raman", "Plinth_Area_SqFt": 2082, "Usage": "Shop" }, "geometry": { "type": "Point", "coordinates": [ 80.240181387382776, 13.041585439089481 ] } },
{ "type": "Feature", "properties": { "Assessment_No": "CHN/136/00505", "Assessee": "Mohammed Reddy", "Plinth_Area_SqFt": 3169, "Usage": "M" }, "geometry": { "type": "Point", "coordinates": [ 80.238959592555048, 13.041152701711603 ] } },
{ "type": "Feature", "properties": { "Assessment_No": "CHN/136/00506", "Assessee": "G. Shetty", "Plinth_Area_SqFt": 4301, "Usage": "M" }, "geometry": { "type": "Point", "coordinates": [ 80.241064868758116, 13.04192655875622 ] } },
{ "type": "Feature", "properties": { "Assessment_No": "CHN/136/00507", "Assessee": "Subramnaian Murthy", "Plinth_Area_SqFt": 3197, "Usage": "Dwelling" }, "geometry": { "type": "Point", "coordinates": [ 80.241156646951367, 13.041228009181097 ] } },
{ "type": "Feature", "properties": { "Assessment_No": "CHN/136/00508", "Assessee": "Chandrasekar Menon", "Plinth_Area_SqFt": 2293, "Usage": "Dwelling" }, "geometry": { "type": "Point", "coordinates": [ 80.239572319344816, 13.041070124848728 ] } },
{ "type": "Feature", "properties": { "Assessment_No": "CHN/136/00509", "Assessee": "Thiruvengadam Iyer", "Plinth_Area_SqFt": 3619, "Usage": "M" }, "geometry": { "type": "Point", "coordinates": [ 80.24094715518946, 13.039770288021952 ] } },
{ "type": "Feature", "properties": { "Assessment_No": "CHN/136/00510", "Assessee": "Krishnan Menon", "Plinth_Area_SqFt": 3964, "Usage": "Dwelling" }, "geometry": { "type": "Point", "coordinates": [ 80.239363902985275, 13.041663669125814 ] } },
{ "type": "Feature", "properties": { "Assessment_No": "CHN/136/00511", "Assessee": "Sheikh, Arun", "Plinth_Area_SqFt": 1066, "Usage": "Shop" }, "geometry": { "type": "Point", "coordinates": [ 80.238666338885039, 13.041368804154697 ] } },
{ "type": "Feature", "properties": { "Assessment_No": "CHN/136/00512", "Assessee": "P. Chettiar", "Plinth_Area_SqFt": 4634, "Usage": "Shop" }, "geometry": { "type": "Point", "coordinates": [ 80.242406054903384, 13.042631853901685 ] } },
{ "type": "Feature", "properties": { "Assessment_No": "CHN/136/00513", "Assessee": "Lakshmi Das", "Plinth_Area_SqFt": 961, "Usage": "Shop" }, "geometry": { "type": "Point", "coordinates": [ 80.240375837669987, 13.042403697843007 ] } },
{ "type": "Feature", "properties": { "Assessment_No": "CHN/136/00514", "Assessee": "Muthusamy Murthy", "Plinth_Area_SqFt": 3073, "Usage": "R" }, "geometry": { "type": "Point", "coordinates": [ 80.24208833973492, 13.03987194191693 ] } },
{ "type": "Feature", "properties": { "Assessment_No": "CHN/136/00515", "Assessee": "Saraswati Pillai", "Plinth_Area_SqFt": 5294, "Usage": "Mixed" }, "geometry": { "type": "Point", "coordinates": [ 80.239527248702018, 13.041578390126539 ] } },
{ "type": "Feature", "properties": { "Assessment_No": "CHN/136/00516", "Assessee": "Thiruvengadam Iyer", "Plinth_Area_SqFt": 1940, "Usage": "R" }, "geometry": { "type": "Point", "coordinates": [ 80.238477979723484, 13.04119806447245 ] } },
{ "type": "Feature", "properties": { "Assessment_No": "CHN/136/00517", "Assessee": "Shetty Mohammed", "Plinth_Area_SqFt": 1125, "Usage": "Mixed" }, "geometry": { "type": "Point", "coordinates": [ 80.239020637818996, 13.041526923631757 ] } },
{ "type": "Feature", "properties": { "Assessment_No": "CHN/136/00518", "Assessee": "Priya Das", "Plinth_Area_SqFt": 1575, "Usage": "Mixed" }, "geometry": { "type": "Point", "coordinates": [ 80.240419717179904, 13.039682170579656 ] } },
{ "type": "Feature", "properties": { "Assessment_No": "CHN/136/00519", "Assessee": "PARVATHI SHEIKH", "Plinth_Area_SqFt": 3232, "Usage": "Dwelling" }, "geometry": { "type": "Point", "coordinates": [ 80.241828675974091, 13.039903092947005 ] } },
{ "type": "Feature", "properties": { "Assessment_No": "CHN/136/00520", "Assessee": "Fathima Menon", "Plinth_Area_SqFt": 3134, "Usage": "R" }, "geometry": { "type": "Point", "coordinates": [ 80.241851319684471, 13.042319018640393 ] } },
{ "type": "Feature", "properties": { "Assessment_No": "CHN/136/00521", "Assessee": "RAHIM MENON", "Plinth_Area_SqFt": 5111, "Usage": "R" }, "geometry": { "type": "Point", "coordinates": [ 80.241786465955627, 13.042871590017707 ] } },
{ "type": "Feature", "properties": { "Assessment_No": "CHN/136/00522", "Assessee": "Khan Parvathi", "Plinth_Area_SqFt": 2485, "Usage": "Shop" }, "geometry": { "type": "Point", "coordinates": [ 80.240596382313427, 13.039685626924577 ] } },
{ "type": "Feature", "properties": { "Assessment_No": "CHN/136/00523", "Assessee": "Ramasamy Das", "Plinth_Area_SqFt": 1808, "Usage": "Dwelling" }, "geometry": { "type": "Point", "coordinates": [ 80.23850279203522, 13.039772984212266 ] } },
{ "type": "Feature", "properties": { "Assessment_No": "CHN/136/00524", "Assessee": "Anitha hSeikh", "Plinth_Area_SqFt": 952, "Usage": "Dwelling" }, "geometry": { "type": "Point", "coordinates": [ 80.239374201176943, 13.039408808205275 ] } },
{ "type": "Feature", "properties": { "Assessment_No": "CHN/136/00525", "Assessee": "Rahim Mudaliar", "Plinth_Area_SqFt": 2210, "Usage": "Dwelling" }, "geometry": { "type": "Point", "coordinates": [ 80.240544875678211, 13.039571812742034 ] } },
{ "type": "Feature", "properties": { "Assessment_No": "CHN/136/00526", "Assessee": "Parvathi Rao", "Plinth_Area_SqFt": 5242, "Usage": "R" }, "geometry": { "type": "Point", "coordinates": [ 80.242801125713711, 13.042915939182985 ] } },
{ "type": "Feature", "properties": { "Assessment_No": "CHN/136/00527", "Assessee": "Meenakshi Iyer", "Plinth_Area_SqFt": 1646, "Usage": "Dwelling" }, "geometry": { "type": "Point", "coordinates": [ 80.238506176594868, 13.039872968620745 ] } },
{ "type": "Feature", "properties": { "Assessment_No": "CHN/136/00528", "Assessee": "Parvathi Thevar", "Plinth_Area_SqFt": 1848, "Usage": "R" }, "geometry": { "type": "Point", "coordinates": [ 80.239939629614426, 13.039081772940532 ] } },
{ "type": "Feature", "properties": { "Assessment_No": "CHN/136/00529", "Assessee": "Meenakshi Menon", "Plinth_Area_SqFt": 2578, "Usage": "Dwelling" }, "geometry": { "type": "Point", "coordinates": [ 80.239145322225639, 13.03949006687138 ] } },
{ "type": "Feature", "properties": { "Assessment_No": "CHN/136/00530", "Assessee": "Cahndrasekar Sharma", "Plinth_Area_SqFt": 1522, "Usage": "Dwelling" }, "geometry": { "type": "Point", "coordinates": [ 80.238914022953892, 13.042199715413778 ] } },
{ "type": "Feature", "properties": { "Assessment_No": "CHN/136/00531", "Assessee": "Abdul Murthy", "Plinth_Area_SqFt": 1979, "Usage": "Dwelling" }, "geometry": { "type": "Point", "coordinates": [ 80.239212920324164, 13.042318876193159 ] } },
{ "type": "Feature", "properties": { "Assessment_No": "CHN/136/00532", "Assessee": "Priya Babu", "Plinth_Area_SqFt": 4802, "Usage": "Mixed" }, "geometry": { "type": "Point", "coordinates": [ 80.240898039026476, 13.040997848379883 ] } },
{ "type": "Feature", "properties": { "Assessment_No": "CHN/136/00533", "Assessee": "Venkatesh Mudaliar", "Plinth_Area_SqFt": 5469, "Usage": "R" }, "geometry": { "type": "Point", "coordinates": [ 80.242711102247057, 13.041643110565033 ] } },
{ "type": "Feature", "properties": { "Assessment_No": "CHN/136/00534", "Assessee": "R. Naidu", "Plinth_Area_SqFt": 2917, "Usage": "C" }, "geometry": { "type": "Point", "coordinates": [ 80.242245461745028, 13.042054082056532 ] } },
{ "type": "Feature", "properties": { "Assessment_No": "CHN/136/00535", "Assessee": "Annamalai Pillai", "Plinth_Area_SqFt": 2509, "Usage": "Dwelling" }, "geometry": { "type": "Point", "coordinates": [ 80.242804438708546, 13.042676796602137 ] } },
{ "type": "Feature", "properties": { "Assessment_No": "CHN/136/00536", "Assessee": "BALASUBRAMANIAN REDDY", "Plinth_Area_SqFt": 2600, "Usage": "Mixed" }, "geometry": { "type": "Point", "coordinates": [ 80.238422939557992, 13.039622603258124 ] } },
{ "type": "Feature", "properties": { "Assessment_No": "CHN/136/00537", "Assessee": "KANNAN MUDALIAR", "Plinth_Area_SqFt": 1190, "Usage": "R" }, "geometry": { "type": "Point", "coordinates": [ 80.240046654611291, 13.03907452630895 ] } },
{ "type": "Feature", "properties": { "Assessment_No": "CHN/136/00538", "Assessee": "Sharma Arun", "Plinth_Area_SqFt": 1390, "Usage": "R" }, "geometry": { "type": "Point", "coordinates": [ 80.239992189807296, 13.041401480509892 ] } },
{ "type": "Feature", "properties": { "Assessment_No": "CHN/136/00539", "Assessee": "Balasubramanian Shetty", "Plinth_Area_SqFt": 3710, "Usage": "Shop" }, "geometry": { "type": "Point", "coordinates": [ 80.238206303153106, 13.041274118374425 ] } },
{ "type": "Feature", "properties": { "Assessment_No": "CHN/136/00540", "Assessee": "Krishnan Gounder", "Plinth_Area_SqFt": 4630, "Usage": "R" }, "geometry": { "type": "Point", "coordinates": [ 80.238834370800831, 13.041275493837169 ] } },
{ "type": "Feature", "properties": { "Assessment_No": "CHN/136/00541", "Assessee": "Annamalai Murthy", "Plinth_Area_SqFt": 4883, "Usage": "R" }, "geometry": { "type": "Point", "coordinates": [ 80.238424503903374, 13.042295954198407 ] } },
{ "type": "Feature", "properties": { "Assessment_No": "CHN/136/00542", "Assessee": "Abdul Menon", "Plinth_Area_SqFt": 7481, "Usage": "R" }, "geometry": { "type": "Point", "coordinates": [ 80.242454340809175, 13.04218467527339 ] } },
{ "type": "Feature", "properties": { "Assessment_No": "CHN/136/00543", "Assessee": "Parvathi Murthy", "Plinth_Area_SqFt": 2434, "Usage": "C" }, "geometry": { "type": "Point", "coordinates": [ 80.239753874150821, 13.041064211377771 ] } },
{ "type": "Feature", "properties": { "Assessment_No": "CHN/136/00544", "Assessee": "SELVARAJ IYER", "Plinth_Area_SqFt": 6818, "Usage": "Dwelling" }, "geometry": { "type": "Point", "coordinates": [ 80.24244860278371, 13.040579456156934 ] } },
{ "type": "Feature", "properties": { "Assessment_No": "CHN/136/00545", "Assessee": "Priya Chettiar", "Plinth_Area_SqFt": 1531, "Usage": "Dwelling" }, "geometry": { "type": "Point", "coordinates": [ 80.238947684613692, 13.042349493101991 ] } },
{ "type": "Feature", "properties": { "Assessment_No": "CHN/136/00546", "Assessee": "Venkatesh Pillai", "Plinth_Area_SqFt": 2530, "Usage": "M" }, "geometry": { "type": "Point", "coordinates": [ 80.241156491792239, 13.042470106481785 ] } },
{ "type": "Feature", "properties": { "Assessment_No": "CHN/136/00547", "Assessee": "Muthusamy Babu", "Plinth_Area_SqFt": 4468, "Usage": "C" }, "geometry": { "type": "Point", "coordinates": [ 80.238843847085406, 13.041593889973665 ] } },
{ "type": "Feature", "properties": { "Assessment_No": "CHN/136/00548", "Assessee": "M. Menon", "Plinth_Area_SqFt": 2457, "Usage": "C" }, "geometry": { "type": "Point", "coordinates": [ 80.239626865123029, 13.041458945644139 ] } },
{ "type": "Feature", "properties": { "Assessment_No": "CHN/136/00549", "Assessee": "Chettiar, Rahim", "Plinth_Area_SqFt": 2055, "Usage": "C" }, "geometry": { "type": "Point", "coordinates": [ 80.239654413146553, 13.042158329804289 ] } },
{ "type": "Feature", "properties": { "Assessment_No": "CHN/136/00550", "Assessee": "Gounder, Subramanian", "Plinth_Area_SqFt": 1219, "Usage": "R" }, "geometry": { "type": "Point", "coordinates": [ 80.238732398851297, 13.042285360203266 ] } },
{ "type": "Feature", "properties": { "Assessment_No": "CHN/136/00551", "Assessee": "Venkatesh Menon", "Plinth_Area_SqFt": 2409, "Usage": "R" }, "geometry": { "type": "Point", "coordinates": [ 80.238813689434977, 13.039613154077189 ] } },
{ "type": "Feature", "properties": { "Assessment_No": "CHN/136/00552", "Assessee": "Selvaraj Iyer", "Plinth_Area_SqFt": 1118, "Usage": "Dwelling" }, "geometry": { "type": "Point", "coordinates": [ 80.238722813124582, 13.038670508018608 ] } },
{ "type": "Feature", "properties": { "Assessment_No": "CHN/136/00553", "Assessee": "Chandrasekar Khan", "Plinth_Area_SqFt": 3311, "Usage": "R" }, "geometry": { "type": "Point", "coordinates": [ 80.239258633311593, 13.03861907108057 ] } },
{ "type": "Feature", "properties": { "Assessment_No": "CHN/136/00554", "Assessee": "R. Naidu", "Plinth_Area_SqFt": 2142, "Usage": "R" }, "geometry": { "type": "Point", "coordinates": [ 80.238979762413962, 13.038291518341076 ] } },
{ "type": "Feature", "properties": { "Assessment_No": "CHN/136/00555", "Assessee": "Janaki Das", "Plinth_Area_SqFt": 3507, "Usage": "R" }, "geometry": { "type": "Point", "coordinates": [ 80.238275313659827, 13.037940856128403 ] } },
{ "type": "Feature", "properties": { "Assessment_No": "CHN/136/00556", "Assessee": "Deepak Mudaliar", "Plinth_Area_SqFt": 1270, "Usage": "Dwelling" }, "geometry": { "type": "Point", "coordinates": [ 80.23881673899534, 13.038158944508336 ] } },
{ "type": "Feature", "properties": { "Assessment_No": "CHN/136/00557", "Assessee": "Chandrasekar seikh", "Plinth_Area_SqFt": 757, "Usage": "Dwelling" }, "geometry": { "type": "Point", "coordinates": [ 80.239511048449856, 13.038635782170179 ] } },
{ "type": "Feature", "properties": { "Assessment_No": "CHN/136/00558", "Assessee": "Parvathi Kumar", "Plinth_Area_SqFt": 1324, "Usage": "Mixed" }, "geometry": { "type": "Point", "coordinates": [ 80.239482130184342, 13.038243976213741 ] } },
{ "type": "Feature", "properties": { "Assessment_No": "CHN/136/00559", "Assessee": "Abdu lMurthy", "Plinth_Area_SqFt": 1689, "Usage": "Shop" }, "geometry": { "type": "Point", "coordinates": [ 80.238941344885035, 13.039008923532982 ] } },
{ "type": "Feature", "properties": { "Assessment_No": "CHN/136/00560", "Assessee": "Deepak Gounder", "Plinth_Area_SqFt": 3178, "Usage": "Dwelling" }, "geometry": { "type": "Point", "coordinates": [ 80.238363366198413, 13.038386551778036 ] } },
{ "type": "Feature", "properties": { "Assessment_No": "CHN/136/00561", "Assessee": "A. Babu", "Plinth_Area_SqFt": 1803, "Usage": "R" }, "geometry": { "type": "Point", "coordinates": [ 80.238747736175753, 13.038556659830661 ] } },
{ "type": "Feature", "properties": { "Assessment_No": "CHN/136/00562", "Assessee": "Krishnan Thevar", "Plinth_Area_SqFt": 989, "Usage": "Dwelling" }, "geometry": { "type": "Point", "coordinates": [ 80.239327975968322, 13.03848077921465 ] } },
{ "type": "Feature", "properties": { "Assessment_No": "CHN/136/00563", "Assessee": "Subramnaian Thevar", "Plinth_Area_SqFt": 1497, "Usage": "R" }, "geometry": { "type": "Point", "coordinates": [ 80.238854996496386, 13.039026616875375 ] } },
{ "type": "Feature", "properties": { "Assessment_No": "CHN/136/00564", "Assessee": "Ramasamy Nair", "Plinth_Area_SqFt": 3834, "Usage": "Dwelling" }, "geometry": { "type": "Point", "coordinates": [ 80.238468163367742, 13.039054560913053 ] } },
{ "type": "Feature", "properties": { "Assessment_No": "CHN/136/00565", "Assessee": "Sundaram Thevar", "Plinth_Area_SqFt": 5907, "Usage": "Shop" }, "geometry": { "type": "Point", "coordinates": [ 80.238652754934449, 13.037913500107493 ] } },
{ "type": "Feature", "properties": { "Assessment_No": "CHN/136/00566", "Assessee": "R. Menon", "Plinth_Area_SqFt": 3931, "Usage": "Shop" }, "geometry": { "type": "Point", "coordinates": [ 80.239294833119928, 13.038897765432329 ] } },
{ "type": "Feature", "properties": { "Assessment_No": "CHN/136/00567", "Assessee": "Sarasathi Nair", "Plinth_Area_SqFt": 2005, "Usage": "C" }, "geometry": { "type": "Point", "coordinates": [ 80.238200730604774, 13.038241712666803 ] } },
{ "type": "Feature", "properties": { "Assessment_No": "CHN/136/00568", "Assessee": "Iyer, Lakshmi", "Plinth_Area_SqFt": 3043, "Usage": "Dwelling" }, "geometry": { "type": "Point", "coordinates": [ 80.238411097563542, 13.038663012835071 ] } },
{ "type": "Feature", "properties": { "Assessment_No": "CHN/136/00569", "Assessee": "Thiroovengadam Das", "Plinth_Area_SqFt": 1577, "Usage": "Shop" }, "geometry": { "type": "Point", "coordinates": [ 80.238542360750387, 13.038357699026221 ] } },
{ "type": "Feature", "properties": { "Assessment_No": "CHN/136/00570", "Assessee": "Subramanian Chettiar", "Plinth_Area_SqFt": 1438, "Usage": "Mixed" }, "geometry": { "type": "Point", "coordinates": [ 80.23805969126785, 13.038804264941714 ] } },
{ "type": "Feature", "properties": { "Assessment_No": "CHN/136/00571", "Assessee": "Deepak Thevar", "Plinth_Area_SqFt": 2337, "Usage": "Dwelling" }, "geometry": { "type": "Point", "coordinates": [ 80.239330682080308, 13.038264166655326 ] } },
{ "type": "Feature", "properties": { "Assessment_No": "CHN/136/00572", "Assessee": "Sundaram Gounder", "Plinth_Area_SqFt": 2105, "Usage": "R" }, "geometry": { "type": "Point", "coordinates": [ 80.238172340668356, 13.039104581111557 ] } },
{ "type": "Feature", "properties": { "Assessment_No": "CHN/136/00573", "Assessee": "R. Kumar", "Plinth_Area_SqFt": 2987, "Usage": "Mixed" }, "geometry": { "type": "Point", "coordinates": [ 80.238930636264953, 13.038666422295327 ] } },
{ "type": "Feature", "properties": { "Assessment_No": "CHN/136/00574", "Assessee": "Muthusamy Murthy", "Plinth_Area_SqFt": 841, "Usage": "C" }, "geometry": { "type": "Point", "coordinates": [ 80.239216539478178, 13.038493186367866 ] } },
{ "type": "Feature", "properties": { "Assessment_No": "CHN/136/00575", "Assessee": "Parvathi Gounder", "Plinth_Area_SqFt": 1987, "Usage": "C" }, "geometry": { "type": "Point", "coordinates": [ 80.239176503129514, 13.038119158694395 ] } },
{ "type": "Feature", "properties": { "Assessment_No": "CHN/136/00576", "Assessee": "Gopalakrishnan Mudaliar", "Plinth_Area_SqFt": 1400, "Usage": "Dwelling" }, "geometry": { "type": "Point", "coordinates": [ 80.238965347649582, 13.038805215620277 ] } },
{ "type": "Feature", "properties": { "Assessment_No": "CHN/136/00577", "Assessee": "Rajeshwari Naidu", "Plinth_Area_SqFt": 2762, "Usage": "R" }, "geometry": { "type": "Point", "coordinates": [ 80.239450937864461, 13.03891003647157 ] } },
{ "type": "Feature", "properties": { "Assessment_No": "CHN/136/00578", "Assessee": "Ramesh Chettiar", "Plinth_Area_SqFt": 1938, "Usage": "Shop" }, "geometry": { "type": "Point", "coordinates": [ 80.238182079063904, 13.038424277548382 ] } },
{ "type": "Feature", "properties": { "Assessment_No": "CHN/136/00579", "Assessee": "Gopalakrishnan Gounder", "Plinth_Area_SqFt": 4602, "Usage": "Shop" }, "geometry": { "type": "Point", "coordinates": [ 80.23933313479543, 13.03813076875546 ] } },
{ "type": "Feature", "properties": { "Assessment_No": "CHN/136/00580", "Assessee": "Rahim Kumar", "Plinth_Area_SqFt": 9594, "Usage": "Mixed" }, "geometry": { "type": "Point", "coordinates": [ 80.239814847508811, 13.042571748359048 ] } },
{ "type": "Feature", "properties": { "Assessment_No": "CHN/136/00581", "Assessee": "Vijayalakshmi Chettiar", "Plinth_Area_SqFt": 4012, "Usage": "C" }, "geometry": { "type": "Point", "coordinates": [ 80.240182010716026, 13.043014211837527 ] } },
{ "type": "Feature", "properties": { "Assessment_No": "CHN/136/00582", "Assessee": "Selvaraj Thevar", "Plinth_Area_SqFt": 3993, "Usage": "R" }, "geometry": { "type": "Point", "coordinates": [ 80.240412742874256, 13.042938926149438 ] } },
{ "type": "Feature", "properties": { "Assessment_No": "CHN/136/00583", "Assessee": "Shetty Anitha", "Plinth_Area_SqFt": 854, "Usage": "R" }, "geometry": { "type": "Point", "coordinates": [ 80.238067817814041, 13.042368219939059 ] } },
{ "type": "Feature", "properties": { "Assessment_No": "CHN/136/00584", "Assessee": "Suresh Pillai", "Plinth_Area_SqFt": 4345, "Usage": "R" }, "geometry": { "type": "Point", "coordinates": [ 80.240627666579172, 13.042933926436096 ] } },
{ "type": "Feature", "properties": { "Assessment_No": "CHN/136/00585", "Assessee": "Khan, Venkatesh", "Plinth_Area_SqFt": 1803, "Usage": "Dwelling" }, "geometry": { "type": "Point", "coordinates": [ 80.238293399204068, 13.042061839189877 ] } },
{ "type": "Feature", "properties": { "Assessment_No": "CHN/136/00586", "Assessee": "Balasubramanian Rao", "Plinth_Area_SqFt": 4063, "Usage": "R" }, "geometry": { "type": "Point", "coordinates": [ 80.239939009515822, 13.043011149277142 ] } },
{ "type": "Feature", "properties": { "Assessment_No": "CHN/136/00587", "Assessee": "Rajeshwari Naidu", "Plinth_Area_SqFt": 1030, "Usage": "Dwelling" }, "geometry": { "type": "Point", "coordinates": [ 80.238107552013517, 13.042263872114228 ] } },
{ "type": "Feature", "properties": { "Assessment_No": "CHN/136/00588", "Assessee": "Parvathi Pillai", "Plinth_Area_SqFt": 1673, "Usage": "Dwelling" }, "geometry": { "type": "Point", "coordinates": [ 80.238088154339991, 13.042194645415268 ] } },
{ "type": "Feature", "properties": { "Assessment_No": "CHN/136/00589", "Assessee": "Ramesh Murthy", "Plinth_Area_SqFt": 1453, "Usage": "R" }, "geometry": { "type": "Point", "coordinates": [ 80.238058296478812, 13.042491958967432 ] } },
{ "type": "Feature", "properties": { "Assessment_No": "CHN/136/00590", "Assessee": "Suresh Kumar", "Plinth_Area_SqFt": 3639, "Usage": "Shop" }, "geometry": { "type": "Point", "coordinates": [ 80.238612240104018, 13.040824349513905 ] } },
{ "type": "Feature", "properties": { "Assessment_No": "CHN/136/00591", "Assessee": "Suresh Raman", "Plinth_Area_SqFt": 2289, "Usage": "R" }, "geometry": { "type": "Point", "coordinates": [ 80.238216174295118, 13.040984883491046 ] } },
{ "type": "Feature", "properties": { "Assessment_No": "CHN/136/00592", "Assessee": "Selvaraj Naidu", "Plinth_Area_SqFt": 1692, "Usage": "R" }, "geometry": { "type": "Point", "coordinates": [ 80.238139328449591, 13.040844543501063 ] } },
{ "type": "Feature", "properties": { "Assessment_No": "CHN/136/00593", "Assessee": "Balasubramanian Menon", "Plinth_Area_SqFt": 2679, "Usage": "C" }, "geometry": { "type": "Point", "coordinates": [ 80.239566695427655, 13.040779217451124 ] } },
{ "type": "Feature", "properties": { "Assessment_No": "CHN/136/00594", "Assessee": "Chandrasekar Das", "Plinth_Area_SqFt": 2088, "Usage": "Dwelling" }, "geometry": { "type": "Point", "coordinates": [ 80.239197987816723, 13.040825969671275 ] } },
{ "type": "Feature", "properties": { "Assessment_No": "CHN/136/00595", "Assessee": "Priya Murthy", "Plinth_Area_SqFt": 1680, "Usage": "Dwelling" }, "geometry": { "type": "Point", "coordinates": [ 80.239874818914942, 13.040664993490669 ] } },
{ "type": "Feature", "properties": { "Assessment_No": "CHN/136/00596", "Assessee": "Sundaram Rao", "Plinth_Area_SqFt": 1223, "Usage": "C" }, "geometry": { "type": "Point", "coordinates": [ 80.239402997625788, 13.040783378157487 ] } },
{ "type": "Feature", "properties": { "Assessment_No": "CHN/136/00597", "Assessee": "Meenakshi Nair", "Plinth_Area_SqFt": 3690, "Usage": "R" }, "geometry": { "type": "Point", "coordinates": [ 80.240372254369774, 13.040627645370163 ] } },
{ "type": "Feature", "properties": { "Assessment_No": "CHN/136/00598", "Assessee": "Fathima Naidu", "Plinth_Area_SqFt": 4423, "Usage": "Mixed" }, "geometry": { "type": "Point", "coordinates": [ 80.241148254953572, 13.041510990128163 ] } },
{ "type": "Feature", "properties": { "Assessment_No": "CHN/136/00599", "Assessee": "Parvathi Gounder", "Plinth_Area_SqFt": 3171, "Usage": "R" }, "geometry": { "type": "Point", "coordinates": [ 80.23877094536013, 13.040880737129296 ] } },
{ "type": "Feature", "properties": { "Assessment_No": "CHN/136/00600", "Assessee": "Arun Kumar", "Plinth_Area_SqFt": 4755, "Usage": "Dwelling" }, "geometry": { "type": "Point", "coordinates": [ 80.238261187374093, 13.038719325352698 ] } },
{ "type": "Feature", "properties": { "Assessment_No": "CHN/136/00601", "Assessee": "Fatima Das", "Plinth_Area_SqFt": 1657, "Usage": "Mixed" }, "geometry": { "type": "Point", "coordinates": [ 80.242065086112461, 13.038611016049506 ] } },
{ "type": "Feature", "properties": { "Assessment_No": "CHN/136/00602", "Assessee": "A. Mudaliar", "Plinth_Area_SqFt": 2301, "Usage": "Dwelling" }, "geometry": { "type": "Point", "coordinates": [ 80.238587945760415, 13.038672445683302 ] } },
{ "type": "Feature", "properties": { "Assessment_No": "CHN/136/00603", "Assessee": "Annamalai Iyer", "Plinth_Area_SqFt": 1207, "Usage": "Mixed" }, "geometry": { "type": "Point", "coordinates": [ 80.238657880183794, 13.038950794724487 ] } },
{ "type": "Feature", "properties": { "Assessment_No": "CHN/136/00604", "Assessee": "F. Nair", "Plinth_Area_SqFt": 3264, "Usage": "Dwelling" }, "geometry": { "type": "Point", "coordinates": [ 80.241524727101236, 13.038705066751385 ] } },
{ "type": "Feature", "properties": { "Assessment_No": "CHN/136/00605", "Assessee": "Krishnan Reddy", "Plinth_Area_SqFt": 2503, "Usage": "R" }, "geometry": { "type": "Point", "coordinates": [ 80.242302106474057, 13.038907203529801 ] } },
{ "type": "Feature", "properties": { "Assessment_No": "CHN/136/00606", "Assessee": "Ramasamy Naidu", "Plinth_Area_SqFt": 4543, "Usage": "Dwelling" }, "geometry": { "type": "Point", "coordinates": [ 80.239937674495536, 13.038830583971164 ] } },
{ "type": "Feature", "properties": { "Assessment_No": "CHN/136/00607", "Assessee": "Venkatesh Khan", "Plinth_Area_SqFt": 2295, "Usage": "R" }, "geometry": { "type": "Point", "coordinates": [ 80.238472598360588, 13.042491522339571 ] } },
{ "type": "Feature", "properties": { "Assessment_No": "CHN/136/00608", "Assessee": "Meenakshi Das", "Plinth_Area_SqFt": 3632, "Usage": "R" }, "geometry": { "type": "Point", "coordinates": [ 80.240127309101965, 13.039631259608996 ] } },
{ "type": "Feature", "properties": { "Assessment_No": "CHN/136/00609", "Assessee": "Chandrasekar Khan", "Plinth_Area_SqFt": 2686, "Usage": "Shop" }, "geometry": { "type": "Point", "coordinates": [ 80.240139152081866, 13.039746217215034 ] } },
{ "type": "Feature", "properties": { "Assessment_No": "CHN/136/00610", "Assessee": "Rajeshwari Sheikh", "Plinth_Area_SqFt": 5213, "Usage": "R" }, "geometry": { "type": "Point", "coordinates": [ 80.239017650449611, 13.039478600383786 ] } },
{ "type": "Feature", "properties": { "Assessment_No": "CHN/136/00611", "Assessee": "Rahim Mudaliar", "Plinth_Area_SqFt": 3591, "Usage": "C" }, "geometry": { "type": "Point", "coordinates": [ 80.24004644939393, 13.039980079743886 ] } },
{ "type": "Feature", "properties": { "Assessment_No": "CHN/136/00612", "Assessee": "Gopalakrishnan Khan", "Plinth_Area_SqFt": 6300, "Usage": "Dwelling" }, "geometry": { "type": "Point", "coordinates": [ 80.240202094137828, 13.039962152383007 ] } },
{ "type": "Feature", "properties": { "Assessment_No": "CHN/136/00613", "Assessee": "Babu, Mohammed", "Plinth_Area_SqFt": 1636, "Usage": "Dwelling" }, "geometry": { "type": "Point", "coordinates": [ 80.240305495753375, 13.040105754314535 ] } },
{ "type": "Feature", "properties": { "Assessment_No": "CHN/136/00614", "Assessee": "Fathima Khan", "Plinth_Area_SqFt": 656, "Usage": "R" }, "geometry": { "type": "Point", "coordinates": [ 80.240404595536774, 13.040194635305426 ] } },
{ "type": "Feature", "properties": { "Assessment_No": "CHN/136/00615", "Assessee": "Arun Khan", "Plinth_Area_SqFt": 995, "Usage": "Dwelling" }, "geometry": { "type": "Point", "coordinates": [ 80.240534633693926, 13.040159899039665 ] } },
{ "type": "Feature", "properties": { "Assessment_No": "CHN/136/00616", "Assessee": "Vijayalakshmi Reddy", "Plinth_Area_SqFt": 7914, "Usage": "Dwelling" }, "geometry": { "type": "Point", "coordinates": [ 80.233260707257813, 13.046805892838583 ] } },
{ "type": "Feature", "properties": { "Assessment_No": "CHN/136/00617", "Assessee": "Venkatesh Gounder", "Plinth_Area_SqFt": 2162, "Usage": "Dwelling" }, "geometry": { "type": "Point", "coordinates": [ 80.234499106774607, 13.044984761848346 ] } },
{ "type": "Feature", "properties": { "Assessment_No": "CHN/136/00618", "Assessee": "Subramanian Mudaliar", "Plinth_Area_SqFt": 2123, "Usage": "R" }, "geometry": { "type": "Point", "coordinates": [ 80.234313836507312, 13.04410984222555 ] } },
{ "type": "Feature", "properties": { "Assessment_No": "CHN/136/00619", "Assessee": "Ramasamy Reddy", "Plinth_Area_SqFt": 3629, "Usage": "Dwelling" }, "geometry": { "type": "Point", "coordinates": [ 80.234775098117439, 13.043855144351355 ] } },
{ "type": "Feature", "properties": { "Assessment_No": "CHN/136/00620", "Assessee": "Balasubramainan Sheikh", "Plinth_Area_SqFt": 2342, "Usage": "Shop" }, "geometry": { "type": "Point", "coordinates": [ 80.234405907034699, 13.043318943722801 ] } },
{ "type": "Feature", "properties": { "Assessment_No": "CHN/136/00621", "Assessee": "Chandrasekar Pillai", "Plinth_Area_SqFt": 5048, "Usage": "Dwelling" }, "geometry": { "type": "Point", "coordinates": [ 80.235056750933012, 13.044386366687373 ] } },
{ "type": "Feature", "properties": { "Assessment_No": "CHN/136/00622", "Assessee": "Suresh Rao", "Plinth_Area_SqFt": 4502, "Usage": "Dwelling" }, "geometry": { "type": "Point", "coordinates": [ 80.235296015886206, 13.044347818898418 ] } },
{ "type": "Feature", "properties": { "Assessment_No": "CHN/136/00623", "Assessee": "R. Thevar", "Plinth_Area_SqFt": 2479, "Usage": "Mixed" }, "geometry": { "type": "Point", "coordinates": [ 80.23413720765484, 13.04398551065905 ] } },
{ "type": "Feature", "properties": { "Assessment_No": "CHN/136/00624", "Assessee": "Sharma, Thiruvengadam", "Plinth_Area_SqFt": 3558, "Usage": "Shop" }, "geometry": { "type": "Point", "coordinates": [ 80.237477606546932, 13.047317627123059 ] } },
{ "type": "Feature", "properties": { "Assessment_No": "CHN/136/00625", "Assessee": "Annamlaai Gounder", "Plinth_Area_SqFt": 1592, "Usage": "Shop" }, "geometry": { "type": "Point", "coordinates": [ 80.234052870821571, 13.044747410371277 ] } },
{ "type": "Feature", "properties": { "Assessment_No": "CHN/136/00626", "Assessee": "Rahim Nair", "Plinth_Area_SqFt": 2046, "Usage": "Dwelling" }, "geometry": { "type": "Point", "coordinates": [ 80.233689690796339, 13.043618407033339 ] } },
{ "type": "Feature", "properties": { "Assessment_No": "CHN/136/00627", "Assessee": "Mohammed Rao", "Plinth_Area_SqFt": 3812, "Usage": "Mixed" }, "geometry": { "type": "Point", "coordinates": [ 80.236706502108802, 13.04746607532727 ] } },
{ "type": "Feature", "properties": { "Assessment_No": "CHN/136/00628", "Assessee": "ANNAMALAI MENON", "Plinth_Area_SqFt": 2401, "Usage": "Dwelling" }, "geometry": { "type": "Point", "coordinates": [ 80.233628936802461, 13.044043750442714 ] } },
{ "type": "Feature", "properties": { "Assessment_No": "CHN/136/00629", "Assessee": "RAMASAMY KHAN", "Plinth_Area_SqFt": 484, "Usage": "Dwelling" }, "geometry": { "type": "Point", "coordinates": [ 80.233721048447592, 13.044559577956106 ] } },
{ "type": "Feature", "properties": { "Assessment_No": "CHN/136/00630", "Assessee": "Meenakshi Das", "Plinth_Area_SqFt": 2049, "Usage": "Dwelling" }, "geometry": { "type": "Point", "coordinates": [ 80.233180696144586, 13.04353731370974 ] } },
{ "type": "Feature", "properties": { "Assessment_No": "CHN/136/00631", "Assessee": "Parvathi Chettiar", "Plinth_Area_SqFt": 2386, "Usage": "Shop" }, "geometry": { "type": "Point", "coordinates": [ 80.233785949118825, 13.044010737344854 ] } },
{ "type": "Feature", "properties": { "Assessment_No": "CHN/136/00632", "Assessee": "Abdul Reddy", "Plinth_Area_SqFt": 1754, "Usage": "Dwelling" }, "geometry": { "type": "Point", "coordinates": [ 80.234698904101393, 13.043493813136067 ] } },
{ "type": "Feature", "properties": { "Assessment_No": "CHN/136/00633", "Assessee": "Gopalakrisnan Raman", "Plinth_Area_SqFt": 2387, "Usage": "C" }, "geometry": { "type": "Point", "coordinates": [ 80.233061263802924, 13.043501482319163 ] } },
{ "type": "Feature", "properties": { "Assessment_No": "CHN/136/00634", "Assessee": "Shetty, Ramasamy", "Plinth_Area_SqFt": 1770, "Usage": "R" }, "geometry": { "type": "Point", "coordinates": [ 80.234792897219947, 13.044894448105717 ] } },
{ "type": "Feature", "properties": { "Assessment_No": "CHN/136/00635", "Assessee": "Abdul yIer", "Plinth_Area_SqFt": 3588, "Usage": "R" }, "geometry": { "type": "Point", "coordinates": [ 80.234355873470946, 13.045082574623107 ] } },
{ "type": "Feature", "properties": { "Assessment_No": "CHN/136/00636", "Assessee": "Balasubramanian Mudaliar", "Plinth_Area_SqFt": 2128, "Usage": "R" }, "geometry": { "type": "Point", "coordinates": [ 80.236279640752414, 13.047551563925161 ] } },
{ "type": "Feature", "properties": { "Assessment_No": "CHN/136/00637", "Assessee": "Krishnan Raman", "Plinth_Area_SqFt": 1319, "Usage": "R" }, "geometry": { "type": "Point", "coordinates": [ 80.234509781210264, 13.044360833444257 ] } },
{ "type": "Feature", "properties": { "Assessment_No": "CHN/136/00638", "Assessee": "Sundaram Kumar", "Plinth_Area_SqFt": 2816, "Usage": "Shop" }, "geometry": { "type": "Point", "coordinates": [ 80.234046235645295, 13.045251044531097 ] } },
{ "type": "Feature", "properties": { "Assessment_No": "CHN/136/00639", "Assessee": "Shetty Sundaram", "Plinth_Area_SqFt": 1572, "Usage": "C" }, "geometry": { "type": "Point", "coordinates": [ 80.234699788200516, 13.044927225307395 ] } },
{ "type": "Feature", "properties": { "Assessment_No": "CHN/136/00640", "Assessee": "Priya Naidu", "Plinth_Area_SqFt": 1968, "Usage": "Dwelling" }, "geometry": { "type": "Point", "coordinates": [ 80.234541202761406, 13.045193858339836 ] } },
{ "type": "Feature", "properties": { "Assessment_No": "CHN/136/00641", "Assessee": "Rahim Reddy", "Plinth_Area_SqFt": 335, "Usage": "Dwelling" }, "geometry": { "type": "Point", "coordinates": [ 80.233019445783853, 13.043088021203117 ] } },
{ "type": "Feature", "properties": { "Assessment_No": "CHN/136/00642", "Assessee": "Saraswathi Kumar", "Plinth_Area_SqFt": 3422, "Usage": "R" }, "geometry": { "type": "Point", "coordinates": [ 80.238021888269358, 13.046792222163415 ] } },
{ "type": "Feature", "properties": { "Assessment_No": "CHN/136/00643", "Assessee": "Arun Rao", "Plinth_Area_SqFt": 909, "Usage": "R" }, "geometry": { "type": "Point", "coordinates": [ 80.234585147283084, 13.044374062199271 ] } },
{ "type": "Feature", "properties": { "Assessment_No": "CHN/136/00644", "Assessee": "Thevar, Chandrasekar", "Plinth_Area_SqFt": 3264, "Usage": "C" }, "geometry": { "type": "Point", "coordinates": [ 80.235534192578328, 13.045666481036648 ] } },
{ "type": "Feature", "properties": { "Assessment_No": "CHN/136/00645", "Assessee": "Mohammed Pillay", "Plinth_Area_SqFt": 1032, "Usage": "Shop" }, "geometry": { "type": "Point", "coordinates": [ 80.23469634925587, 13.044606106632145 ] } },
{ "type": "Feature", "properties": { "Assessment_No": "CHN/136/00646", "Assessee": "Anitha Nair", "Plinth_Area_SqFt": 1832, "Usage": "R" }, "geometry": { "type": "Point", "coordinates": [ 80.2372357642124, 13.047423649010989 ] } },
{ "type": "Feature", "properties": { "Assessment_No": "CHN/136/00647", "Assessee": "CHANDRASEKAR DAS", "Plinth_Area_SqFt": 2773, "Usage": "R" }, "geometry": { "type": "Point", "coordinates": [ 80.235306780034918, 13.045738424069464 ] } },
{ "type": "Feature", "properties": { "Assessment_No": "CHN/136/00648", "Assessee": "Babu Fathima", "Plinth_Area_SqFt": 1278, "Usage": "Mixed" }, "geometry": { "type": "Point", "coordinates": [ 80.234767962651333, 13.044581401834469 ] } },
{ "type": "Feature", "properties": { "Assessment_No": "CHN/136/00649", "Assessee": "Suresh Pillai", "Plinth_Area_SqFt": 1566, "Usage": "Dwelling" }, "geometry": { "type": "Point", "coordinates": [ 80.23715623380842, 13.047278329584715 ] } },
{ "type": "Feature", "properties": { "Assessment_No": "CHN/136/00650", "Assessee": "Vijayalaksmi Raman", "Plinth_Area_SqFt": 901, "Usage": "M" }, "geometry": { "type": "Point", "coordinates": [ 80.233829726264318, 13.044771833381766 ] } },
{ "type": "Feature", "properties": { "Assessment_No": "CHN/136/00651", "Assessee": "Meenakshi Mudaliar", "Plinth_Area_SqFt": 2350, "Usage": "Dwelling" }, "geometry": { "type": "Point", "coordinates": [ 80.233357037362993, 13.043694782479575 ] } },
{ "type": "Feature", "properties": { "Assessment_No": "CHN/136/00652", "Assessee": "Anitha Babu", "Plinth_Area_SqFt": 5733, "Usage": "R" }, "geometry": { "type": "Point", "coordinates": [ 80.236822141127817, 13.047072622445512 ] } },
{ "type": "Feature", "properties": { "Assessment_No": "CHN/136/00653", "Assessee": "Rajeshwari Murthy", "Plinth_Area_SqFt": 1304, "Usage": "Dwelling" }, "geometry": { "type": "Point", "coordinates": [ 80.23392021310093, 13.044784441056919 ] } },
{ "type": "Feature", "properties": { "Assessment_No": "CHN/136/00654", "Assessee": "Balasubramanian Reddy", "Plinth_Area_SqFt": 2032, "Usage": "Dwelling" }, "geometry": { "type": "Point", "coordinates": [ 80.233574514007657, 13.043194219590495 ] } },
{ "type": "Feature", "properties": { "Assessment_No": "CHN/136/00655", "Assessee": "Sundaram Kumar", "Plinth_Area_SqFt": 2003, "Usage": "Dwelling" }, "geometry": { "type": "Point", "coordinates": [ 80.233517257544491, 13.04366215920645 ] } },
{ "type": "Feature", "properties": { "Assessment_No": "CHN/136/00656", "Assessee": "Gopalakrishnan Menon", "Plinth_Area_SqFt": 2026, "Usage": "Dwelling" }, "geometry": { "type": "Point", "coordinates": [ 80.236637843623072, 13.047238390747793 ] } },
{ "type": "Feature", "properties": { "Assessment_No": "CHN/136/00657", "Assessee": "Sundaram Reddy", "Plinth_Area_SqFt": 1963, "Usage": "R" }, "geometry": { "type": "Point", "coordinates": [ 80.233531218294317, 13.044305188440028 ] } },
{ "type": "Feature", "properties": { "Assessment_No": "CHN/136/00658", "Assessee": "Sundaram Pillai", "Plinth_Area_SqFt": 1512, "Usage": "Dwelling" }, "geometry": { "type": "Point", "coordinates": [ 80.233949767505393, 13.043962535684498 ] } },
{ "type": "Feature", "properties": { "Assessment_No": "CHN/136/00659", "Assessee": "Ramasamy Gounder", "Plinth_Area_SqFt": 1357, "Usage": "Dwelling" }, "geometry": { "type": "Point", "coordinates": [ 80.233052321115196, 13.043219973699282 ] } },
{ "type": "Feature", "properties": { "Assessment_No": "CHN/136/00660", "Assessee": "Arun Naidu", "Plinth_Area_SqFt": 1261, "Usage": "C" }, "geometry": { "type": "Point", "coordinates": [ 80.234193764088815, 13.044403323925867 ] } },
{ "type": "Feature", "properties": { "Assessment_No": "CHN/136/00661", "Assessee": "Rames Chettiar", "Plinth_Area_SqFt": 1793, "Usage": "Dwelling" }, "geometry": { "type": "Point", "coordinates": [ 80.233597484687664, 13.045305352288331 ] } },
{ "type": "Feature", "properties": { "Assessment_No": "CHN/136/00662", "Assessee": "Priya Pillay", "Plinth_Area_SqFt": 2050, "Usage": "R" }, "geometry": { "type": "Point", "coordinates": [ 80.234880015078517, 13.044900449277613 ] } },
{ "type": "Feature", "properties": { "Assessment_No": "CHN/136/00663", "Assessee": "Gopalakrishnan Kumar", "Plinth_Area_SqFt": 1654, "Usage": "Dwelling" }, "geometry": { "type": "Point", "coordinates": [ 80.233269671033995, 13.044281643866245 ] } },
{ "type": "Feature", "properties": { "Assessment_No": "CHN/136/00664", "Assessee": "Subramanian Nair", "Plinth_Area_SqFt": 1980, "Usage": "Mixed" }, "geometry": { "type": "Point", "coordinates": [ 80.234145775045548, 13.044993455894398 ] } },
{ "type": "Feature", "properties": { "Assessment_No": "CHN/136/00665", "Assessee": "Annamalai Khan", "Plinth_Area_SqFt": 3193, "Usage": "Shop" }, "geometry": { "type": "Point", "coordinates": [ 80.2343814992349, 13.044424303783373 ] } },
{ "type": "Feature", "properties": { "Assessment_No": "CHN/136/00666", "Assessee": "F. Gounder", "Plinth_Area_SqFt": 2868, "Usage": "Dwelling" }, "geometry": { "type": "Point", "coordinates": [ 80.235607157164978, 13.04603663607285 ] } },
{ "type": "Feature", "properties": { "Assessment_No": "CHN/136/00667", "Assessee": "PARVATHI IYER", "Plinth_Area_SqFt": 2086, "Usage": "R" }, "geometry": { "type": "Point", "coordinates": [ 80.233695064375155, 13.045308047993235 ] } },
{ "type": "Feature", "properties": { "Assessment_No": "CHN/136/00668", "Assessee": "Suresh Babu", "Plinth_Area_SqFt": 3190, "Usage": "R" }, "geometry": { "type": "Point", "coordinates": [ 80.23385757286033, 13.045045939302874 ] } },
{ "type": "Feature", "properties": { "Assessment_No": "CHN/136/00669", "Assessee": "Rahim Gounder", "Plinth_Area_SqFt": 3732, "Usage": "Shop" }, "geometry": { "type": "Point", "coordinates": [ 80.235466229550212, 13.045842004417116 ] } },
{ "type": "Feature", "properties": { "Assessment_No": "CHN/136/00670", "Assessee": "Subramanian Sharma", "Plinth_Area_SqFt": 1482, "Usage": "Dwelling" }, "geometry": { "type": "Point", "coordinates": [ 80.234909143766032, 13.043811292800406 ] } },
{ "type": "Feature", "properties": { "Assessment_No": "CHN/136/00671", "Assessee": "Annamalai Babu", "Plinth_Area_SqFt": 2134, "Usage": "R" }, "geometry": { "type": "Point", "coordinates": [ 80.23705203578794, 13.046926329812356 ] } },
{ "type": "Feature", "properties": { "Assessment_No": "CHN/136/00672", "Assessee": "Ramesh Sharma", "Plinth_Area_SqFt": 2030, "Usage": "R" }, "geometry": { "type": "Point", "coordinates": [ 80.233600721048063, 13.044702113415994 ] } },
{ "type": "Feature", "properties": { "Assessment_No": "CHN/136/00673", "Assessee": "Subramanian uMrthy", "Plinth_Area_SqFt": 2354, "Usage": "R" }, "geometry": { "type": "Point", "coordinates": [ 80.233061931691523, 13.043668884770449 ] } },
{ "type": "Feature", "properties": { "Assessment_No": "CHN/136/00674", "Assessee": "Balasubramanian Shetty", "Plinth_Area_SqFt": 2897, "Usage": "R" }, "geometry": { "type": "Point", "coordinates": [ 80.237969831840374, 13.047171013235433 ] } },
{ "type": "Feature", "properties": { "Assessment_No": "CHN/136/00675", "Assessee": "Parvtahi Mudaliar", "Plinth_Area_SqFt": 1284, "Usage": "Shop" }, "geometry": { "type": "Point", "coordinates": [ 80.23371743513276, 13.044787994208239 ] } },
{ "type": "Feature", "properties": { "Assessment_No": "CHN/136/00676", "Assessee": "Muthusamy Thevar", "Plinth_Area_SqFt": 2245, "Usage": "Shop" }, "geometry": { "type": "Point", "coordinates": [ 80.233210590306712, 13.043715116022488 ] } },
{ "type": "Feature", "properties": { "Assessment_No": "CHN/136/00677", "Assessee": "Sundaram Gounder", "Plinth_Area_SqFt": 3594, "Usage": "Dwelling" }, "geometry": { "type": "Point", "coordinates": [ 80.237392086988464, 13.046920270355624 ] } },
{ "type": "Feature", "properties": { "Assessment_No": "CHN/136/00678", "Assessee": "Vijayalakshmi Pillai", "Plinth_Area_SqFt": 3718, "Usage": "Dwelling" }, "geometry": { "type": "Point", "coordinates": [ 80.234738822285181, 13.045149769488027 ] } },
{ "type": "Feature", "properties": { "Assessment_No": "CHN/136/00679", "Assessee": "Arun Sharma", "Plinth_Area_SqFt": 1449, "Usage": "Dwelling" }, "geometry": { "type": "Point", "coordinates": [ 80.235909944129531, 13.044072992213042 ] } },
{ "type": "Feature", "properties": { "Assessment_No": "CHN/136/00680", "Assessee": "Thiruvengadam Sheikh", "Plinth_Area_SqFt": 646, "Usage": "M" }, "geometry": { "type": "Point", "coordinates": [ 80.234511714900108, 13.044630306934648 ] } },
{ "type": "Feature", "properties": { "Assessment_No": "CHN/136/00681", "Assessee": "Rahim Shetty", "Plinth_Area_SqFt": 2805, "Usage": "Dwelling" }, "geometry": { "type": "Point", "coordinates": [ 80.233506255102924, 13.043461020759853 ] } },
{ "type": "Feature", "properties": { "Assessment_No": "CHN/136/00682", "Assessee": "Mohammed Pillai", "Plinth_Area_SqFt": 2681, "Usage": "Shop" }, "geometry": { "type": "Point", "coordinates": [ 80.23338815278332, 13.045383020618264 ] } },
{ "type": "Feature", "properties": { "Assessment_No": "CHN/136/00683", "Assessee": "Annamalai Thevar", "Plinth_Area_SqFt": 1529, "Usage": "R" }, "geometry": { "type": "Point", "coordinates": [ 80.234611191822268, 13.043854777140998 ] } },
{ "type": "Feature", "properties": { "Assessment_No": "CHN/136/00684", "Assessee": "Suresh Kumar", "Plinth_Area_SqFt": 1108, "Usage": "M" }, "geometry": { "type": "Point", "coordinates": [ 80.234629536058733, 13.044978612278069 ] } },
{ "type": "Feature", "properties": { "Assessment_No": "CHN/136/00685", "Assessee": "Pillai Ramesh", "Plinth_Area_SqFt": 2360, "Usage": "Dwelling" }, "geometry": { "type": "Point", "coordinates": [ 80.234501807536034, 13.044111130042751 ] } },
{ "type": "Feature", "properties": { "Assessment_No": "CHN/136/00686", "Assessee": "Selvaraj Das", "Plinth_Area_SqFt": 1466, "Usage": "Dwelling" }, "geometry": { "type": "Point", "coordinates": [ 80.235554802948016, 13.04535223141175 ] } },
{ "type": "Feature", "properties": { "Assessment_No": "CHN/136/00687", "Assessee": "Ramasamy Menon", "Plinth_Area_SqFt": 2668, "Usage": "Dwelling" }, "geometry": { "type": "Point", "coordinates": [ 80.236429306313809, 13.043922785533697 ] } },
{ "type": "Feature", "properties": { "Assessment_No": "CHN/136/00688", "Assessee": "Subramanian Pillai", "Plinth_Area_SqFt": 4065, "Usage": "Dwelling" }, "geometry": { "type": "Point", "coordinates": [ 80.232913931591625, 13.043262890249823 ] } },
{ "type": "Feature", "properties": { "Assessment_No": "CHN/136/00689", "Assessee": "SARASWATHI SHETTY", "Plinth_Area_SqFt": 711, "Usage": "Dwelling" }, "geometry": { "type": "Point", "coordinates": [ 80.234572672461312, 13.044641663248983 ] } },
{ "type": "Feature", "properties": { "Assessment_No": "CHN/136/00690", "Assessee": "Arun Pillai", "Plinth_Area_SqFt": 2735, "Usage": "Dwelling" }, "geometry": { "type": "Point", "coordinates": [ 80.235413721413849, 13.044772624422752 ] } },
{ "type": "Feature", "properties": { "Assessment_No": "CHN/136/00691", "Assessee": "Naidu Abdul", "Plinth_Area_SqFt": 2218, "Usage": "Dwelling" }, "geometry": { "type": "Point", "coordinates": [ 80.233491568095587, 13.045347997164761 ] } },
{ "type": "Feature", "properties": { "Assessment_No": "CHN/136/00692", "Assessee": "Mudaliar, Suresh", "Plinth_Area_SqFt": 1900, "Usage": "Dwelling" }, "geometry": { "type": "Point", "coordinates": [ 80.23425972800969, 13.043927730557554 ] } },
{ "type": "Feature", "properties": { "Assessment_No": "CHN/136/00693", "Assessee": "Muthusamy Shetty", "Plinth_Area_SqFt": 1314, "Usage": "Dwelling" }, "geometry": { "type": "Point", "coordinates": [ 80.233257970387768, 13.043250140620827 ] } },
{ "type": "Feature", "properties": { "Assessment_No": "CHN/136/00694", "Assessee": "Deepak Iyer", "Plinth_Area_SqFt": 4925, "Usage": "Mixed" }, "geometry": { "type": "Point", "coordinates": [ 80.237567317103668, 13.046901018842334 ] } },
{ "type": "Feature", "properties": { "Assessment_No": "CHN/136/00695", "Assessee": "Parvathi Shetty", "Plinth_Area_SqFt": 3067, "Usage": "R" }, "geometry": { "type": "Point", "coordinates": [ 80.233551382715916, 13.045114593242801 ] } },
{ "type": "Feature", "properties": { "Assessment_No": "CHN/136/00696", "Assessee": "Selvaraj Sheikh", "Plinth_Area_SqFt": 2851, "Usage": "C" }, "geometry": { "type": "Point", "coordinates": [ 80.235401229581598, 13.046046353576333 ] } },
{ "type": "Feature", "properties": { "Assessment_No": "CHN/136/00697", "Assessee": "Sundaram Khan", "Plinth_Area_SqFt": 2075, "Usage": "R" }, "geometry": { "type": "Point", "coordinates": [ 80.233943960657598, 13.043440232122084 ] } },
{ "type": "Feature", "properties": { "Assessment_No": "CHN/136/00698", "Assessee": "Deepak Kumar", "Plinth_Area_SqFt": 3483, "Usage": "C" }, "geometry": { "type": "Point", "coordinates": [ 80.237240974076045, 13.046994829120971 ] } },
{ "type": "Feature", "properties": { "Assessment_No": "CHN/136/00699", "Assessee": "Ramesh Menon", "Plinth_Area_SqFt": 1539, "Usage": "C" }, "geometry": { "type": "Point", "coordinates": [ 80.233494567869627, 13.044770597188814 ] } },
{ "type": "Feature", "properties": { "Assessment_No": "CHN/136/00700", "Assessee": "Gopalakrishnan Das", "Plinth_Area_SqFt": 2540, "Usage": "R" }, "geometry": { "type": "Point", "coordinates": [ 80.235294875113681, 13.045396823621903 ] } },
{ "type": "Feature", "properties": { "Assessment_No": "CHN/136/00701", "Assessee": "Reddy, Gopalakrishnan", "Plinth_Area_SqFt": 1900, "Usage": "C" }, "geometry": { "type": "Point", "coordinates": [ 80.237793319734649, 13.047175677698792 ] } },
{ "type": "Feature", "properties": { "Assessment_No": "CHN/136/00702", "Assessee": "Raman, Deepak", "Plinth_Area_SqFt": 828, "Usage": "R" }, "geometry": { "type": "Point", "coordinates": [ 80.233847636714046, 13.044529588051569 ] } },
{ "type": "Feature", "properties": { "Assessment_No": "CHN/136/00703", "Assessee": "Parvathi Sharma", "Plinth_Area_SqFt": 3817, "Usage": "R" }, "geometry": { "type": "Point", "coordinates": [ 80.23426000054333, 13.043576256640664 ] } },
{ "type": "Feature", "properties": { "Assessment_No": "CHN/136/00704", "Assessee": "Janaki Babu", "Plinth_Area_SqFt": 1414, "Usage": "C" }, "geometry": { "type": "Point", "coordinates": [ 80.233643664176924, 13.044248149678142 ] } },
{ "type": "Feature", "properties": { "Assessment_No": "CHN/136/00705", "Assessee": "Abdul Murthy", "Plinth_Area_SqFt": 985, "Usage": "Dwelling" }, "geometry": { "type": "Point", "coordinates": [ 80.233751927014012, 13.044447069030584 ] } },
{ "type": "Feature", "properties": { "Assessment_No": "CHN/136/00706", "Assessee": "Venkatesh Das", "Plinth_Area_SqFt": 1986, "Usage": "M" }, "geometry": { "type": "Point", "coordinates": [ 80.234399425547466, 13.043499038932548 ] } },
{ "type": "Feature", "properties": { "Assessment_No": "CHN/136/00707", "Assessee": "Sundaram Gounder", "Plinth_Area_SqFt": 1481, "Usage": "R" }, "geometry": { "type": "Point", "coordinates": [ 80.235612500572017, 13.044041753770353 ] } },
{ "type": "Feature", "properties": { "Assessment_No": "CHN/136/00708", "Assessee": "Subramanian Kumar", "Plinth_Area_SqFt": 1023, "Usage": "R" }, "geometry": { "type": "Point", "coordinates": [ 80.235774191686659, 13.04410804887654 ] } },
{ "type": "Feature", "properties": { "Assessment_No": "CHN/136/00709", "Assessee": "Suresh Raman", "Plinth_Area_SqFt": 2073, "Usage": "R" }, "geometry": { "type": "Point", "coordinates": [ 80.234404755309697, 13.044650965898873 ] } },
{ "type": "Feature", "properties": { "Assessment_No": "CHN/136/00710", "Assessee": "Sundara mShetty", "Plinth_Area_SqFt": 4241, "Usage": "Shop" }, "geometry": { "type": "Point", "coordinates": [ 80.235201899575173, 13.045053898152702 ] } },
{ "type": "Feature", "properties": { "Assessment_No": "CHN/136/00711", "Assessee": "Mohammed Nair", "Plinth_Area_SqFt": 1467, "Usage": "Dwelling" }, "geometry": { "type": "Point", "coordinates": [ 80.234968882282118, 13.043770343261441 ] } },
{ "type": "Feature", "properties": { "Assessment_No": "CHN/136/00712", "Assessee": "Annamalay Shetty", "Plinth_Area_SqFt": 3965, "Usage": "R" }, "geometry": { "type": "Point", "coordinates": [ 80.237882039663901, 13.04681885137752 ] } },
{ "type": "Feature", "properties": { "Assessment_No": "CHN/136/00713", "Assessee": "Sharma Janaki", "Plinth_Area_SqFt": 1074, "Usage": "Dwelling" }, "geometry": { "type": "Point", "coordinates": [ 80.235488800032357, 13.045369136174017 ] } },
{ "type": "Feature", "properties": { "Assessment_No": "CHN/136/00714", "Assessee": "FATHIMA NAIR", "Plinth_Area_SqFt": 1603, "Usage": "M" }, "geometry": { "type": "Point", "coordinates": [ 80.23335661776494, 13.045166153917677 ] } },
{ "type": "Feature", "properties": { "Assessment_No": "CHN/136/00715", "Assessee": "Subraamnian Babu", "Plinth_Area_SqFt": 1447, "Usage": "Dwelling" }, "geometry": { "type": "Point", "coordinates": [ 80.23419946747849, 13.044160485978308 ] } },
{ "type": "Feature", "properties": { "Assessment_No": "CHN/136/00716", "Assessee": "Annamalai Sharma", "Plinth_Area_SqFt": 3070, "Usage": "C" }, "geometry": { "type": "Point", "coordinates": [ 80.235072257192954, 13.044010611977207 ] } },
{ "type": "Feature", "properties": { "Assessment_No": "CHN/136/00717", "Assessee": "Subramanian Nair", "Plinth_Area_SqFt": 887, "Usage": "Dwelling" }, "geometry": { "type": "Point", "coordinates": [ 80.234542616716325, 13.043234556672779 ] } },
{ "type": "Feature", "properties": { "Assessment_No": "CHN/136/00718", "Assessee": "Arun Khan", "Plinth_Area_SqFt": 2145, "Usage": "R" }, "geometry": { "type": "Point", "coordinates": [ 80.234207867717558, 13.043362931328726 ] } },
{ "type": "Feature", "properties": { "Assessment_No": "CHN/136/00719", "Assessee": "FATHIMA PILLAI", "Plinth_Area_SqFt": 3367, "Usage": "Shop" }, "geometry": { "type": "Point", "coordinates": [ 80.237712778545514, 13.046844195621416 ] } },
{ "type": "Feature", "properties": { "Assessment_No": "CHN/136/00720", "Assessee": "Saraswathi Naidu", "Plinth_Area_SqFt": 1079, "Usage": "R" }, "geometry": { "type": "Point", "coordinates": [ 80.234859201461788, 13.044410753407075 ] } },
{ "type": "Feature", "properties": { "Assessment_No": "CHN/136/00721", "Assessee": "Suresh Babu", "Plinth_Area_SqFt": 1927, "Usage": "C" }, "geometry": { "type": "Point", "coordinates": [ 80.235293119701012, 13.045553319800904 ] } },
{ "type": "Feature", "properties": { "Assessment_No": "CHN/136/00722", "Assessee": "Muthusamy Khan", "Plinth_Area_SqFt": 1236, "Usage": "M" }, "geometry": { "type": "Point", "coordinates": [ 80.233355201081963, 13.045080983491257 ] } },
{ "type": "Feature", "properties": { "Assessment_No": "CHN/136/00723", "Assessee": "Sundaram Menon", "Plinth_Area_SqFt": 1159, "Usage": "M" }, "geometry": { "type": "Point", "coordinates": [ 80.234855063249213, 13.044626390939561 ] } },
{ "type": "Feature", "properties": { "Assessment_No": "CHN/136/00724", "Assessee": "Parvathi Raman", "Plinth_Area_SqFt": 2731, "Usage": "Mixed" }, "geometry": { "type": "Point", "coordinates": [ 80.234975336562528, 13.044025461570337 ] } },
{ "type": "Feature", "properties": { "Assessment_No": "CHN/136/00725", "Assessee": "Rajeshwari Chettiar", "Plinth_Area_SqFt": 899, "Usage": "C" }, "geometry": { "type": "Point", "coordinates": [ 80.234069662703035, 13.043310509994988 ] } },
{ "type": "Feature", "properties": { "Assessment_No": "CHN/136/00726", "Assessee": "Rajeshwari Gounder", "Plinth_Area_SqFt": 909, "Usage": "C" }, "geometry": { "type": "Point", "coordinates": [ 80.234079992448429, 13.045074068169413 ] } },
{ "type": "Feature", "properties": { "Assessment_No": "CHN/136/00727", "Assessee": "Annamalai Mudaliar", "Plinth_Area_SqFt": 1566, "Usage": "Shop" }, "geometry": { "type": "Point", "coordinates": [ 80.233233388657297, 13.04481644294003 ] } },
{ "type": "Feature", "properties": { "Assessment_No": "CHN/136/00728", "Assessee": "RAJESHWARI BABU", "Plinth_Area_SqFt": 3370, "Usage": "Dwelling" }, "geometry": { "type": "Point", "coordinates": [ 80.235501427569275, 13.045536834738696 ] } },
{ "type": "Feature", "properties": { "Assessment_No": "CHN/136/00729", "Assessee": "Mohammed Nair", "Plinth_Area_SqFt": 1653, "Usage": "C" }, "geometry": { "type": "Point", "coordinates": [ 80.234927060965802, 13.044542130735573 ] } },
{ "type": "Feature", "properties": { "Assessment_No": "CHN/136/00730", "Assessee": "Sundaram Mudaliar", "Plinth_Area_SqFt": 687, "Usage": "Dwelling" }, "geometry": { "type": "Point", "coordinates": [ 80.234751771779543, 13.043311339242038 ] } },
{ "type": "Feature", "properties": { "Assessment_No": "CHN/136/00731", "Assessee": "Sheikh Thiruvengadam", "Plinth_Area_SqFt": 2211, "Usage": "R" }, "geometry": { "type": "Point", "coordinates": [ 80.23488400651631, 13.043150679665482 ] } },
{ "type": "Feature", "properties": { "Assessment_No": "CHN/136/00732", "Assessee": "Meenakshi Pillai", "Plinth_Area_SqFt": 917, "Usage": "R" }, "geometry": { "type": "Point", "coordinates": [ 80.234734524426443, 13.044330603298064 ] } },
{ "type": "Feature", "properties": { "Assessment_No": "CHN/136/00733", "Assessee": "Arun Menon", "Plinth_Area_SqFt": 3176, "Usage": "M" }, "geometry": { "type": "Point", "coordinates": [ 80.234002882929786, 13.044107958189018 ] } },
{ "type": "Feature", "properties": { "Assessment_No": "CHN/136/00734", "Assessee": "Saraswathi Babu", "Plinth_Area_SqFt": 1324, "Usage": "R" }, "geometry": { "type": "Point", "coordinates": [ 80.235443822536112, 13.045377116245715 ] } },
{ "type": "Feature", "properties": { "Assessment_No": "CHN/136/00735", "Assessee": "T. Gounder", "Plinth_Area_SqFt": 3803, "Usage": "R" }, "geometry": { "type": "Point", "coordinates": [ 80.234234731471048, 13.044682655151002 ] } },
{ "type": "Feature", "properties": { "Assessment_No": "CHN/136/00736", "Assessee": "Janaki Iyer", "Plinth_Area_SqFt": 1422, "Usage": "Dwelling" }, "geometry": { "type": "Point", "coordinates": [ 80.234726803163682, 13.043166984841669 ] } },
{ "type": "Feature", "properties": { "Assessment_No": "CHN/136/00737", "Assessee": "Fathima Sharma", "Plinth_Area_SqFt": 2092, "Usage": "R" }, "geometry": { "type": "Point", "coordinates": [ 80.235227553366201, 13.04396528381181 ] } },
{ "type": "Feature", "properties": { "Assessment_No": "CHN/136/00738", "Assessee": "Deepak Khan", "Plinth_Area_SqFt": 3366, "Usage": "Dwelling" }, "geometry": { "type": "Point", "coordinates": [ 80.233752018254023, 13.043168079310195 ] } },
{ "type": "Feature", "properties": { "Assessment_No": "CHN/136/00739", "Assessee": "Priya Gounder", "Plinth_Area_SqFt": 8284, "Usage": "R" }, "geometry": { "type": "Point", "coordinates": [ 80.233275536155048, 13.044100077550734 ] } },
{ "type": "Feature", "properties": { "Assessment_No": "CHN/136/00740", "Assessee": "J. Mudaliar", "Plinth_Area_SqFt": 5902, "Usage": "Dwelling" }, "geometry": { "type": "Point", "coordinates": [ 80.235704105208001, 13.044495279054356 ] } },
{ "type": "Feature", "properties": { "Assessment_No": "CHN/136/00741", "Assessee": "Ramesh Sheik", "Plinth_Area_SqFt": 1818, "Usage": "Dwelling" }, "geometry": { "type": "Point", "coordinates": [ 80.233411172294581, 13.043202154877603 ] } },
{ "type": "Feature", "properties": { "Assessment_No": "CHN/136/00742", "Assessee": "Fathima Khan", "Plinth_Area_SqFt": 2149, "Usage": "R" }, "geometry": { "type": "Point", "coordinates": [ 80.236475515823372, 13.047178838450439 ] } },
{ "type": "Feature", "properties": { "Assessment_No": "CHN/136/00743", "Assessee": "Fathima Reddy", "Plinth_Area_SqFt": 961, "Usage": "Shop" }, "geometry": { "type": "Point", "coordinates": [ 80.236535246165445, 13.047061722664111 ] } },
{ "type": "Feature", "properties": { "Assessment_No": "CHN/136/00744", "Assessee": "Surbamanian Thevar", "Plinth_Area_SqFt": 2016, "Usage": "R" }, "geometry": { "type": "Point", "coordinates": [ 80.236347109302699, 13.047318953260092 ] } },
{ "type": "Feature", "properties": { "Assessment_No": "CHN/136/00745", "Assessee": "Ramasamy Naidu", "Plinth_Area_SqFt": 2009, "Usage": "Mixed" }, "geometry": { "type": "Point", "coordinates": [ 80.236206658495348, 13.047370017390383 ] } },
{ "type": "Feature", "properties": { "Assessment_No": "CHN/136/00746", "Assessee": "Balasubramanian Das", "Plinth_Area_SqFt": 1464, "Usage": "Dwelling" }, "geometry": { "type": "Point", "coordinates": [ 80.235979634217756, 13.04725509737233 ] } },
{ "type": "Feature", "properties": { "Assessment_No": "CHN/136/00747", "Assessee": "Chettiar Thiruvengadam", "Plinth_Area_SqFt": 2615, "Usage": "Dwelling" }, "geometry": { "type": "Point", "coordinates": [ 80.235972905630874, 13.04714522623299 ] } },
{ "type": "Feature", "properties": { "Assessment_No": "CHN/136/00748", "Assessee": "Abdul Gounder", "Plinth_Area_SqFt": 3644, "Usage": "R" }, "geometry": { "type": "Point", "coordinates": [ 80.236111741270193, 13.047682030873716 ] } },
{ "type": "Feature", "properties": { "Assessment_No": "CHN/136/00749", "Assessee": "R. Chettiar", "Plinth_Area_SqFt": 1595, "Usage": "Mixed" }, "geometry": { "type": "Point", "coordinates": [ 80.235998578088868, 13.047318361262219 ] } },
{ "type": "Feature", "properties": { "Assessment_No": "CHN/136/00750", "Assessee": "Ramasamy Das", "Plinth_Area_SqFt": 2093, "Usage": "R" }, "geometry": { "type": "Point", "coordinates": [ 80.235998314712049, 13.04742273842592 ] } },
{ "type": "Feature", "properties": { "Assessment_No": "CHN/136/00751", "Assessee": "Chandrasekar Gounder", "Plinth_Area_SqFt": 1840, "Usage": "R" }, "geometry": { "type": "Point", "coordinates": [ 80.236025734051864, 13.047517234695565 ] } },
{ "type": "Feature", "properties": { "Assessment_No": "CHN/136/00752", "Assessee": "VIJAYALAKSHMI SHEIKH", "Plinth_Area_SqFt": 3732, "Usage": "Dwelling" }, "geometry": { "type": "Point", "coordinates": [ 80.236179233685149, 13.047137142193336 ] } },
{ "type": "Feature", "properties": { "Assessment_No": "CHN/136/00753", "Assessee": "Muthusamy Das", "Plinth_Area_SqFt": 2114, "Usage": "R" }, "geometry": { "type": "Point", "coordinates": [ 80.23631526473028, 13.047151893166404 ] } },
{ "type": "Feature", "properties": { "Assessment_No": "CHN/136/00754", "Assessee": "Sundaram Das", "Plinth_Area_SqFt": 2496, "Usage": "Dwelling" }, "geometry": { "type": "Point", "coordinates": [ 80.234341329067178, 13.047421449640055 ] } },
{ "type": "Feature", "properties": { "Assessment_No": "CHN/136/00755", "Assessee": "Rahim Iyer", "Plinth_Area_SqFt": 2654, "Usage": "Dwelling" }, "geometry": { "type": "Point", "coordinates": [ 80.233921834751285, 13.047917492255204 ] } },
{ "type": "Feature", "properties": { "Assessment_No": "CHN/136/00756", "Assessee": "Sundaram Sharma", "Plinth_Area_SqFt": 5826, "Usage": "C" }, "geometry": { "type": "Point", "coordinates": [ 80.234570926856577, 13.047432125145633 ] } },
{ "type": "Feature", "properties": { "Assessment_No": "CHN/136/00757", "Assessee": "Anitha Sheikh", "Plinth_Area_SqFt": 2744, "Usage": "C" }, "geometry": { "type": "Point", "coordinates": [ 80.234154134067168, 13.047878818918848 ] } },
{ "type": "Feature", "properties": { "Assessment_No": "CHN/136/00758", "Assessee": "Kannan Thevar", "Plinth_Area_SqFt": 901, "Usage": "R" }, "geometry": { "type": "Point", "coordinates": [ 80.234301036988214, 13.047708137248009 ] } },
{ "type": "Feature", "properties": { "Assessment_No": "CHN/136/00759", "Assessee": "Kannan Mudaliar", "Plinth_Area_SqFt": 2998, "Usage": "Dwelling" }, "geometry": { "type": "Point", "coordinates": [ 80.234003344162915, 13.047538147968769 ] } },
{ "type": "Feature", "properties": { "Assessment_No": "CHN/136/00760", "Assessee": "Chandrasekar Mudaliar", "Plinth_Area_SqFt": 1777, "Usage": "R" }, "geometry": { "type": "Point", "coordinates": [ 80.233627367655345, 13.048034796866041 ] } },
{ "type": "Feature", "properties": { "Assessment_No": "CHN/136/00761", "Assessee": "Priya Iyer", "Plinth_Area_SqFt": 3827, "Usage": "Dwelling" }, "geometry": { "type": "Point", "coordinates": [ 80.234203509119141, 13.047507762537668 ] } },
{ "type": "Feature", "properties": { "Assessment_No": "CHN/136/00762", "Assessee": "PARVATHI IYER", "Plinth_Area_SqFt": 2028, "Usage": "Dwelling" }, "geometry": { "type": "Point", "coordinates": [ 80.233738616713936, 13.048006430994485 ] } },
{ "type": "Feature", "properties": { "Assessment_No": "CHN/136/00763", "Assessee": "Fathima Chettiar", "Plinth_Area_SqFt": 1350, "Usage": "R" }, "geometry": { "type": "Point", "coordinates": [ 80.234046658074448, 13.047737546273861 ] } },
{ "type": "Feature", "properties": { "Assessment_No": "CHN/136/00764", "Assessee": "Ramesh Moodaliar", "Plinth_Area_SqFt": 1218, "Usage": "Dwelling" }, "geometry": { "type": "Point", "coordinates": [ 80.234431969212181, 13.047676798436648 ] } },
{ "type": "Feature", "properties": { "Assessment_No": "CHN/136/00765", "Assessee": "Rajeshwari Iyer", "Plinth_Area_SqFt": 1351, "Usage": "R" }, "geometry": { "type": "Point", "coordinates": [ 80.233641886776994, 13.047829715638418 ] } },
{ "type": "Feature", "properties": { "Assessment_No": "CHN/136/00766", "Assessee": "Arun Sharma", "Plinth_Area_SqFt": 1867, "Usage": "M" }, "geometry": { "type": "Point", "coordinates": [ 80.233732217616648, 13.047873019602063 ] } },
{ "type": "Feature", "properties": { "Assessment_No": "CHN/136/00767", "Assessee": "Deepak Chettiar", "Plinth_Area_SqFt": 2488, "Usage": "Dwelling" }, "geometry": { "type": "Point", "coordinates": [ 80.23472080645243, 13.047376815666055 ] } },
{ "type": "Feature", "properties": { "Assessment_No": "CHN/136/00768", "Assessee": "Anitha Iyer", "Plinth_Area_SqFt": 2870, "Usage": "Dwelling" }, "geometry": { "type": "Point", "coordinates": [ 80.234873821004683, 13.047400816757744 ] } },
{ "type": "Feature", "properties": { "Assessment_No": "CHN/136/00769", "Assessee": "Chandrasekar Chettiar", "Plinth_Area_SqFt": 4382, "Usage": "C" }, "geometry": { "type": "Point", "coordinates": [ 80.234461206369801, 13.047819684240176 ] } },
{ "type": "Feature", "properties": { "Assessment_No": "CHN/136/00770", "Assessee": "Das, Parvathi", "Plinth_Area_SqFt": 1331, "Usage": "Dwelling" }, "geometry": { "type": "Point", "coordinates": [ 80.235507453186372, 13.047990624079882 ] } },
{ "type": "Feature", "properties": { "Assessment_No": "CHN/136/00771", "Assessee": "Janaki Murthy", "Plinth_Area_SqFt": 2723, "Usage": "Shop" }, "geometry": { "type": "Point", "coordinates": [ 80.235089072187776, 13.048094673640954 ] } },
{ "type": "Feature", "properties": { "Assessment_No": "CHN/136/00772", "Assessee": "Sheikh Ramasamy", "Plinth_Area_SqFt": 3092, "Usage": "Dwelling" }, "geometry": { "type": "Point", "coordinates": [ 80.236802290946414, 13.044739463307724 ] } },
{ "type": "Feature", "properties": { "Assessment_No": "CHN/136/00773", "Assessee": "Deepak Naidu", "Plinth_Area_SqFt": 2862, "Usage": "R" }, "geometry": { "type": "Point", "coordinates": [ 80.235683473306651, 13.047974734742944 ] } },
{ "type": "Feature", "properties": { "Assessment_No": "CHN/136/00774", "Assessee": "Anitha Mudaliar", "Plinth_Area_SqFt": 2443, "Usage": "C" }, "geometry": { "type": "Point", "coordinates": [ 80.234872264742521, 13.048079733167437 ] } },
{ "type": "Feature", "properties": { "Assessment_No": "CHN/136/00775", "Assessee": "Annamalai Iyer", "Plinth_Area_SqFt": 3052, "Usage": "Dwelling" }, "geometry": { "type": "Point", "coordinates": [ 80.235366406456848, 13.048038059449548 ] } },
{ "type": "Feature", "properties": { "Assessment_No": "CHN/136/00776", "Assessee": "Ramesh Chettiar", "Plinth_Area_SqFt": 3289, "Usage": "Dwelling" }, "geometry": { "type": "Point", "coordinates": [ 80.235669507281997, 13.0464974850037 ] } },
{ "type": "Feature", "properties": { "Assessment_No": "CHN/136/00777", "Assessee": "Arun Iyer", "Plinth_Area_SqFt": 3124, "Usage": "Dwelling" }, "geometry": { "type": "Point", "coordinates": [ 80.23568592370269, 13.04665886396767 ] } },
{ "type": "Feature", "properties": { "Assessment_No": "CHN/136/00778", "Assessee": "Lakshmi Pillai", "Plinth_Area_SqFt": 3953, "Usage": "Dwelling" }, "geometry": { "type": "Point", "coordinates": [ 80.236527862000216, 13.046048277990382 ] } },
{ "type": "Feature", "properties": { "Assessment_No": "CHN/136/00779", "Assessee": "Sheikh Mohammed", "Plinth_Area_SqFt": 2058, "Usage": "R" }, "geometry": { "type": "Point", "coordinates": [ 80.237656489846103, 13.045804310681213 ] } },
{ "type": "Feature", "properties": { "Assessment_No": "CHN/136/00780", "Assessee": "Subramanian Pillay", "Plinth_Area_SqFt": 2377, "Usage": "R" }, "geometry": { "type": "Point", "coordinates": [ 80.237729155063292, 13.046369601715144 ] } },
{ "type": "Feature", "properties": { "Assessment_No": "CHN/136/00781", "Assessee": "Meenakshi Reddy", "Plinth_Area_SqFt": 6303, "Usage": "R" }, "geometry": { "type": "Point", "coordinates": [ 80.238022467421672, 13.046349297888847 ] } },
{ "type": "Feature", "properties": { "Assessment_No": "CHN/136/00782", "Assessee": "Abdul Shetty", "Plinth_Area_SqFt": 1109, "Usage": "Dwelling" }, "geometry": { "type": "Point", "coordinates": [ 80.23552569809047, 13.046860151429456 ] } },
{ "type": "Feature", "properties": { "Assessment_No": "CHN/136/00783", "Assessee": "A. Mudaliar", "Plinth_Area_SqFt": 5079, "Usage": "Dwelling" }, "geometry": { "type": "Point", "coordinates": [ 80.237486273372909, 13.045534522612511 ] } },
{ "type": "Feature", "properties": { "Assessment_No": "CHN/136/00784", "Assessee": "Rajeswari Mudaliar", "Plinth_Area_SqFt": 2453, "Usage": "R" }, "geometry": { "type": "Point", "coordinates": [ 80.238026534773823, 13.046117497021557 ] } },
{ "type": "Feature", "properties": { "Assessment_No": "CHN/136/00785", "Assessee": "Ramasamy Naidu", "Plinth_Area_SqFt": 3962, "Usage": "R" }, "geometry": { "type": "Point", "coordinates": [ 80.236278175999317, 13.046072584061791 ] } },
{ "type": "Feature", "properties": { "Assessment_No": "CHN/136/00786", "Assessee": "Janaki Babu", "Plinth_Area_SqFt": 1422, "Usage": "C" }, "geometry": { "type": "Point", "coordinates": [ 80.23786812084002, 13.046167746431598 ] } },
{ "type": "Feature", "properties": { "Assessment_No": "CHN/136/00787", "Assessee": "RAJESHWARI MENON", "Plinth_Area_SqFt": 3336, "Usage": "Dwelling" }, "geometry": { "type": "Point", "coordinates": [ 80.236637701265636, 13.046641034389289 ] } },
{ "type": "Feature", "properties": { "Assessment_No": "CHN/136/00788", "Assessee": "LAKSHMI RAO", "Plinth_Area_SqFt": 1775, "Usage": "C" }, "geometry": { "type": "Point", "coordinates": [ 80.235495314740064, 13.046518502948283 ] } },
{ "type": "Feature", "properties": { "Assessment_No": "CHN/136/00789", "Assessee": "Fathima Sharma", "Plinth_Area_SqFt": 3840, "Usage": "Dwelling" }, "geometry": { "type": "Point", "coordinates": [ 80.236405339235034, 13.048057062350589 ] } },
{ "type": "Feature", "properties": { "Assessment_No": "CHN/136/00790", "Assessee": "A. Gounder", "Plinth_Area_SqFt": 6351, "Usage": "Shop" }, "geometry": { "type": "Point", "coordinates": [ 80.237465311975384, 13.046186038980677 ] } },
{ "type": "Feature", "properties": { "Assessment_No": "CHN/136/00791", "Assessee": "Subramanian Khan", "Plinth_Area_SqFt": 2753, "Usage": "R" }, "geometry": { "type": "Point", "coordinates": [ 80.236511564387072, 13.046405543493494 ] } },
{ "type": "Feature", "properties": { "Assessment_No": "CHN/136/00792", "Assessee": "Abdul Das", "Plinth_Area_SqFt": 2122, "Usage": "C" }, "geometry": { "type": "Point", "coordinates": [ 80.232972351422362, 13.048043521996975 ] } },
{ "type": "Feature", "properties": { "Assessment_No": "CHN/136/00793", "Assessee": "Fathima Raman", "Plinth_Area_SqFt": 5099, "Usage": "R" }, "geometry": { "type": "Point", "coordinates": [ 80.237377014637701, 13.045849778583227 ] } },
{ "type": "Feature", "properties": { "Assessment_No": "CHN/136/00794", "Assessee": "Iyer, Subramanian", "Plinth_Area_SqFt": 4607, "Usage": "R" }, "geometry": { "type": "Point", "coordinates": [ 80.236856032595583, 13.04658862238835 ] } },
{ "type": "Feature", "properties": { "Assessment_No": "CHN/136/00795", "Assessee": "Murthy, Lakshmi", "Plinth_Area_SqFt": 3723, "Usage": "Dwelling" }, "geometry": { "type": "Point", "coordinates": [ 80.236185739930008, 13.045822322004451 ] } },
{ "type": "Feature", "properties": { "Assessment_No": "CHN/136/00796", "Assessee": "Thiruvengadam Naidu", "Plinth_Area_SqFt": 5762, "Usage": "Dwelling" }, "geometry": { "type": "Point", "coordinates": [ 80.237765963388327, 13.047674178047629 ] } },
{ "type": "Feature", "properties": { "Assessment_No": "CHN/136/00797", "Assessee": "Saraswathi Pillai", "Plinth_Area_SqFt": 1309, "Usage": "Shop" }, "geometry": { "type": "Point", "coordinates": [ 80.23730526426931, 13.046571272477436 ] } },
{ "type": "Feature", "properties": { "Assessment_No": "CHN/136/00798", "Assessee": "Parvathi Menon", "Plinth_Area_SqFt": 773, "Usage": "C" }, "geometry": { "type": "Point", "coordinates": [ 80.238011440495754, 13.047830184642084 ] } },
{ "type": "Feature", "properties": { "Assessment_No": "CHN/136/00799", "Assessee": "Suresh Raman", "Plinth_Area_SqFt": 1592, "Usage": "R" }, "geometry": { "type": "Point", "coordinates": [ 80.235951075679878, 13.046068352654085 ] } },
{ "type": "Feature", "properties": { "Assessment_No": "CHN/136/00800", "Assessee": "Gopalakrishnan Iyer", "Plinth_Area_SqFt": 1745, "Usage": "Shop" }, "geometry": { "type": "Point", "coordinates": [ 80.23690959949775, 13.04566183467576 ] } },
{ "type": "Feature", "properties": { "Assessment_No": "CHN/136/00801", "Assessee": "Kumar Meenakshi", "Plinth_Area_SqFt": 1639, "Usage": "R" }, "geometry": { "type": "Point", "coordinates": [ 80.238009428137488, 13.047955189212749 ] } },
{ "type": "Feature", "properties": { "Assessment_No": "CHN/136/00802", "Assessee": "Mohammed Iyer", "Plinth_Area_SqFt": 1459, "Usage": "Dwelling" }, "geometry": { "type": "Point", "coordinates": [ 80.237456153972204, 13.047702576494389 ] } },
{ "type": "Feature", "properties": { "Assessment_No": "CHN/136/00803", "Assessee": "Subramanian Murthy", "Plinth_Area_SqFt": 1812, "Usage": "Dwelling" }, "geometry": { "type": "Point", "coordinates": [ 80.237920600811918, 13.045758628299254 ] } },
{ "type": "Feature", "properties": { "Assessment_No": "CHN/136/00804", "Assessee": "Thiruvengadam Das", "Plinth_Area_SqFt": 2354, "Usage": "Shop" }, "geometry": { "type": "Point", "coordinates": [ 80.236394848503139, 13.046491203421342 ] } },
{ "type": "Feature", "properties": { "Assessment_No": "CHN/136/00805", "Assessee": "Chettiar, Ramesh", "Plinth_Area_SqFt": 1196, "Usage": "R" }, "geometry": { "type": "Point", "coordinates": [ 80.235490835242416, 13.046650127320021 ] } },
{ "type": "Feature", "properties": { "Assessment_No": "CHN/136/00806", "Assessee": "Arun Sharma", "Plinth_Area_SqFt": 1937, "Usage": "Dwelling" }, "geometry": { "type": "Point", "coordinates": [ 80.237168520025946, 13.047705384137076 ] } },
{ "type": "Feature", "properties": { "Assessment_No": "CHN/136/00807", "Assessee": "Deepak Mudaliar", "Plinth_Area_SqFt": 1226, "Usage": "Mixed" }, "geometry": { "type": "Point", "coordinates": [ 80.23549449982805, 13.04674566198994 ] } },
{ "type": "Feature", "properties": { "Assessment_No": "CHN/136/00808", "Assessee": "Selvaraj Rao", "Plinth_Area_SqFt": 1088, "Usage": "Dwelling" }, "geometry": { "type": "Point", "coordinates": [ 80.235920603914167, 13.045846719120302 ] } },
{ "type": "Feature", "properties": { "Assessment_No": "CHN/136/00809", "Assessee": "Selvaraj Iyer", "Plinth_Area_SqFt": 1897, "Usage": "C" }, "geometry": { "type": "Point", "coordinates": [ 80.235877436500559, 13.046827482816974 ] } },
{ "type": "Feature", "properties": { "Assessment_No": "CHN/136/00810", "Assessee": "Abdul sarma", "Plinth_Area_SqFt": 1887, "Usage": "R" }, "geometry": { "type": "Point", "coordinates": [ 80.237859027748641, 13.046036863042701 ] } },
{ "type": "Feature", "properties": { "Assessment_No": "CHN/136/00811", "Assessee": "Suresh Reddy", "Plinth_Area_SqFt": 1831, "Usage": "Shop" }, "geometry": { "type": "Point", "coordinates": [ 80.235709879842005, 13.046833367334886 ] } },
{ "type": "Feature", "properties": { "Assessment_No": "CHN/136/00812", "Assessee": "Subramanian Thevar", "Plinth_Area_SqFt": 2527, "Usage": "Shop" }, "geometry": { "type": "Point", "coordinates": [ 80.237007894797031, 13.045660172887063 ] } },
{ "type": "Feature", "properties": { "Assessment_No": "CHN/136/00813", "Assessee": "Mohammed Rao", "Plinth_Area_SqFt": 3181, "Usage": "Shop" }, "geometry": { "type": "Point", "coordinates": [ 80.237640952755527, 13.046124616514787 ] } },
{ "type": "Feature", "properties": { "Assessment_No": "CHN/136/00814", "Assessee": "G. Murthy", "Plinth_Area_SqFt": 1863, "Usage": "R" }, "geometry": { "type": "Point", "coordinates": [ 80.235420870410493, 13.046329447107523 ] } },
{ "type": "Feature", "properties": { "Assessment_No": "CHN/136/00815", "Assessee": "Anitha Moorthy", "Plinth_Area_SqFt": 1119, "Usage": "R" }, "geometry": { "type": "Point", "coordinates": [ 80.237839986707016, 13.045551134650472 ] } },
{ "type": "Feature", "properties": { "Assessment_No": "CHN/136/00816", "Assessee": "Arun Mudaliar", "Plinth_Area_SqFt": 2512, "Usage": "Dwelling" }, "geometry": { "type": "Point", "coordinates": [ 80.236083936237776, 13.046772882452245 ] } },
{ "type": "Feature", "properties": { "Assessment_No": "CHN/136/00817", "Assessee": "A. Shetty", "Plinth_Area_SqFt": 3867, "Usage": "Shop" }, "geometry": { "type": "Point", "coordinates": [ 80.236097517856209, 13.046490418986302 ] } },
{ "type": "Feature", "properties": { "Assessment_No": "CHN/136/00818", "Assessee": "Vijayalakshmi Rao", "Plinth_Area_SqFt": 1381, "Usage": "Shop" }, "geometry": { "type": "Point", "coordinates": [ 80.238014694829516, 13.046012803722991 ] } },
{ "type": "Feature", "properties": { "Assessment_No": "CHN/136/00819", "Assessee": "Ramasamy Iyer", "Plinth_Area_SqFt": 2743, "Usage": "M" }, "geometry": { "type": "Point", "coordinates": [ 80.236651766706515, 13.046379948126827 ] } },
{ "type": "Feature", "properties": { "Assessment_No": "CHN/136/00820", "Assessee": "Parvathi Das", "Plinth_Area_SqFt": 1224, "Usage": "Dwelling" }, "geometry": { "type": "Point", "coordinates": [ 80.23605499244124, 13.045797910390137 ] } },
{ "type": "Feature", "properties": { "Assessment_No": "CHN/136/00821", "Assessee": "Abdul Khan", "Plinth_Area_SqFt": 4558, "Usage": "Dwelling" }, "geometry": { "type": "Point", "coordinates": [ 80.237550742395555, 13.046466318233618 ] } },
{ "type": "Feature", "properties": { "Assessment_No": "CHN/136/00822", "Assessee": "Abdul Naidu", "Plinth_Area_SqFt": 4509, "Usage": "Dwelling" }, "geometry": { "type": "Point", "coordinates": [ 80.236799217357671, 13.046317312881934 ] } },
{ "type": "Feature", "properties": { "Assessment_No": "CHN/136/00823", "Assessee": "Janaki Rao", "Plinth_Area_SqFt": 1942, "Usage": "Shop" }, "geometry": { "type": "Point", "coordinates": [ 80.237009449469213, 13.047751073932831 ] } },
{ "type": "Feature", "properties": { "Assessment_No": "CHN/136/00824", "Assessee": "Lakshmi Rao", "Plinth_Area_SqFt": 1771, "Usage": "R" }, "geometry": { "type": "Point", "coordinates": [ 80.23555870368719, 13.046921967636802 ] } },
{ "type": "Feature", "properties": { "Assessment_No": "CHN/136/00825", "Assessee": "Janaki Sharma", "Plinth_Area_SqFt": 2888, "Usage": "Shop" }, "geometry": { "type": "Point", "coordinates": [ 80.2371612545776, 13.045665001132139 ] } },
{ "type": "Feature", "properties": { "Assessment_No": "CHN/136/00826", "Assessee": "Deepak Das", "Plinth_Area_SqFt": 2305, "Usage": "Dwelling" }, "geometry": { "type": "Point", "coordinates": [ 80.236905013156544, 13.047822989187413 ] } },
{ "type": "Feature", "properties": { "Assessment_No": "CHN/136/00827", "Assessee": "S. Shetty", "Plinth_Area_SqFt": 5487, "Usage": "C" }, "geometry": { "type": "Point", "coordinates": [ 80.237052569613397, 13.04653580019138 ] } },
{ "type": "Feature", "properties": { "Assessment_No": "CHN/136/00828", "Assessee": "Meenakshi Pillai", "Plinth_Area_SqFt": 2616, "Usage": "R" }, "geometry": { "type": "Point", "coordinates": [ 80.236235273772806, 13.046762412094726 ] } },
{ "type": "Feature", "properties": { "Assessment_No": "CHN/136/00829", "Assessee": "Reddy Janaki", "Plinth_Area_SqFt": 1044, "Usage": "C" }, "geometry": { "type": "Point", "coordinates": [ 80.236106210769663, 13.046021928205171 ] } },
{ "type": "Feature", "properties": { "Assessment_No": "CHN/136/00830", "Assessee": "Thiruvengadam Sharma", "Plinth_Area_SqFt": 4347, "Usage": "Shop" }, "geometry": { "type": "Point", "coordinates": [ 80.235619823606982, 13.046292572148975 ] } },
{ "type": "Feature", "properties": { "Assessment_No": "CHN/136/00831", "Assessee": "Mohammed Raman", "Plinth_Area_SqFt": 2828, "Usage": "Mixed" }, "geometry": { "type": "Point", "coordinates": [ 80.236826925161154, 13.04567074442555 ] } },
{ "type": "Feature", "properties": { "Assessment_No": "CHN/136/00832", "Assessee": "Anitha Sheikh", "Plinth_Area_SqFt": 1373, "Usage": "R" }, "geometry": { "type": "Point", "coordinates": [ 80.237311873153729, 13.046271074899174 ] } },
{ "type": "Feature", "properties": { "Assessment_No": "CHN/136/00833", "Assessee": "Priya Thevar", "Plinth_Area_SqFt": 882, "Usage": "Mixed" }, "geometry": { "type": "Point", "coordinates": [ 80.237830318582724, 13.045727173978921 ] } },
{ "type": "Feature", "properties": { "Assessment_No": "CHN/136/00834", "Assessee": "Anitha Khan", "Plinth_Area_SqFt": 2105, "Usage": "R" }, "geometry": { "type": "Point", "coordinates": [ 80.23749024845452, 13.047956451843087 ] } },
{ "type": "Feature", "properties": { "Assessment_No": "CHN/136/00835", "Assessee": "Lakshmi Chettiar", "Plinth_Area_SqFt": 1981, "Usage": "Shop" }, "geometry": { "type": "Point", "coordinates": [ 80.236979664626929, 13.046322449217998 ] } },
{ "type": "Feature", "properties": { "Assessment_No": "CHN/136/00836", "Assessee": "A. Raman", "Plinth_Area_SqFt": 4211, "Usage": "C" }, "geometry": { "type": "Point", "coordinates": [ 80.236729581906332, 13.045969198735966 ] } },
{ "type": "Feature", "properties": { "Assessment_No": "CHN/136/00837", "Assessee": "Reddy, Arun", "Plinth_Area_SqFt": 4763, "Usage": "M" }, "geometry": { "type": "Point", "coordinates": [ 80.237576033227043, 13.04459369145075 ] } },
{ "type": "Feature", "properties": { "Assessment_No": "CHN/136/00838", "Assessee": "Sundaram Das", "Plinth_Area_SqFt": 2801, "Usage": "C" }, "geometry": { "type": "Point", "coordinates": [ 80.235084579807562, 13.046854412251765 ] } },
{ "type": "Feature", "properties": { "Assessment_No": "CHN/136/00839", "Assessee": "Parvathi Rao", "Plinth_Area_SqFt": 5526, "Usage": "R" }, "geometry": { "type": "Point", "coordinates": [ 80.238065676258742, 13.044742596131989 ] } },
{ "type": "Feature", "properties": { "Assessment_No": "CHN/136/00840", "Assessee": "Meenakshi Naidu", "Plinth_Area_SqFt": 1648, "Usage": "Dwelling" }, "geometry": { "type": "Point", "coordinates": [ 80.23310685569389, 13.045172766118895 ] } },
{ "type": "Feature", "properties": { "Assessment_No": "CHN/136/00841", "Assessee": "Parvathi Sharma", "Plinth_Area_SqFt": 2474, "Usage": "C" }, "geometry": { "type": "Point", "coordinates": [ 80.232976290055333, 13.0456862574525 ] } },
{ "type": "Feature", "properties": { "Assessment_No": "CHN/136/00842", "Assessee": "Ramasamy eMnon", "Plinth_Area_SqFt": 1637, "Usage": "Shop" }, "geometry": { "type": "Point", "coordinates": [ 80.234069834010114, 13.046739407834652 ] } },
{ "type": "Feature", "properties": { "Assessment_No": "CHN/136/00843", "Assessee": "Thiruvengadam Naidu", "Plinth_Area_SqFt": 2255, "Usage": "M" }, "geometry": { "type": "Point", "coordinates": [ 80.234746205615494, 13.046931660877794 ] } },
{ "type": "Feature", "properties": { "Assessment_No": "CHN/136/00844", "Assessee": "Abdul Iyer", "Plinth_Area_SqFt": 4213, "Usage": "Dwelling" }, "geometry": { "type": "Point", "coordinates": [ 80.237915493225373, 13.044477128653471 ] } },
{ "type": "Feature", "properties": { "Assessment_No": "CHN/136/00845", "Assessee": "Rahim Rao", "Plinth_Area_SqFt": 1062, "Usage": "M" }, "geometry": { "type": "Point", "coordinates": [ 80.235046487880879, 13.046583263570671 ] } },
{ "type": "Feature", "properties": { "Assessment_No": "CHN/136/00846", "Assessee": "Abdul Nair", "Plinth_Area_SqFt": 1489, "Usage": "R" }, "geometry": { "type": "Point", "coordinates": [ 80.233660593887492, 13.046639205745221 ] } },
{ "type": "Feature", "properties": { "Assessment_No": "CHN/136/00847", "Assessee": "Anitha Rao", "Plinth_Area_SqFt": 1797, "Usage": "Dwelling" }, "geometry": { "type": "Point", "coordinates": [ 80.233200727787946, 13.045809032536058 ] } },
{ "type": "Feature", "properties": { "Assessment_No": "CHN/136/00848", "Assessee": "Arun Gounder", "Plinth_Area_SqFt": 1363, "Usage": "R" }, "geometry": { "type": "Point", "coordinates": [ 80.233748520587014, 13.047049718424443 ] } },
{ "type": "Feature", "properties": { "Assessment_No": "CHN/136/00849", "Assessee": "Rames Menon", "Plinth_Area_SqFt": 1651, "Usage": "M" }, "geometry": { "type": "Point", "coordinates": [ 80.236044058811729, 13.044913281649738 ] } },
{ "type": "Feature", "properties": { "Assessment_No": "CHN/136/00850", "Assessee": "Das Meenakshi", "Plinth_Area_SqFt": 3050, "Usage": "Dwelling" }, "geometry": { "type": "Point", "coordinates": [ 80.236381800470113, 13.044819014551218 ] } },
{ "type": "Feature", "properties": { "Assessment_No": "CHN/136/00851", "Assessee": "Arun Kumar", "Plinth_Area_SqFt": 2241, "Usage": "R" }, "geometry": { "type": "Point", "coordinates": [ 80.233018470404829, 13.045820285589278 ] } },
{ "type": "Feature", "properties": { "Assessment_No": "CHN/136/00852", "Assessee": "Abdul Kumar", "Plinth_Area_SqFt": 4336, "Usage": "Shop" }, "geometry": { "type": "Point", "coordinates": [ 80.236986684045391, 13.04505564385674 ] } },
{ "type": "Feature", "properties": { "Assessment_No": "CHN/136/00853", "Assessee": "Janaki Murthy", "Plinth_Area_SqFt": 1552, "Usage": "R" }, "geometry": { "type": "Point", "coordinates": [ 80.236262159893087, 13.044502322375818 ] } },
{ "type": "Feature", "properties": { "Assessment_No": "CHN/136/00854", "Assessee": "Fathima Gounder", "Plinth_Area_SqFt": 1750, "Usage": "R" }, "geometry": { "type": "Point", "coordinates": [ 80.236367084464604, 13.044319599521227 ] } },
{ "type": "Feature", "properties": { "Assessment_No": "CHN/136/00855", "Assessee": "Chandrasekar Raman", "Plinth_Area_SqFt": 3334, "Usage": "C" }, "geometry": { "type": "Point", "coordinates": [ 80.237092815376741, 13.045386523954507 ] } },
{ "type": "Feature", "properties": { "Assessment_No": "CHN/136/00856", "Assessee": "Chandrasekar Gounder", "Plinth_Area_SqFt": 1944, "Usage": "Dwelling" }, "geometry": { "type": "Point", "coordinates": [ 80.233180710230101, 13.045691685959969 ] } },
{ "type": "Feature", "properties": { "Assessment_No": "CHN/136/00857", "Assessee": "Janaki Mudaliar", "Plinth_Area_SqFt": 2645, "Usage": "C" }, "geometry": { "type": "Point", "coordinates": [ 80.236875627438209, 13.045359162858924 ] } },
{ "type": "Feature", "properties": { "Assessment_No": "CHN/136/00858", "Assessee": "Balasubramanian Sheikh", "Plinth_Area_SqFt": 3884, "Usage": "C" }, "geometry": { "type": "Point", "coordinates": [ 80.235892529586138, 13.044511606423612 ] } },
{ "type": "Feature", "properties": { "Assessment_No": "CHN/136/00859", "Assessee": "Subramanian Shetty", "Plinth_Area_SqFt": 2610, "Usage": "Mixed" }, "geometry": { "type": "Point", "coordinates": [ 80.236915782333753, 13.044582013622493 ] } },
{ "type": "Feature", "properties": { "Assessment_No": "CHN/136/00860", "Assessee": "Chandrasekar Naidu", "Plinth_Area_SqFt": 1698, "Usage": "Shop" }, "geometry": { "type": "Point", "coordinates": [ 80.23729701537556, 13.045273147252397 ] } },
{ "type": "Feature", "properties": { "Assessment_No": "CHN/136/00861", "Assessee": "Kannna Raman", "Plinth_Area_SqFt": 1950, "Usage": "Dwelling" }, "geometry": { "type": "Point", "coordinates": [ 80.236353191729691, 13.045431206688601 ] } },
{ "type": "Feature", "properties": { "Assessment_No": "CHN/136/00862", "Assessee": "Mohammed Rao", "Plinth_Area_SqFt": 3363, "Usage": "R" }, "geometry": { "type": "Point", "coordinates": [ 80.233266411686145, 13.046335437721217 ] } },
{ "type": "Feature", "properties": { "Assessment_No": "CHN/136/00863", "Assessee": "Sundaram Nair", "Plinth_Area_SqFt": 2866, "Usage": "Dwelling" }, "geometry": { "type": "Point", "coordinates": [ 80.237197107134605, 13.045298706545648 ] } },
{ "type": "Feature", "properties": { "Assessment_No": "CHN/136/00864", "Assessee": "Priy aNair", "Plinth_Area_SqFt": 816, "Usage": "Dwelling" }, "geometry": { "type": "Point", "coordinates": [ 80.233709134969573, 13.046926563995267 ] } },
{ "type": "Feature", "properties": { "Assessment_No": "CHN/136/00865", "Assessee": "Suresh Naidu", "Plinth_Area_SqFt": 1213, "Usage": "C" }, "geometry": { "type": "Point", "coordinates": [ 80.234190530071814, 13.046576828647941 ] } },
{ "type": "Feature", "properties": { "Assessment_No": "CHN/136/00866", "Assessee": "Balasubramanian Gounder", "Plinth_Area_SqFt": 5212, "Usage": "Shop" }, "geometry": { "type": "Point", "coordinates": [ 80.236757817859186, 13.045108429966602 ] } },
{ "type": "Feature", "properties": { "Assessment_No": "CHN/136/00867", "Assessee": "Annamalai Sheikh", "Plinth_Area_SqFt": 1715, "Usage": "R" }, "geometry": { "type": "Point", "coordinates": [ 80.237186727700674, 13.044309562802427 ] } },
{ "type": "Feature", "properties": { "Assessment_No": "CHN/136/00868", "Assessee": "Venkatesh Naidu", "Plinth_Area_SqFt": 1516, "Usage": "M" }, "geometry": { "type": "Point", "coordinates": [ 80.236259307620657, 13.044305451713964 ] } },
{ "type": "Feature", "properties": { "Assessment_No": "CHN/136/00869", "Assessee": "Chandrasekar Menon", "Plinth_Area_SqFt": 1343, "Usage": "Dwelling" }, "geometry": { "type": "Point", "coordinates": [ 80.234719781647399, 13.046774998512673 ] } },
{ "type": "Feature", "properties": { "Assessment_No": "CHN/136/00870", "Assessee": "Mutusamy Das", "Plinth_Area_SqFt": 1972, "Usage": "R" }, "geometry": { "type": "Point", "coordinates": [ 80.237046726194805, 13.044536175082989 ] } },
{ "type": "Feature", "properties": { "Assessment_No": "CHN/136/00871", "Assessee": "Ramasamy Menon", "Plinth_Area_SqFt": 7859, "Usage": "Shop" }, "geometry": { "type": "Point", "coordinates": [ 80.238135261433484, 13.044904627378113 ] } },
{ "type": "Feature", "properties": { "Assessment_No": "CHN/136/00872", "Assessee": "Janaki Raman", "Plinth_Area_SqFt": 2999, "Usage": "Dwelling" }, "geometry": { "type": "Point", "coordinates": [ 80.234024521854508, 13.04656352818718 ] } },
{ "type": "Feature", "properties": { "Assessment_No": "CHN/136/00873", "Assessee": "Ramasamy Das", "Plinth_Area_SqFt": 981, "Usage": "Shop" }, "geometry": { "type": "Point", "coordinates": [ 80.233843027724248, 13.046675095562316 ] } },
{ "type": "Feature", "properties": { "Assessment_No": "CHN/136/00874", "Assessee": "Annamalai Chettiar", "Plinth_Area_SqFt": 2680, "Usage": "R" }, "geometry": { "type": "Point", "coordinates": [ 80.233938004640365, 13.047008381296367 ] } },
{ "type": "Feature", "properties": { "Assessment_No": "CHN/136/00875", "Assessee": "Murthy Gopalakrishnan", "Plinth_Area_SqFt": 1449, "Usage": "C" }, "geometry": { "type": "Point", "coordinates": [ 80.235822258528287, 13.044362888046084 ] } },
{ "type": "Feature", "properties": { "Assessment_No": "CHN/136/00876", "Assessee": "Kannan Murthy", "Plinth_Area_SqFt": 3883, "Usage": "Dwelling" }, "geometry": { "type": "Point", "coordinates": [ 80.233077645318815, 13.044627012252668 ] } },
{ "type": "Feature", "properties": { "Assessment_No": "CHN/136/00877", "Assessee": "Muthusamy Sheikh", "Plinth_Area_SqFt": 1756, "Usage": "Mixed" }, "geometry": { "type": "Point", "coordinates": [ 80.236368293436485, 13.045529765624313 ] } },
{ "type": "Feature", "properties": { "Assessment_No": "CHN/136/00878", "Assessee": "Rao Parvathi", "Plinth_Area_SqFt": 2189, "Usage": "R" }, "geometry": { "type": "Point", "coordinates": [ 80.233255251802802, 13.046162279160805 ] } },
{ "type": "Feature", "properties": { "Assessment_No": "CHN/136/00879", "Assessee": "GOPALAKRISHNAN CHETTIAR", "Plinth_Area_SqFt": 1282, "Usage": "Shop" }, "geometry": { "type": "Point", "coordinates": [ 80.233079947938577, 13.04489845173187 ] } },
{ "type": "Feature", "properties": { "Assessment_No": "CHN/136/00880", "Assessee": "Muthusamy Rao", "Plinth_Area_SqFt": 3520, "Usage": "Dwelling" }, "geometry": { "type": "Point", "coordinates": [ 80.235183015703981, 13.046424617800435 ] } },
{ "type": "Feature", "properties": { "Assessment_No": "CHN/136/00881", "Assessee": "Priya Gounder", "Plinth_Area_SqFt": 2292, "Usage": "Dwelling" }, "geometry": { "type": "Point", "coordinates": [ 80.233018064040948, 13.046119166055549 ] } },
{ "type": "Feature", "properties": { "Assessment_No": "CHN/136/00882", "Assessee": "Pillai Balasubramanian", "Plinth_Area_SqFt": 2074, "Usage": "Dwelling" }, "geometry": { "type": "Point", "coordinates": [ 80.2372314860865, 13.045015955688383 ] } },
{ "type": "Feature", "properties": { "Assessment_No": "CHN/136/00883", "Assessee": "Selvaraj Pillai", "Plinth_Area_SqFt": 924, "Usage": "R" }, "geometry": { "type": "Point", "coordinates": [ 80.236588923122412, 13.044579908326437 ] } },
{ "type": "Feature", "properties": { "Assessment_No": "CHN/136/00884", "Assessee": "Lakshmi Raman", "Plinth_Area_SqFt": 2004, "Usage": "Dwelling" }, "geometry": { "type": "Point", "coordinates": [ 80.233037133419941, 13.045975910366549 ] } },
{ "type": "Feature", "properties": { "Assessment_No": "CHN/136/00885", "Assessee": "Deepak Shetty", "Plinth_Area_SqFt": 815, "Usage": "R" }, "geometry": { "type": "Point", "coordinates": [ 80.234873386449763, 13.046631695211168 ] } },
{ "type": "Feature", "properties": { "Assessment_No": "CHN/136/00886", "Assessee": "Abdul Pillai", "Plinth_Area_SqFt": 3528, "Usage": "R" }, "geometry": { "type": "Point", "coordinates": [ 80.237035938304629, 13.045272420004361 ] } },
{ "type": "Feature", "properties": { "Assessment_No": "CHN/136/00887", "Assessee": "Deepak Iyer", "Plinth_Area_SqFt": 1298, "Usage": "Dwelling" }, "geometry": { "type": "Point", "coordinates": [ 80.236773427392535, 13.04438902641375 ] } },
{ "type": "Feature", "properties": { "Assessment_No": "CHN/136/00888", "Assessee": "Kannan Gounder", "Plinth_Area_SqFt": 4448, "Usage": "Dwelling" }, "geometry": { "type": "Point", "coordinates": [ 80.233364010624243, 13.047096115020461 ] } },
{ "type": "Feature", "properties": { "Assessment_No": "CHN/136/00889", "Assessee": "Fathima Pillai", "Plinth_Area_SqFt": 3013, "Usage": "Dwelling" }, "geometry": { "type": "Point", "coordinates": [ 80.236772833103842, 13.045370750871758 ] } },
{ "type": "Feature", "properties": { "Assessment_No": "CHN/136/00890", "Assessee": "Arun Reddy", "Plinth_Area_SqFt": 3538, "Usage": "M" }, "geometry": { "type": "Point", "coordinates": [ 80.236733351389148, 13.044590492435997 ] } },
{ "type": "Feature", "properties": { "Assessment_No": "CHN/136/00891", "Assessee": "Parvathi Kumar", "Plinth_Area_SqFt": 2158, "Usage": "R" }, "geometry": { "type": "Point", "coordinates": [ 80.233238366091257, 13.045963567994622 ] } },
{ "type": "Feature", "properties": { "Assessment_No": "CHN/136/00892", "Assessee": "Meenakshi Sharma", "Plinth_Area_SqFt": 1921, "Usage": "M" }, "geometry": { "type": "Point", "coordinates": [ 80.232970660567915, 13.045157604220796 ] } },
{ "type": "Feature", "properties": { "Assessment_No": "CHN/136/00893", "Assessee": "Laksmi Sharma", "Plinth_Area_SqFt": 2336, "Usage": "Dwelling" }, "geometry": { "type": "Point", "coordinates": [ 80.237693599029527, 13.045075760084439 ] } },
{ "type": "Feature", "properties": { "Assessment_No": "CHN/136/00894", "Assessee": "Mohammed Chettiar", "Plinth_Area_SqFt": 2353, "Usage": "R" }, "geometry": { "type": "Point", "coordinates": [ 80.234583296502066, 13.046965019694158 ] } },
{ "type": "Feature", "properties": { "Assessment_No": "CHN/136/00895", "Assessee": "Gounder Parvathi", "Plinth_Area_SqFt": 1161, "Usage": "R" }, "geometry": { "type": "Point", "coordinates": [ 80.234366809716747, 13.046624637172904 ] } },
{ "type": "Feature", "properties": { "Assessment_No": "CHN/136/00896", "Assessee": "Rahim Nayr", "Plinth_Area_SqFt": 2985, "Usage": "C" }, "geometry": { "type": "Point", "coordinates": [ 80.237392969012191, 13.044952983966233 ] } },
{ "type": "Feature", "properties": { "Assessment_No": "CHN/136/00897", "Assessee": "Priya Kumar", "Plinth_Area_SqFt": 1410, "Usage": "R" }, "geometry": { "type": "Point", "coordinates": [ 80.237101592075817, 13.044082281920538 ] } },
{ "type": "Feature", "properties": { "Assessment_No": "CHN/136/00898", "Assessee": "Abdul Shetty", "Plinth_Area_SqFt": 2254, "Usage": "Dwelling" }, "geometry": { "type": "Point", "coordinates": [ 80.233676891486041, 13.046798661875556 ] } },
{ "type": "Feature", "properties": { "Assessment_No": "CHN/136/00899", "Assessee": "Annamalai Thevar", "Plinth_Area_SqFt": 1513, "Usage": "Mixed" }, "geometry": { "type": "Point", "coordinates": [ 80.237132575614112, 13.044191827529058 ] } },
{ "type": "Feature", "properties": { "Assessment_No": "CHN/136/00900", "Assessee": "Annamalai Mudaliar", "Plinth_Area_SqFt": 2461, "Usage": "Dwelling" }, "geometry": { "type": "Point", "coordinates": [ 80.234787339863374, 13.046506193619738 ] } },
{ "type": "Feature", "properties": { "Assessment_No": "CHN/136/00901", "Assessee": "Gopalakrishnan Murthy", "Plinth_Area_SqFt": 3636, "Usage": "R" }, "geometry": { "type": "Point", "coordinates": [ 80.235011194190506, 13.046447062562409 ] } },
{ "type": "Feature", "properties": { "Assessment_No": "CHN/136/00902", "Assessee": "Nair Vijayalakshmi", "Plinth_Area_SqFt": 1762, "Usage": "R" }, "geometry": { "type": "Point", "coordinates": [ 80.235292859227854, 13.046787818342274 ] } },
{ "type": "Feature", "properties": { "Assessment_No": "CHN/136/00903", "Assessee": "Fathima Rao", "Plinth_Area_SqFt": 5356, "Usage": "Mixed" }, "geometry": { "type": "Point", "coordinates": [ 80.236566432652793, 13.045206424838652 ] } },
{ "type": "Feature", "properties": { "Assessment_No": "CHN/136/00904", "Assessee": "Thiruvengadam Murthy", "Plinth_Area_SqFt": 3440, "Usage": "Dwelling" }, "geometry": { "type": "Point", "coordinates": [ 80.236735334554183, 13.044264577689612 ] } },
{ "type": "Feature", "properties": { "Assessment_No": "CHN/136/00905", "Assessee": "Gopalakrishnan Menon", "Plinth_Area_SqFt": 2606, "Usage": "Dwelling" }, "geometry": { "type": "Point", "coordinates": [ 80.237674980585624, 13.044961766799323 ] } },
{ "type": "Feature", "properties": { "Assessment_No": "CHN/136/00906", "Assessee": "Suresh Naidu", "Plinth_Area_SqFt": 1850, "Usage": "R" }, "geometry": { "type": "Point", "coordinates": [ 80.233915829642896, 13.046629091230232 ] } },
{ "type": "Feature", "properties": { "Assessment_No": "CHN/136/00907", "Assessee": "Rmaesh Pillai", "Plinth_Area_SqFt": 6174, "Usage": "C" }, "geometry": { "type": "Point", "coordinates": [ 80.234917927029059, 13.046852735833591 ] } },
{ "type": "Feature", "properties": { "Assessment_No": "CHN/136/00908", "Assessee": "KRISHNAN DAS", "Plinth_Area_SqFt": 7307, "Usage": "Shop" }, "geometry": { "type": "Point", "coordinates": [ 80.236993269211538, 13.044235776449064 ] } },
{ "type": "Feature", "properties": { "Assessment_No": "CHN/136/00909", "Assessee": "Kannan Iyer", "Plinth_Area_SqFt": 3029, "Usage": "R" }, "geometry": { "type": "Point", "coordinates": [ 80.233130088617543, 13.045398471063342 ] } },
{ "type": "Feature", "properties": { "Assessment_No": "CHN/136/00910", "Assessee": "Abdul Mudaliar", "Plinth_Area_SqFt": 3130, "Usage": "C" }, "geometry": { "type": "Point", "coordinates": [ 80.236072018081302, 13.044427575945068 ] } },
{ "type": "Feature", "properties": { "Assessment_No": "CHN/136/00911", "Assessee": "Chandrasekar Iyer", "Plinth_Area_SqFt": 1898, "Usage": "R" }, "geometry": { "type": "Point", "coordinates": [ 80.235250478420582, 13.047524417669642 ] } },
{ "type": "Feature", "properties": { "Assessment_No": "CHN/136/00912", "Assessee": "Mohammed Reddy", "Plinth_Area_SqFt": 2032, "Usage": "Dwelling" }, "geometry": { "type": "Point", "coordinates": [ 80.235699114439853, 13.047276214094909 ] } },
{ "type": "Feature", "properties": { "Assessment_No": "CHN/136/00913", "Assessee": "Deepak Naidu", "Plinth_Area_SqFt": 673, "Usage": "R" }, "geometry": { "type": "Point", "coordinates": [ 80.235319867444858, 13.047652408833111 ] } },
{ "type": "Feature", "properties": { "Assessment_No": "CHN/136/00914", "Assessee": "Balasubramanian Kumar", "Plinth_Area_SqFt": 863, "Usage": "C" }, "geometry": { "type": "Point", "coordinates": [ 80.235376525180044, 13.047588878908625 ] } },
{ "type": "Feature", "properties": { "Assessment_No": "CHN/136/00915", "Assessee": "Balasubramanian Khan", "Plinth_Area_SqFt": 1385, "Usage": "Dwelling" }, "geometry": { "type": "Point", "coordinates": [ 80.235182471558574, 13.047310223805237 ] } },
{ "type": "Feature", "properties": { "Assessment_No": "CHN/136/00916", "Assessee": "Lakshmi Mudaliar", "Plinth_Area_SqFt": 1911, "Usage": "R" }, "geometry": { "type": "Point", "coordinates": [ 80.235058531174403, 13.047583300662557 ] } },
{ "type": "Feature", "properties": { "Assessment_No": "CHN/136/00917", "Assessee": "Chandrasekar Pillai", "Plinth_Area_SqFt": 875, "Usage": "Dwelling" }, "geometry": { "type": "Point", "coordinates": [ 80.235240944915631, 13.047695278802189 ] } },
{ "type": "Feature", "properties": { "Assessment_No": "CHN/136/00918", "Assessee": "Suresh Raman", "Plinth_Area_SqFt": 1092, "Usage": "Dwelling" }, "geometry": { "type": "Point", "coordinates": [ 80.235784985107188, 13.047573180135448 ] } },
{ "type": "Feature", "properties": { "Assessment_No": "CHN/136/00919", "Assessee": "Raman Rajeshwari", "Plinth_Area_SqFt": 2877, "Usage": "Dwelling" }, "geometry": { "type": "Point", "coordinates": [ 80.235023884222642, 13.04740884486327 ] } },
{ "type": "Feature", "properties": { "Assessment_No": "CHN/136/00920", "Assessee": "Annamalai Khan", "Plinth_Area_SqFt": 1032, "Usage": "R" }, "geometry": { "type": "Point", "coordinates": [ 80.235425536499264, 13.047719452314675 ] } },
{ "type": "Feature", "properties": { "Assessment_No": "CHN/136/00921", "Assessee": "Vijayalakshmi Pillai", "Plinth_Area_SqFt": 1113, "Usage": "R" }, "geometry": { "type": "Point", "coordinates": [ 80.235606533393593, 13.047644500423576 ] } },
{ "type": "Feature", "properties": { "Assessment_No": "CHN/136/00922", "Assessee": "Ramasamy Rao", "Plinth_Area_SqFt": 1330, "Usage": "Dwelling" }, "geometry": { "type": "Point", "coordinates": [ 80.235778643949629, 13.047486483324787 ] } },
{ "type": "Feature", "properties": { "Assessment_No": "CHN/136/00923", "Assessee": "Venkatesh Sheikh", "Plinth_Area_SqFt": 962, "Usage": "R" }, "geometry": { "type": "Point", "coordinates": [ 80.235088619269263, 13.047689710362466 ] } },
{ "type": "Feature", "properties": { "Assessment_No": "CHN/136/00924", "Assessee": "Thiurvengadam Sharma", "Plinth_Area_SqFt": 1898, "Usage": "R" }, "geometry": { "type": "Point", "coordinates": [ 80.234955932402443, 13.04761643828615 ] } },
{ "type": "Feature", "properties": { "Assessment_No": "CHN/136/00925", "Assessee": "Anitha Murthy", "Plinth_Area_SqFt": 9236, "Usage": "R" }, "geometry": { "type": "Point", "coordinates": [ 80.235795338722184, 13.043406667443023 ] } },
{ "type": "Feature", "properties": { "Assessment_No": "CHN/136/00926", "Assessee": "SUNDARAM NAIR", "Plinth_Area_SqFt": 1667, "Usage": "Dwelling" }, "geometry": { "type": "Point", "coordinates": [ 80.235356923832313, 13.043230725261967 ] } },
{ "type": "Feature", "properties": { "Assessment_No": "CHN/136/00927", "Assessee": "Suresh Rao", "Plinth_Area_SqFt": 3395, "Usage": "R" }, "geometry": { "type": "Point", "coordinates": [ 80.236199143285546, 13.043261202475906 ] } },
{ "type": "Feature", "properties": { "Assessment_No": "CHN/136/00928", "Assessee": "ABDUL KHAN", "Plinth_Area_SqFt": 2939, "Usage": "R" }, "geometry": { "type": "Point", "coordinates": [ 80.236993860703151, 13.043881472123928 ] } },
{ "type": "Feature", "properties": { "Assessment_No": "CHN/136/00929", "Assessee": "SUBRAMANIAN BABU", "Plinth_Area_SqFt": 2741, "Usage": "Dwelling" }, "geometry": { "type": "Point", "coordinates": [ 80.236302163526744, 13.04389637480217 ] } },
{ "type": "Feature", "properties": { "Assessment_No": "CHN/136/00930", "Assessee": "Balasubramanian Thevar", "Plinth_Area_SqFt": 529, "Usage": "Dwelling" }, "geometry": { "type": "Point", "coordinates": [ 80.235420110637435, 13.043062552217606 ] } },
{ "type": "Feature", "properties": { "Assessment_No": "CHN/136/00931", "Assessee": "Suresh Gounder", "Plinth_Area_SqFt": 1035, "Usage": "Dwelling" }, "geometry": { "type": "Point", "coordinates": [ 80.235556449520473, 13.04395287881764 ] } },
{ "type": "Feature", "properties": { "Assessment_No": "CHN/136/00932", "Assessee": "Suresh Das", "Plinth_Area_SqFt": 1730, "Usage": "R" }, "geometry": { "type": "Point", "coordinates": [ 80.235223750914344, 13.043414974261895 ] } },
{ "type": "Feature", "properties": { "Assessment_No": "CHN/136/00933", "Assessee": "Rajeshwari Thevar", "Plinth_Area_SqFt": 1120, "Usage": "R" }, "geometry": { "type": "Point", "coordinates": [ 80.235448613473991, 13.04317759396978 ] } },
{ "type": "Feature", "properties": { "Assessment_No": "CHN/136/00934", "Assessee": "Rahim Sharma", "Plinth_Area_SqFt": 3383, "Usage": "R" }, "geometry": { "type": "Point", "coordinates": [ 80.236808878790526, 13.043703691264113 ] } },
{ "type": "Feature", "properties": { "Assessment_No": "CHN/136/00935", "Assessee": "Suresh Sharma", "Plinth_Area_SqFt": 4569, "Usage": "C" }, "geometry": { "type": "Point", "coordinates": [ 80.237093017311338, 13.043685552387283 ] } },
{ "type": "Feature", "properties": { "Assessment_No": "CHN/136/00936", "Assessee": "Balasubramanian Reddy", "Plinth_Area_SqFt": 2317, "Usage": "Dwelling" }, "geometry": { "type": "Point", "coordinates": [ 80.236405522792694, 13.043455037497431 ] } },
{ "type": "Feature", "properties": { "Assessment_No": "CHN/136/00937", "Assessee": "Sooresh Sheikh", "Plinth_Area_SqFt": 2350, "Usage": "R" }, "geometry": { "type": "Point", "coordinates": [ 80.235751512550067, 13.043809018739307 ] } },
{ "type": "Feature", "properties": { "Assessment_No": "CHN/136/00938", "Assessee": "Chandrasekar Thevar", "Plinth_Area_SqFt": 5778, "Usage": "Dwelling" }, "geometry": { "type": "Point", "coordinates": [ 80.23588680379153, 13.043194983670794 ] } },
{ "type": "Feature", "properties": { "Assessment_No": "CHN/136/00939", "Assessee": "Rao Arun", "Plinth_Area_SqFt": 1671, "Usage": "Mixed" }, "geometry": { "type": "Point", "coordinates": [ 80.236309363616556, 13.04792310226552 ] } },
{ "type": "Feature", "properties": { "Assessment_No": "CHN/136/00940", "Assessee": "P. Murthy", "Plinth_Area_SqFt": 7219, "Usage": "Dwelling" }, "geometry": { "type": "Point", "coordinates": [ 80.2365699811632, 13.044274229527369 ] } },
{ "type": "Feature", "properties": { "Assessment_No": "CHN/136/00941", "Assessee": "Janaki Kumar", "Plinth_Area_SqFt": 550, "Usage": "Dwelling" }, "geometry": { "type": "Point", "coordinates": [ 80.236225320124177, 13.046496989873296 ] } },
{ "type": "Feature", "properties": { "Assessment_No": "CHN/136/00942", "Assessee": "Ramasamy Kumar", "Plinth_Area_SqFt": 2654, "Usage": "M" }, "geometry": { "type": "Point", "coordinates": [ 80.236537578886825, 13.047917064628503 ] } },
{ "type": "Feature", "properties": { "Assessment_No": "CHN/136/00943", "Assessee": "Priya Shetty", "Plinth_Area_SqFt": 2014, "Usage": "Dwelling" }, "geometry": { "type": "Point", "coordinates": [ 80.236479054505537, 13.045783396764406 ] } },
{ "type": "Feature", "properties": { "Assessment_No": "CHN/136/00944", "Assessee": "R. Mudaliar", "Plinth_Area_SqFt": 1182, "Usage": "Dwelling" }, "geometry": { "type": "Point", "coordinates": [ 80.236164375956221, 13.046160626653368 ] } },
{ "type": "Feature", "properties": { "Assessment_No": "CHN/136/00945", "Assessee": "Rahim Menon", "Plinth_Area_SqFt": 909, "Usage": "Mixed" }, "geometry": { "type": "Point", "coordinates": [ 80.237160324078673, 13.045820912016236 ] } },
{ "type": "Feature", "properties": { "Assessment_No": "CHN/136/00946", "Assessee": "Anitha Sharma", "Plinth_Area_SqFt": 1806, "Usage": "Shop" }, "geometry": { "type": "Point", "coordinates": [ 80.236388772451349, 13.045158931303106 ] } },
{ "type": "Feature", "properties": { "Assessment_No": "CHN/136/00947", "Assessee": "Gopalakrishnan Shetty", "Plinth_Area_SqFt": 4113, "Usage": "Dwelling" }, "geometry": { "type": "Point", "coordinates": [ 80.236051581143428, 13.043951488432151 ] } },
{ "type": "Feature", "properties": { "Assessment_No": "CHN/136/00948", "Assessee": "Deepak Shetty", "Plinth_Area_SqFt": 1301, "Usage": "Shop" }, "geometry": { "type": "Point", "coordinates": [ 80.237187559046404, 13.047819699238875 ] } },
{ "type": "Feature", "properties": { "Assessment_No": "CHN/136/00949", "Assessee": "L. Iyer", "Plinth_Area_SqFt": 2861, "Usage": "R" }, "geometry": { "type": "Point", "coordinates": [ 80.234945363477678, 13.04345172380069 ] } },
{ "type": "Feature", "properties": { "Assessment_No": "CHN/136/00950", "Assessee": "Venkatesh Das", "Plinth_Area_SqFt": 1539, "Usage": "Dwelling" }, "geometry": { "type": "Point", "coordinates": [ 80.235636282912125, 13.044197939083645 ] } },
{ "type": "Feature", "properties": { "Assessment_No": "CHN/136/00951", "Assessee": "ANNAMALAI SHEIKH", "Plinth_Area_SqFt": 1589, "Usage": "R" }, "geometry": { "type": "Point", "coordinates": [ 80.236334630936227, 13.045798468957223 ] } },
{ "type": "Feature", "properties": { "Assessment_No": "CHN/136/00952", "Assessee": "Venkatesh Reddy", "Plinth_Area_SqFt": 1109, "Usage": "Shop" }, "geometry": { "type": "Point", "coordinates": [ 80.235864958746802, 13.047991502397121 ] } },
{ "type": "Feature", "properties": { "Assessment_No": "CHN/136/00953", "Assessee": "Deepak Kumar", "Plinth_Area_SqFt": 435, "Usage": "C" }, "geometry": { "type": "Point", "coordinates": [ 80.236224052739743, 13.046407928469021 ] } },
{ "type": "Feature", "properties": { "Assessment_No": "CHN/136/00954", "Assessee": "Thiruvengadam Iyer", "Plinth_Area_SqFt": 2714, "Usage": "R" }, "geometry": { "type": "Point", "coordinates": [ 80.237695524932505, 13.04546022189915 ] } },
{ "type": "Feature", "properties": { "Assessment_No": "CHN/136/00955", "Assessee": "Lakshmi Rao", "Plinth_Area_SqFt": 3205, "Usage": "Shop" }, "geometry": { "type": "Point", "coordinates": [ 80.23609482738523, 13.045225505134404 ] } },
{ "type": "Feature", "properties": { "Assessment_No": "CHN/136/00956", "Assessee": "Rajeswari Nair", "Plinth_Area_SqFt": 10213, "Usage": "R" }, "geometry": { "type": "Point", "coordinates": [ 80.242706809426465, 13.045602029369723 ] } },
{ "type": "Feature", "properties": { "Assessment_No": "CHN/136/00957", "Assessee": "Mudaliar, Janaki", "Plinth_Area_SqFt": 1908, "Usage": "Dwelling" }, "geometry": { "type": "Point", "coordinates": [ 80.23950901344854, 13.04743309517225 ] } },
{ "type": "Feature", "properties": { "Assessment_No": "CHN/136/00958", "Assessee": "Anitha Sheikh", "Plinth_Area_SqFt": 2987, "Usage": "Mixed" }, "geometry": { "type": "Point", "coordinates": [ 80.242540878826048, 13.043368135228441 ] } },
{ "type": "Feature", "properties": { "Assessment_No": "CHN/136/00959", "Assessee": "Ramasamy Raman", "Plinth_Area_SqFt": 4523, "Usage": "R" }, "geometry": { "type": "Point", "coordinates": [ 80.241206678963636, 13.043621290454068 ] } },
{ "type": "Feature", "properties": { "Assessment_No": "CHN/136/00960", "Assessee": "Deepa kMudaliar", "Plinth_Area_SqFt": 3282, "Usage": "R" }, "geometry": { "type": "Point", "coordinates": [ 80.238180400329554, 13.047142459026709 ] } },
{ "type": "Feature", "properties": { "Assessment_No": "CHN/136/00961", "Assessee": "V. Iyer", "Plinth_Area_SqFt": 5823, "Usage": "Dwelling" }, "geometry": { "type": "Point", "coordinates": [ 80.241708203439174, 13.043509835581899 ] } },
{ "type": "Feature", "properties": { "Assessment_No": "CHN/136/00962", "Assessee": "Nair Suresh", "Plinth_Area_SqFt": 1636, "Usage": "R" }, "geometry": { "type": "Point", "coordinates": [ 80.24166467383499, 13.043076453217964 ] } },
{ "type": "Feature", "properties": { "Assessment_No": "CHN/136/00963", "Assessee": "Sundaram Nair", "Plinth_Area_SqFt": 5595, "Usage": "C" }, "geometry": { "type": "Point", "coordinates": [ 80.24187802070179, 13.043418240485938 ] } },
{ "type": "Feature", "properties": { "Assessment_No": "CHN/136/00964", "Assessee": "Fathima Menon", "Plinth_Area_SqFt": 3430, "Usage": "Dwelling" }, "geometry": { "type": "Point", "coordinates": [ 80.241178994175982, 13.043480637022245 ] } },
{ "type": "Feature", "properties": { "Assessment_No": "CHN/136/00965", "Assessee": "Gounder, Kannan", "Plinth_Area_SqFt": 6357, "Usage": "Dwelling" }, "geometry": { "type": "Point", "coordinates": [ 80.242907652203243, 13.0431768260498 ] } },
{ "type": "Feature", "properties": { "Assessment_No": "CHN/136/00966", "Assessee": "Meenakshi Babu", "Plinth_Area_SqFt": 4417, "Usage": "Dwelling" }, "geometry": { "type": "Point", "coordinates": [ 80.24292322293833, 13.04340024432042 ] } },
{ "type": "Feature", "properties": { "Assessment_No": "CHN/136/00967", "Assessee": "Suresh Gounder", "Plinth_Area_SqFt": 1949, "Usage": "C" }, "geometry": { "type": "Point", "coordinates": [ 80.238234923267086, 13.046942517563817 ] } },
{ "type": "Feature", "properties": { "Assessment_No": "CHN/136/00968", "Assessee": "Thiruvengadam Murthy", "Plinth_Area_SqFt": 2424, "Usage": "Shop" }, "geometry": { "type": "Point", "coordinates": [ 80.24145710579154, 13.04369963098473 ] } },
{ "type": "Feature", "properties": { "Assessment_No": "CHN/136/00969", "Assessee": "Arun Naidu", "Plinth_Area_SqFt": 861, "Usage": "Shop" }, "geometry": { "type": "Point", "coordinates": [ 80.242046148374328, 13.043430854121729 ] } },
{ "type": "Feature", "properties": { "Assessment_No": "CHN/136/00970", "Assessee": "Meenakshi Pillai", "Plinth_Area_SqFt": 1351, "Usage": "Dwelling" }, "geometry": { "type": "Point", "coordinates": [ 80.242027504828442, 13.043319680905789 ] } },
{ "type": "Feature", "properties": { "Assessment_No": "CHN/136/00971", "Assessee": "Selvaraj Babu", "Plinth_Area_SqFt": 3220, "Usage": "Mixed" }, "geometry": { "type": "Point", "coordinates": [ 80.242284805784237, 13.043361804944215 ] } },
{ "type": "Feature", "properties": { "Assessment_No": "CHN/136/00972", "Assessee": "Chandrasekar Sharma", "Plinth_Area_SqFt": 3652, "Usage": "Dwelling" }, "geometry": { "type": "Point", "coordinates": [ 80.241374328671654, 13.046451126782461 ] } },
{ "type": "Feature", "properties": { "Assessment_No": "CHN/136/00973", "Assessee": "Subramanian Pillai", "Plinth_Area_SqFt": 10880, "Usage": "Mixed" }, "geometry": { "type": "Point", "coordinates": [ 80.240379165526505, 13.04786282293504 ] } },
{ "type": "Feature", "properties": { "Assessment_No": "CHN/136/00974", "Assessee": "Fathima Rao", "Plinth_Area_SqFt": 7559, "Usage": "R" }, "geometry": { "type": "Point", "coordinates": [ 80.239375299740388, 13.046894120583703 ] } },
{ "type": "Feature", "properties": { "Assessment_No": "CHN/136/00975", "Assessee": "KRISHNAN GOUNDER", "Plinth_Area_SqFt": 4161, "Usage": "R" }, "geometry": { "type": "Point", "coordinates": [ 80.240653632007934, 13.046296261468397 ] } },
{ "type": "Feature", "properties": { "Assessment_No": "CHN/136/00976", "Assessee": "Mhoammed Rao", "Plinth_Area_SqFt": 3299, "Usage": "Shop" }, "geometry": { "type": "Point", "coordinates": [ 80.238400111653078, 13.046191062293273 ] } },
{ "type": "Feature", "properties": { "Assessment_No": "CHN/136/00977", "Assessee": "Abdul Thevar", "Plinth_Area_SqFt": 4572, "Usage": "R" }, "geometry": { "type": "Point", "coordinates": [ 80.241096551045175, 13.046130873335962 ] } },
{ "type": "Feature", "properties": { "Assessment_No": "CHN/136/00978", "Assessee": "Saraswathi Kumar", "Plinth_Area_SqFt": 5758, "Usage": "Shop" }, "geometry": { "type": "Point", "coordinates": [ 80.240979630165043, 13.047288443589444 ] } },
{ "type": "Feature", "properties": { "Assessment_No": "CHN/136/00979", "Assessee": "Chandrasekar Naidu", "Plinth_Area_SqFt": 3861, "Usage": "Dwelling" }, "geometry": { "type": "Point", "coordinates": [ 80.239192622018166, 13.047343587345186 ] } },
{ "type": "Feature", "properties": { "Assessment_No": "CHN/136/00980", "Assessee": "Priya Khan", "Plinth_Area_SqFt": 3478, "Usage": "Dwelling" }, "geometry": { "type": "Point", "coordinates": [ 80.240522100236234, 13.045989780265602 ] } },
{ "type": "Feature", "properties": { "Assessment_No": "CHN/136/00981", "Assessee": "Meenakshi Das", "Plinth_Area_SqFt": 2762, "Usage": "R" }, "geometry": { "type": "Point", "coordinates": [ 80.240539197748006, 13.046616064526354 ] } },
{ "type": "Feature", "properties": { "Assessment_No": "CHN/136/00982", "Assessee": "Muthusamy Kumar", "Plinth_Area_SqFt": 2656, "Usage": "Dwelling" }, "geometry": { "type": "Point", "coordinates": [ 80.238481722709423, 13.047829516675904 ] } },
{ "type": "Feature", "properties": { "Assessment_No": "CHN/136/00983", "Assessee": "Muhtusamy Babu", "Plinth_Area_SqFt": 2110, "Usage": "C" }, "geometry": { "type": "Point", "coordinates": [ 80.24256898877023, 13.046902358370204 ] } },
{ "type": "Feature", "properties": { "Assessment_No": "CHN/136/00984", "Assessee": "KANNAN MURTHY", "Plinth_Area_SqFt": 3216, "Usage": "Dwelling" }, "geometry": { "type": "Point", "coordinates": [ 80.239969715544348, 13.047205031165975 ] } },
{ "type": "Feature", "properties": { "Assessment_No": "CHN/136/00985", "Assessee": "Meenakshi Khan", "Plinth_Area_SqFt": 2061, "Usage": "R" }, "geometry": { "type": "Point", "coordinates": [ 80.241815433235402, 13.047345348928687 ] } },
{ "type": "Feature", "properties": { "Assessment_No": "CHN/136/00986", "Assessee": "Balasubramanian Murthy", "Plinth_Area_SqFt": 3285, "Usage": "R" }, "geometry": { "type": "Point", "coordinates": [ 80.240962476287947, 13.046911339207014 ] } },
{ "type": "Feature", "properties": { "Assessment_No": "CHN/136/00987", "Assessee": "F. Babu", "Plinth_Area_SqFt": 3111, "Usage": "Dwelling" }, "geometry": { "type": "Point", "coordinates": [ 80.242468776079676, 13.047047404669794 ] } },
{ "type": "Feature", "properties": { "Assessment_No": "CHN/136/00988", "Assessee": "Venkatesh Murthy", "Plinth_Area_SqFt": 3597, "Usage": "C" }, "geometry": { "type": "Point", "coordinates": [ 80.241767047318234, 13.047081366805863 ] } },
{ "type": "Feature", "properties": { "Assessment_No": "CHN/136/00989", "Assessee": "Venkatesh Thevar", "Plinth_Area_SqFt": 845, "Usage": "Mixed" }, "geometry": { "type": "Point", "coordinates": [ 80.24185169146719, 13.047493502804873 ] } },
{ "type": "Feature", "properties": { "Assessment_No": "CHN/136/00990", "Assessee": "A. Reddy", "Plinth_Area_SqFt": 6467, "Usage": "Mixed" }, "geometry": { "type": "Point", "coordinates": [ 80.239363821882137, 13.046686284529104 ] } },
{ "type": "Feature", "properties": { "Assessment_No": "CHN/136/00991", "Assessee": "Kannan Gounder", "Plinth_Area_SqFt": 1172, "Usage": "R" }, "geometry": { "type": "Point", "coordinates": [ 80.239895187263457, 13.046099995557231 ] } },
{ "type": "Feature", "properties": { "Assessment_No": "CHN/136/00992", "Assessee": "Anitha Mudaliar", "Plinth_Area_SqFt": 2884, "Usage": "Dwelling" }, "geometry": { "type": "Point", "coordinates": [ 80.24122838900945, 13.045980893211777 ] } },
{ "type": "Feature", "properties": { "Assessment_No": "CHN/136/00993", "Assessee": "Janaki Khan", "Plinth_Area_SqFt": 2637, "Usage": "R" }, "geometry": { "type": "Point", "coordinates": [ 80.238318035373169, 13.045552139797516 ] } },
{ "type": "Feature", "properties": { "Assessment_No": "CHN/136/00994", "Assessee": "Subramanian Shetty", "Plinth_Area_SqFt": 5237, "Usage": "R" }, "geometry": { "type": "Point", "coordinates": [ 80.24234969474135, 13.046503281251667 ] } },
{ "type": "Feature", "properties": { "Assessment_No": "CHN/136/00995", "Assessee": "Deepak Iyer", "Plinth_Area_SqFt": 5097, "Usage": "Dwelling" }, "geometry": { "type": "Point", "coordinates": [ 80.239601366736608, 13.047624390685845 ] } },
{ "type": "Feature", "properties": { "Assessment_No": "CHN/136/00996", "Assessee": "Reddy, Sundaram", "Plinth_Area_SqFt": 1754, "Usage": "R" }, "geometry": { "type": "Point", "coordinates": [ 80.240083966558714, 13.046192001649406 ] } },
{ "type": "Feature", "properties": { "Assessment_No": "CHN/136/00997", "Assessee": "Vjiayalakshmi Nair", "Plinth_Area_SqFt": 1754, "Usage": "C" }, "geometry": { "type": "Point", "coordinates": [ 80.239612324066698, 13.047952370966346 ] } },
{ "type": "Feature", "properties": { "Assessment_No": "CHN/136/00998", "Assessee": "Anita Raman", "Plinth_Area_SqFt": 3345, "Usage": "Dwelling" }, "geometry": { "type": "Point", "coordinates": [ 80.241572347839309, 13.046118582540879 ] } },
{ "type": "Feature", "properties": { "Assessment_No": "CHN/136/00999", "Assessee": "Kannan Rao", "Plinth_Area_SqFt": 1343, "Usage": "R" }, "geometry": { "type": "Point", "coordinates": [ 80.241197010223971, 13.047291302346913 ] } },
{ "type": "Feature", "properties": { "Assessment_No": "CHN/136/01000", "Assessee": "Parvathi Rao", "Plinth_Area_SqFt": 1116, "Usage": "R" }, "geometry": { "type": "Point", "coordinates": [ 80.239915587719665, 13.047063762791558 ] } },
{ "type": "Feature", "properties": { "Assessment_No": "CHN/136/01001", "Assessee": "Deepak Baboo", "Plinth_Area_SqFt": 8256, "Usage": "Dwelling" }, "geometry": { "type": "Point", "coordinates": [ 80.238565103893407, 13.046117648907256 ] } },
{ "type": "Feature", "properties": { "Assessment_No": "CHN/136/01002", "Assessee": "Muthusamy Menon", "Plinth_Area_SqFt": 3074, "Usage": "R" }, "geometry": { "type": "Point", "coordinates": [ 80.240365680628145, 13.04598422964462 ] } },
{ "type": "Feature", "properties": { "Assessment_No": "CHN/136/01003", "Assessee": "Rahim Gounder", "Plinth_Area_SqFt": 2549, "Usage": "M" }, "geometry": { "type": "Point", "coordinates": [ 80.241599635703409, 13.047170273254192 ] } },
{ "type": "Feature", "properties": { "Assessment_No": "CHN/136/01004", "Assessee": "Naidu, Fathima", "Plinth_Area_SqFt": 1990, "Usage": "Dwelling" }, "geometry": { "type": "Point", "coordinates": [ 80.241823946785601, 13.046653804914232 ] } },
{ "type": "Feature", "properties": { "Assessment_No": "CHN/136/01005", "Assessee": "Venkatesh Kumar", "Plinth_Area_SqFt": 2622, "Usage": "Dwelling" }, "geometry": { "type": "Point", "coordinates": [ 80.241275619497827, 13.045870038242629 ] } },
{ "type": "Feature", "properties": { "Assessment_No": "CHN/136/01006", "Assessee": "Suresh Khan", "Plinth_Area_SqFt": 2610, "Usage": "R" }, "geometry": { "type": "Point", "coordinates": [ 80.241686785688856, 13.046710555993151 ] } },
{ "type": "Feature", "properties": { "Assessment_No": "CHN/136/01007", "Assessee": "Sharma Ramasamy", "Plinth_Area_SqFt": 1841, "Usage": "Dwelling" }, "geometry": { "type": "Point", "coordinates": [ 80.23875108316453, 13.046030920537827 ] } },
{ "type": "Feature", "properties": { "Assessment_No": "CHN/136/01008", "Assessee": "Annamalai Nair", "Plinth_Area_SqFt": 2815, "Usage": "C" }, "geometry": { "type": "Point", "coordinates": [ 80.238162885174418, 13.047920882333178 ] } },
{ "type": "Feature", "properties": { "Assessment_No": "CHN/136/01009", "Assessee": "Rajeshwari Khan", "Plinth_Area_SqFt": 3749, "Usage": "C" }, "geometry": { "type": "Point", "coordinates": [ 80.24125038397095, 13.046838894302571 ] } },
{ "type": "Feature", "properties": { "Assessment_No": "CHN/136/01010", "Assessee": "Parvathi kan", "Plinth_Area_SqFt": 1638, "Usage": "R" }, "geometry": { "type": "Point", "coordinates": [ 80.238736005224652, 13.047556979966755 ] } },
{ "type": "Feature", "properties": { "Assessment_No": "CHN/136/01011", "Assessee": "Lakshmi Das", "Plinth_Area_SqFt": 3053, "Usage": "C" }, "geometry": { "type": "Point", "coordinates": [ 80.241973218620245, 13.047816226721174 ] } },
{ "type": "Feature", "properties": { "Assessment_No": "CHN/136/01012", "Assessee": "Rajeshwari Mudaliar", "Plinth_Area_SqFt": 1423, "Usage": "R" }, "geometry": { "type": "Point", "coordinates": [ 80.23975402278559, 13.047898015881771 ] } },
{ "type": "Feature", "properties": { "Assessment_No": "CHN/136/01013", "Assessee": "Vijayalakshmi Sharma", "Plinth_Area_SqFt": 3008, "Usage": "R" }, "geometry": { "type": "Point", "coordinates": [ 80.242338660984984, 13.047266909515983 ] } },
{ "type": "Feature", "properties": { "Assessment_No": "CHN/136/01014", "Assessee": "Kannan Sheikh", "Plinth_Area_SqFt": 3201, "Usage": "R" }, "geometry": { "type": "Point", "coordinates": [ 80.241787459475688, 13.046228288696911 ] } },
{ "type": "Feature", "properties": { "Assessment_No": "CHN/136/01015", "Assessee": "Anitha Murthy", "Plinth_Area_SqFt": 3124, "Usage": "Shop" }, "geometry": { "type": "Point", "coordinates": [ 80.238918740116915, 13.046992786025781 ] } },
{ "type": "Feature", "properties": { "Assessment_No": "CHN/136/01016", "Assessee": "Ramasamy Thevar", "Plinth_Area_SqFt": 4858, "Usage": "C" }, "geometry": { "type": "Point", "coordinates": [ 80.241707881276113, 13.047841837510429 ] } },
{ "type": "Feature", "properties": { "Assessment_No": "CHN/136/01017", "Assessee": "Fathima Kumar", "Plinth_Area_SqFt": 2256, "Usage": "Dwelling" }, "geometry": { "type": "Point", "coordinates": [ 80.240573268347305, 13.047001772970516 ] } },
{ "type": "Feature", "properties": { "Assessment_No": "CHN/136/01018", "Assessee": "Lakshmi Kumar", "Plinth_Area_SqFt": 1564, "Usage": "Dwelling" }, "geometry": { "type": "Point", "coordinates": [ 80.23932334514457, 13.047245308737667 ] } },
{ "type": "Feature", "properties": { "Assessment_No": "CHN/136/01019", "Assessee": "Krishnan Das", "Plinth_Area_SqFt": 2916, "Usage": "M" }, "geometry": { "type": "Point", "coordinates": [ 80.241841907642211, 13.048063387920614 ] } },
{ "type": "Feature", "properties": { "Assessment_No": "CHN/136/01020", "Assessee": "RAJESHWARI GOUNDER", "Plinth_Area_SqFt": 874, "Usage": "C" }, "geometry": { "type": "Point", "coordinates": [ 80.238125183817814, 13.045528255081342 ] } },
{ "type": "Feature", "properties": { "Assessment_No": "CHN/136/01021", "Assessee": "Muthusamy Pillay", "Plinth_Area_SqFt": 877, "Usage": "C" }, "geometry": { "type": "Point", "coordinates": [ 80.239930654063855, 13.046217114637315 ] } },
{ "type": "Feature", "properties": { "Assessment_No": "CHN/136/01022", "Assessee": "Kannan Raman", "Plinth_Area_SqFt": 1715, "Usage": "R" }, "geometry": { "type": "Point", "coordinates": [ 80.240241981295341, 13.047082956568746 ] } },
{ "type": "Feature", "properties": { "Assessment_No": "CHN/136/01023", "Assessee": "Aroon Gounder", "Plinth_Area_SqFt": 2142, "Usage": "Shop" }, "geometry": { "type": "Point", "coordinates": [ 80.23928553535012, 13.047704696440876 ] } },
{ "type": "Feature", "properties": { "Assessment_No": "CHN/136/01024", "Assessee": "Selvaarj Raman", "Plinth_Area_SqFt": 1009, "Usage": "C" }, "geometry": { "type": "Point", "coordinates": [ 80.238190898511036, 13.045640322975856 ] } },
{ "type": "Feature", "properties": { "Assessment_No": "CHN/136/01025", "Assessee": "Lakshmi Sheikh", "Plinth_Area_SqFt": 1071, "Usage": "Dwelling" }, "geometry": { "type": "Point", "coordinates": [ 80.238423124679116, 13.047409182326579 ] } },
{ "type": "Feature", "properties": { "Assessment_No": "CHN/136/01026", "Assessee": "Ramesh Naidu", "Plinth_Area_SqFt": 3840, "Usage": "Dwelling" }, "geometry": { "type": "Point", "coordinates": [ 80.239107136678328, 13.047649467926426 ] } },
{ "type": "Feature", "properties": { "Assessment_No": "CHN/136/01027", "Assessee": "Kannan Babu", "Plinth_Area_SqFt": 826, "Usage": "C" }, "geometry": { "type": "Point", "coordinates": [ 80.240404108046761, 13.046695070013923 ] } },
{ "type": "Feature", "properties": { "Assessment_No": "CHN/136/01028", "Assessee": "Thiruvengadam Naidu", "Plinth_Area_SqFt": 1586, "Usage": "Dwelling" }, "geometry": { "type": "Point", "coordinates": [ 80.238714740426971, 13.045907923775589 ] } },
{ "type": "Feature", "properties": { "Assessment_No": "CHN/136/01029", "Assessee": "Rahim Murthy", "Plinth_Area_SqFt": 2529, "Usage": "R" }, "geometry": { "type": "Point", "coordinates": [ 80.238669426969395, 13.04739900881137 ] } },
{ "type": "Feature", "properties": { "Assessment_No": "CHN/136/01030", "Assessee": "Kannan Mudalair", "Plinth_Area_SqFt": 2894, "Usage": "R" }, "geometry": { "type": "Point", "coordinates": [ 80.240382558557698, 13.046285085266019 ] } },
{ "type": "Feature", "properties": { "Assessment_No": "CHN/136/01031", "Assessee": "Saraswathi Pillai", "Plinth_Area_SqFt": 2717, "Usage": "Dwelling" }, "geometry": { "type": "Point", "coordinates": [ 80.242412193623721, 13.047123266007727 ] } },
{ "type": "Feature", "properties": { "Assessment_No": "CHN/136/01032", "Assessee": "Kannan Murthy", "Plinth_Area_SqFt": 1715, "Usage": "Dwelling" }, "geometry": { "type": "Point", "coordinates": [ 80.23945892335901, 13.046507366637259 ] } },
{ "type": "Feature", "properties": { "Assessment_No": "CHN/136/01033", "Assessee": "MOHAMMED KUMAR", "Plinth_Area_SqFt": 1649, "Usage": "Dwelling" }, "geometry": { "type": "Point", "coordinates": [ 80.238232026905251, 13.045857668077149 ] } },
{ "type": "Feature", "properties": { "Assessment_No": "CHN/136/01034", "Assessee": "Sundaram Kumar", "Plinth_Area_SqFt": 1151, "Usage": "R" }, "geometry": { "type": "Point", "coordinates": [ 80.239892493640184, 13.046016817730317 ] } },
{ "type": "Feature", "properties": { "Assessment_No": "CHN/136/01035", "Assessee": "FATHIMA CHETTIAR", "Plinth_Area_SqFt": 3051, "Usage": "R" }, "geometry": { "type": "Point", "coordinates": [ 80.240767332095785, 13.047425462189109 ] } },
{ "type": "Feature", "properties": { "Assessment_No": "CHN/136/01036", "Assessee": "Ramesh Sharma", "Plinth_Area_SqFt": 2962, "Usage": "Dwelling" }, "geometry": { "type": "Point", "coordinates": [ 80.239059503958643, 13.046938531471598 ] } },
{ "type": "Feature", "properties": { "Assessment_No": "CHN/136/01037", "Assessee": "Muthusamy Sheikh", "Plinth_Area_SqFt": 3160, "Usage": "R" }, "geometry": { "type": "Point", "coordinates": [ 80.240678040570202, 13.046946279908866 ] } },
{ "type": "Feature", "properties": { "Assessment_No": "CHN/136/01038", "Assessee": "Shetty, Gopalakrishnan", "Plinth_Area_SqFt": 2024, "Usage": "Dwelling" }, "geometry": { "type": "Point", "coordinates": [ 80.239533080218081, 13.047203715267084 ] } },
{ "type": "Feature", "properties": { "Assessment_No": "CHN/136/01039", "Assessee": "Meenakshi Reddy", "Plinth_Area_SqFt": 1919, "Usage": "Dwelling" }, "geometry": { "type": "Point", "coordinates": [ 80.242037592129861, 13.047083132900259 ] } },
{ "type": "Feature", "properties": { "Assessment_No": "CHN/136/01040", "Assessee": "Fathima Pillai", "Plinth_Area_SqFt": 757, "Usage": "Dwelling" }, "geometry": { "type": "Point", "coordinates": [ 80.23978676555771, 13.046229997420397 ] } },
{ "type": "Feature", "properties": { "Assessment_No": "CHN/136/01041", "Assessee": "A. Rao", "Plinth_Area_SqFt": 4854, "Usage": "Dwelling" }, "geometry": { "type": "Point", "coordinates": [ 80.240963125676416, 13.046625133259738 ] } },
{ "type": "Feature", "properties": { "Assessment_No": "CHN/136/01042", "Assessee": "P. Shetty", "Plinth_Area_SqFt": 2563, "Usage": "C" }, "geometry": { "type": "Point", "coordinates": [ 80.241565956253339, 13.047455080137253 ] } },
{ "type": "Feature", "properties": { "Assessment_No": "CHN/136/01043", "Assessee": "S. Gounder", "Plinth_Area_SqFt": 2750, "Usage": "Dwelling" }, "geometry": { "type": "Point", "coordinates": [ 80.242604804494519, 13.046774290505496 ] } },
{ "type": "Feature", "properties": { "Assessment_No": "CHN/136/01044", "Assessee": "Priya Khan", "Plinth_Area_SqFt": 2880, "Usage": "R" }, "geometry": { "type": "Point", "coordinates": [ 80.24129006473791, 13.047207412932355 ] } },
{ "type": "Feature", "properties": { "Assessment_No": "CHN/136/01045", "Assessee": "Venkatesh Chettiar", "Plinth_Area_SqFt": 885, "Usage": "Shop" }, "geometry": { "type": "Point", "coordinates": [ 80.24005056918763, 13.047046029151906 ] } },
{ "type": "Feature", "properties": { "Assessment_No": "CHN/136/01046", "Assessee": "Lakshmi Shetty", "Plinth_Area_SqFt": 3924, "Usage": "Dwelling" }, "geometry": { "type": "Point", "coordinates": [ 80.238267519952714, 13.047557622460502 ] } },
{ "type": "Feature", "properties": { "Assessment_No": "CHN/136/01047", "Assessee": "Krishnan aNidu", "Plinth_Area_SqFt": 2526, "Usage": "C" }, "geometry": { "type": "Point", "coordinates": [ 80.241445855147433, 13.047193004474121 ] } },
{ "type": "Feature", "properties": { "Assessment_No": "CHN/136/01048", "Assessee": "Venkatesh Chettiar", "Plinth_Area_SqFt": 3844, "Usage": "M" }, "geometry": { "type": "Point", "coordinates": [ 80.24192258606034, 13.046583532567281 ] } },
{ "type": "Feature", "properties": { "Assessment_No": "CHN/136/01049", "Assessee": "Naidu, Fathima", "Plinth_Area_SqFt": 2640, "Usage": "Mixed" }, "geometry": { "type": "Point", "coordinates": [ 80.240478154284631, 13.047454415027635 ] } },
{ "type": "Feature", "properties": { "Assessment_No": "CHN/136/01050", "Assessee": "Saraswathi Thevar", "Plinth_Area_SqFt": 7580, "Usage": "C" }, "geometry": { "type": "Point", "coordinates": [ 80.240112747781012, 13.047574305623968 ] } },
{ "type": "Feature", "properties": { "Assessment_No": "CHN/136/01051", "Assessee": "Muthusamy Gounder", "Plinth_Area_SqFt": 3390, "Usage": "C" }, "geometry": { "type": "Point", "coordinates": [ 80.23866464711088, 13.045739183851833 ] } },
{ "type": "Feature", "properties": { "Assessment_No": "CHN/136/01052", "Assessee": "Suresh Shetty", "Plinth_Area_SqFt": 2392, "Usage": "C" }, "geometry": { "type": "Point", "coordinates": [ 80.24192410125525, 13.047047153363792 ] } },
{ "type": "Feature", "properties": { "Assessment_No": "CHN/136/01053", "Assessee": "Sundaram Murthy", "Plinth_Area_SqFt": 3208, "Usage": "C" }, "geometry": { "type": "Point", "coordinates": [ 80.241558932310809, 13.046742204145277 ] } },
{ "type": "Feature", "properties": { "Assessment_No": "CHN/136/01054", "Assessee": "A. Shetty", "Plinth_Area_SqFt": 2906, "Usage": "Shop" }, "geometry": { "type": "Point", "coordinates": [ 80.239033605059348, 13.047365373810367 ] } },
{ "type": "Feature", "properties": { "Assessment_No": "CHN/136/01055", "Assessee": "M. Gounder", "Plinth_Area_SqFt": 2423, "Usage": "R" }, "geometry": { "type": "Point", "coordinates": [ 80.240739780875472, 13.045879062454311 ] } },
{ "type": "Feature", "properties": { "Assessment_No": "CHN/136/01056", "Assessee": "Janaki Iyer", "Plinth_Area_SqFt": 1259, "Usage": "Dwelling" }, "geometry": { "type": "Point", "coordinates": [ 80.238341139651624, 13.047824684367772 ] } },
{ "type": "Feature", "properties": { "Assessment_No": "CHN/136/01057", "Assessee": "Meenakshi Nair", "Plinth_Area_SqFt": 1777, "Usage": "Dwelling" }, "geometry": { "type": "Point", "coordinates": [ 80.239937194364188, 13.046496333194007 ] } },
{ "type": "Feature", "properties": { "Assessment_No": "CHN/136/01058", "Assessee": "Anita Das", "Plinth_Area_SqFt": 4803, "Usage": "Shop" }, "geometry": { "type": "Point", "coordinates": [ 80.239229797030148, 13.048097867090343 ] } },
{ "type": "Feature", "properties": { "Assessment_No": "CHN/136/01059", "Assessee": "Lakshmi Babu", "Plinth_Area_SqFt": 5031, "Usage": "Shop" }, "geometry": { "type": "Point", "coordinates": [ 80.242086846878721, 13.046395128054655 ] } },
{ "type": "Feature", "properties": { "Assessment_No": "CHN/136/01060", "Assessee": "Balasubramanian Naidu", "Plinth_Area_SqFt": 1669, "Usage": "R" }, "geometry": { "type": "Point", "coordinates": [ 80.239530915643201, 13.047947216702765 ] } },
{ "type": "Feature", "properties": { "Assessment_No": "CHN/136/01061", "Assessee": "Parvathi Thevar", "Plinth_Area_SqFt": 3856, "Usage": "Dwelling" }, "geometry": { "type": "Point", "coordinates": [ 80.240823990416189, 13.046927516149172 ] } },
{ "type": "Feature", "properties": { "Assessment_No": "CHN/136/01062", "Assessee": "Abdul Shetty", "Plinth_Area_SqFt": 2907, "Usage": "Dwelling" }, "geometry": { "type": "Point", "coordinates": [ 80.242090867477003, 13.048041331835847 ] } },
{ "type": "Feature", "properties": { "Assessment_No": "CHN/136/01063", "Assessee": "Das Gopalakrishnan", "Plinth_Area_SqFt": 1684, "Usage": "Dwelling" }, "geometry": { "type": "Point", "coordinates": [ 80.238781051994224, 13.047805308531933 ] } },
{ "type": "Feature", "properties": { "Assessment_No": "CHN/136/01064", "Assessee": "Vijayalakshmi Thevar", "Plinth_Area_SqFt": 2178, "Usage": "C" }, "geometry": { "type": "Point", "coordinates": [ 80.239763023570433, 13.046110692556178 ] } },
{ "type": "Feature", "properties": { "Assessment_No": "CHN/136/01065", "Assessee": "Deepak Raman", "Plinth_Area_SqFt": 3462, "Usage": "Dwelling" }, "geometry": { "type": "Point", "coordinates": [ 80.241464181789382, 13.047899911478392 ] } },
{ "type": "Feature", "properties": { "Assessment_No": "CHN/136/01066", "Assessee": "Nair Priya", "Plinth_Area_SqFt": 3386, "Usage": "R" }, "geometry": { "type": "Point", "coordinates": [ 80.240406227162211, 13.047018524235028 ] } },
{ "type": "Feature", "properties": { "Assessment_No": "CHN/136/01067", "Assessee": "Naidu, Arun", "Plinth_Area_SqFt": 1272, "Usage": "R" }, "geometry": { "type": "Point", "coordinates": [ 80.238210236807618, 13.045533950009235 ] } },
{ "type": "Feature", "properties": { "Assessment_No": "CHN/136/01068", "Assessee": "Parvati Thevar", "Plinth_Area_SqFt": 1961, "Usage": "Dwelling" }, "geometry": { "type": "Point", "coordinates": [ 80.238069558565726, 13.047587854768892 ] } },
{ "type": "Feature", "properties": { "Assessment_No": "CHN/136/01069", "Assessee": "Pillai Gopalakrishnan", "Plinth_Area_SqFt": 3119, "Usage": "Dwelling" }, "geometry": { "type": "Point", "coordinates": [ 80.241480749163514, 13.047459544413677 ] } },
{ "type": "Feature", "properties": { "Assessment_No": "CHN/136/01070", "Assessee": "Mohammed Nayr", "Plinth_Area_SqFt": 3511, "Usage": "Dwelling" }, "geometry": { "type": "Point", "coordinates": [ 80.238600543960473, 13.047054118377039 ] } },
{ "type": "Feature", "properties": { "Assessment_No": "CHN/136/01071", "Assessee": "Rahim Das", "Plinth_Area_SqFt": 2296, "Usage": "Dwelling" }, "geometry": { "type": "Point", "coordinates": [ 80.239997151697352, 13.046847893888662 ] } },
{ "type": "Feature", "properties": { "Assessment_No": "CHN/136/01072", "Assessee": "Subramanian Khan", "Plinth_Area_SqFt": 1725, "Usage": "Dwelling" }, "geometry": { "type": "Point", "coordinates": [ 80.242113617027499, 13.046642329988829 ] } },
{ "type": "Feature", "properties": { "Assessment_No": "CHN/136/01073", "Assessee": "Krishnan Rao", "Plinth_Area_SqFt": 1762, "Usage": "Dwelling" }, "geometry": { "type": "Point", "coordinates": [ 80.239227643404504, 13.047588242792774 ] } },
{ "type": "Feature", "properties": { "Assessment_No": "CHN/136/01074", "Assessee": "Rahim Gounder", "Plinth_Area_SqFt": 1953, "Usage": "R" }, "geometry": { "type": "Point", "coordinates": [ 80.240548917760549, 13.046795681549337 ] } },
{ "type": "Feature", "properties": { "Assessment_No": "CHN/136/01075", "Assessee": "Parvathi Das", "Plinth_Area_SqFt": 3576, "Usage": "Dwelling" }, "geometry": { "type": "Point", "coordinates": [ 80.238536323831738, 13.045530696983032 ] } },
{ "type": "Feature", "properties": { "Assessment_No": "CHN/136/01076", "Assessee": "Rahim Shetty", "Plinth_Area_SqFt": 3768, "Usage": "Dwelling" }, "geometry": { "type": "Point", "coordinates": [ 80.242707440734165, 13.046656835575169 ] } },
{ "type": "Feature", "properties": { "Assessment_No": "CHN/136/01077", "Assessee": "Meenakshi Nair", "Plinth_Area_SqFt": 1913, "Usage": "R" }, "geometry": { "type": "Point", "coordinates": [ 80.240076755067733, 13.046422184180717 ] } },
{ "type": "Feature", "properties": { "Assessment_No": "CHN/136/01078", "Assessee": "Suresh Mudaliar", "Plinth_Area_SqFt": 3811, "Usage": "Dwelling" }, "geometry": { "type": "Point", "coordinates": [ 80.24198028285555, 13.047397836563006 ] } },
{ "type": "Feature", "properties": { "Assessment_No": "CHN/136/01079", "Assessee": "Fathima Pillai", "Plinth_Area_SqFt": 3787, "Usage": "M" }, "geometry": { "type": "Point", "coordinates": [ 80.238818302480482, 13.046589840372262 ] } },
{ "type": "Feature", "properties": { "Assessment_No": "CHN/136/01080", "Assessee": "Muthusamy Shetty", "Plinth_Area_SqFt": 3731, "Usage": "Dwelling" }, "geometry": { "type": "Point", "coordinates": [ 80.239015297518009, 13.046634180842036 ] } },
{ "type": "Feature", "properties": { "Assessment_No": "CHN/136/01081", "Assessee": "Reddy Thiruvengadam", "Plinth_Area_SqFt": 3096, "Usage": "C" }, "geometry": { "type": "Point", "coordinates": [ 80.240769318005803, 13.046667414627544 ] } },
{ "type": "Feature", "properties": { "Assessment_No": "CHN/136/01082", "Assessee": "MEENAKSHI IYER", "Plinth_Area_SqFt": 2294, "Usage": "C" }, "geometry": { "type": "Point", "coordinates": [ 80.238544701200397, 13.04514514220997 ] } },
{ "type": "Feature", "properties": { "Assessment_No": "CHN/136/01083", "Assessee": "Khan, Krishnan", "Plinth_Area_SqFt": 2384, "Usage": "Dwelling" }, "geometry": { "type": "Point", "coordinates": [ 80.238473452434064, 13.045000270385234 ] } },
{ "type": "Feature", "properties": { "Assessment_No": "CHN/136/01084", "Assessee": "Selvaraj Menon", "Plinth_Area_SqFt": 1267, "Usage": "M" }, "geometry": { "type": "Point", "coordinates": [ 80.238169238707997, 13.04509012373973 ] } },
{ "type": "Feature", "properties": { "Assessment_No": "CHN/136/01085", "Assessee": "Abdool Thevar", "Plinth_Area_SqFt": 1589, "Usage": "C" }, "geometry": { "type": "Point", "coordinates": [ 80.23829923557507, 13.045030917295401 ] } },
{ "type": "Feature", "properties": { "Assessment_No": "CHN/136/01086", "Assessee": "Muthusamy Iyer", "Plinth_Area_SqFt": 1245, "Usage": "C" }, "geometry": { "type": "Point", "coordinates": [ 80.238076727745408, 13.045135862499572 ] } },
{ "type": "Feature", "properties": { "Assessment_No": "CHN/136/01087", "Assessee": "Priya Naidu", "Plinth_Area_SqFt": 1510, "Usage": "R" }, "geometry": { "type": "Point", "coordinates": [ 80.238253703505237, 13.045206291763492 ] } },
{ "type": "Feature", "properties": { "Assessment_No": "CHN/136/01088", "Assessee": "Rajeshwari Kumar", "Plinth_Area_SqFt": 4999, "Usage": "R" }, "geometry": { "type": "Point", "coordinates": [ 80.239450115412325, 13.043631314953592 ] } },
{ "type": "Feature", "properties": { "Assessment_No": "CHN/136/01089", "Assessee": "Ramasamy Rao", "Plinth_Area_SqFt": 957, "Usage": "Shop" }, "geometry": { "type": "Point", "coordinates": [ 80.23962648300261, 13.043184366721221 ] } },
{ "type": "Feature", "properties": { "Assessment_No": "CHN/136/01090", "Assessee": "Lakshmi Thevar", "Plinth_Area_SqFt": 966, "Usage": "M" }, "geometry": { "type": "Point", "coordinates": [ 80.239408140911934, 13.043081520721557 ] } },
{ "type": "Feature", "properties": { "Assessment_No": "CHN/136/01091", "Assessee": "Ramesh eMnon", "Plinth_Area_SqFt": 8304, "Usage": "R" }, "geometry": { "type": "Point", "coordinates": [ 80.239221208030457, 13.044166201845696 ] } },
{ "type": "Feature", "properties": { "Assessment_No": "CHN/136/01092", "Assessee": "Suresh Sheikh", "Plinth_Area_SqFt": 3757, "Usage": "C" }, "geometry": { "type": "Point", "coordinates": [ 80.239343900804499, 13.043774069577612 ] } },
{ "type": "Feature", "properties": { "Assessment_No": "CHN/136/01093", "Assessee": "Mohammed Iyer", "Plinth_Area_SqFt": 1895, "Usage": "Dwelling" }, "geometry": { "type": "Point", "coordinates": [ 80.238820883895883, 13.043445675479946 ] } },
{ "type": "Feature", "properties": { "Assessment_No": "CHN/136/01094", "Assessee": "Balasubramanian Chettiar", "Plinth_Area_SqFt": 2699, "Usage": "Dwelling" }, "geometry": { "type": "Point", "coordinates": [ 80.23900974753218, 13.043513137838863 ] } },
{ "type": "Feature", "properties": { "Assessment_No": "CHN/136/01095", "Assessee": "Ramasamy Murthy", "Plinth_Area_SqFt": 2790, "Usage": "C" }, "geometry": { "type": "Point", "coordinates": [ 80.238752021402831, 13.04355558562014 ] } },
{ "type": "Feature", "properties": { "Assessment_No": "CHN/136/01096", "Assessee": "Suresh Pillai", "Plinth_Area_SqFt": 2489, "Usage": "R" }, "geometry": { "type": "Point", "coordinates": [ 80.238642668460699, 13.043720492565473 ] } },
{ "type": "Feature", "properties": { "Assessment_No": "CHN/136/01097", "Assessee": "Arun Rao", "Plinth_Area_SqFt": 10399, "Usage": "R" }, "geometry": { "type": "Point", "coordinates": [ 80.238938597681567, 13.043257049901252 ] } },
{ "type": "Feature", "properties": { "Assessment_No": "CHN/136/01098", "Assessee": "Anitha setty", "Plinth_Area_SqFt": 1805, "Usage": "M" }, "geometry": { "type": "Point", "coordinates": [ 80.239880972753596, 13.044011289475213 ] } },
{ "type": "Feature", "properties": { "Assessment_No": "CHN/136/01099", "Assessee": "Parvathi Rao", "Plinth_Area_SqFt": 2756, "Usage": "M" }, "geometry": { "type": "Point", "coordinates": [ 80.241985585564393, 13.044794839596564 ] } },
{ "type": "Feature", "properties": { "Assessment_No": "CHN/136/01100", "Assessee": "Abdul Thevar", "Plinth_Area_SqFt": 7710, "Usage": "Dwelling" }, "geometry": { "type": "Point", "coordinates": [ 80.239974488412429, 13.043853323348092 ] } },
{ "type": "Feature", "properties": { "Assessment_No": "CHN/136/01101", "Assessee": "Meenakshi Shetty", "Plinth_Area_SqFt": 4206, "Usage": "M" }, "geometry": { "type": "Point", "coordinates": [ 80.238961753119597, 13.045979543964272 ] } },
{ "type": "Feature", "properties": { "Assessment_No": "CHN/136/01102", "Assessee": "Vijayalakshmi Thevar", "Plinth_Area_SqFt": 1073, "Usage": "R" }, "geometry": { "type": "Point", "coordinates": [ 80.238981586787361, 13.045119851580996 ] } },
{ "type": "Feature", "properties": { "Assessment_No": "CHN/136/01103", "Assessee": "Anitha Mudaliar", "Plinth_Area_SqFt": 826, "Usage": "R" }, "geometry": { "type": "Point", "coordinates": [ 80.240031856465819, 13.043475907592276 ] } },
{ "type": "Feature", "properties": { "Assessment_No": "CHN/136/01104", "Assessee": "Ramesh Naidu", "Plinth_Area_SqFt": 2929, "Usage": "Dwelling" }, "geometry": { "type": "Point", "coordinates": [ 80.239184052853687, 13.044701773857492 ] } },
{ "type": "Feature", "properties": { "Assessment_No": "CHN/136/01105", "Assessee": "Kannan Thevar", "Plinth_Area_SqFt": 6044, "Usage": "R" }, "geometry": { "type": "Point", "coordinates": [ 80.238466289895413, 13.044544012108698 ] } },
{ "type": "Feature", "properties": { "Assessment_No": "CHN/136/01106", "Assessee": "Annamalai Iyer", "Plinth_Area_SqFt": 857, "Usage": "R" }, "geometry": { "type": "Point", "coordinates": [ 80.24024517123712, 13.043355790934942 ] } },
{ "type": "Feature", "properties": { "Assessment_No": "CHN/136/01107", "Assessee": "Vijayalakshmi Babu", "Plinth_Area_SqFt": 1937, "Usage": "R" }, "geometry": { "type": "Point", "coordinates": [ 80.240081127155761, 13.043707251981377 ] } },
{ "type": "Feature", "properties": { "Assessment_No": "CHN/136/01108", "Assessee": "Lakshmi Reddy", "Plinth_Area_SqFt": 7469, "Usage": "R" }, "geometry": { "type": "Point", "coordinates": [ 80.240756915113622, 13.044834904774937 ] } },
{ "type": "Feature", "properties": { "Assessment_No": "CHN/136/01109", "Assessee": "A. Kumar", "Plinth_Area_SqFt": 2844, "Usage": "Dwelling" }, "geometry": { "type": "Point", "coordinates": [ 80.239101887099366, 13.044882868655641 ] } },
{ "type": "Feature", "properties": { "Assessment_No": "CHN/136/01110", "Assessee": "V. Rao", "Plinth_Area_SqFt": 823, "Usage": "R" }, "geometry": { "type": "Point", "coordinates": [ 80.242006639557616, 13.045419649290157 ] } },
{ "type": "Feature", "properties": { "Assessment_No": "CHN/136/01111", "Assessee": "Gopalakrishnan Sheikh", "Plinth_Area_SqFt": 2475, "Usage": "Mixed" }, "geometry": { "type": "Point", "coordinates": [ 80.242289278680403, 13.045449505039921 ] } },
{ "type": "Feature", "properties": { "Assessment_No": "CHN/136/01112", "Assessee": "Sundaram Menon", "Plinth_Area_SqFt": 8676, "Usage": "Dwelling" }, "geometry": { "type": "Point", "coordinates": [ 80.238837967122976, 13.044775447940214 ] } },
{ "type": "Feature", "properties": { "Assessment_No": "CHN/136/01113", "Assessee": "Janaki Nair", "Plinth_Area_SqFt": 1943, "Usage": "Dwelling" }, "geometry": { "type": "Point", "coordinates": [ 80.241919989808736, 13.045583638259028 ] } },
{ "type": "Feature", "properties": { "Assessment_No": "CHN/136/01114", "Assessee": "Janaki Thevar", "Plinth_Area_SqFt": 809, "Usage": "Dwelling" }, "geometry": { "type": "Point", "coordinates": [ 80.243043293397946, 13.045090598205901 ] } },
{ "type": "Feature", "properties": { "Assessment_No": "CHN/136/01115", "Assessee": "Fathima Nair", "Plinth_Area_SqFt": 1379, "Usage": "R" }, "geometry": { "type": "Point", "coordinates": [ 80.242347464738231, 13.044523804586699 ] } },
{ "type": "Feature", "properties": { "Assessment_No": "CHN/136/01116", "Assessee": "Kumar, Venkatesh", "Plinth_Area_SqFt": 1901, "Usage": "Dwelling" }, "geometry": { "type": "Point", "coordinates": [ 80.242085586121576, 13.043974947964044 ] } },
{ "type": "Feature", "properties": { "Assessment_No": "CHN/136/01117", "Assessee": "Thiruevngadam Chettiar", "Plinth_Area_SqFt": 4484, "Usage": "C" }, "geometry": { "type": "Point", "coordinates": [ 80.239982772870704, 13.043326596266287 ] } },
{ "type": "Feature", "properties": { "Assessment_No": "CHN/136/01118", "Assessee": "Vijayalakshmi Sharma", "Plinth_Area_SqFt": 10338, "Usage": "Dwelling" }, "geometry": { "type": "Point", "coordinates": [ 80.24189555888448, 13.044136458483228 ] } },
{ "type": "Feature", "properties": { "Assessment_No": "CHN/136/01119", "Assessee": "Balasubramanian Gounder", "Plinth_Area_SqFt": 1910, "Usage": "C" }, "geometry": { "type": "Point", "coordinates": [ 80.239233909431633, 13.046125487494217 ] } },
{ "type": "Feature", "properties": { "Assessment_No": "CHN/136/01120", "Assessee": "Fathima Raman", "Plinth_Area_SqFt": 5076, "Usage": "C" }, "geometry": { "type": "Point", "coordinates": [ 80.242910492054321, 13.046175051279238 ] } },
{ "type": "Feature", "properties": { "Assessment_No": "CHN/136/01121", "Assessee": "Vijayalakshmi Raman", "Plinth_Area_SqFt": 1946, "Usage": "R" }, "geometry": { "type": "Point", "coordinates": [ 80.241402071437051, 13.044235568134837 ] } },
{ "type": "Feature", "properties": { "Assessment_No": "CHN/136/01122", "Assessee": "Lakshmi Mudaliar", "Plinth_Area_SqFt": 7627, "Usage": "Dwelling" }, "geometry": { "type": "Point", "coordinates": [ 80.239228369314318, 13.045875289945018 ] } },
{ "type": "Feature", "properties": { "Assessment_No": "CHN/136/01123", "Assessee": "Anitha Sheikh", "Plinth_Area_SqFt": 471, "Usage": "Shop" }, "geometry": { "type": "Point", "coordinates": [ 80.242964413892878, 13.045273887342431 ] } },
{ "type": "Feature", "properties": { "Assessment_No": "CHN/136/01124", "Assessee": "Rajeshwari Menon", "Plinth_Area_SqFt": 767, "Usage": "Dwelling" }, "geometry": { "type": "Point", "coordinates": [ 80.241623133330705, 13.045239768177542 ] } },
{ "type": "Feature", "properties": { "Assessment_No": "CHN/136/01125", "Assessee": "Nair, Anitha", "Plinth_Area_SqFt": 2233, "Usage": "Dwelling" }, "geometry": { "type": "Point", "coordinates": [ 80.242069145426171, 13.04468260767004 ] } },
{ "type": "Feature", "properties": { "Assessment_No": "CHN/136/01126", "Assessee": "R. Khan", "Plinth_Area_SqFt": 566, "Usage": "R" }, "geometry": { "type": "Point", "coordinates": [ 80.243001133822474, 13.04519503221675 ] } },
{ "type": "Feature", "properties": { "Assessment_No": "CHN/136/01127", "Assessee": "Chandrasekar Sharma", "Plinth_Area_SqFt": 1301, "Usage": "R" }, "geometry": { "type": "Point", "coordinates": [ 80.242924112577526, 13.045372213222981 ] } },
{ "type": "Feature", "properties": { "Assessment_No": "CHN/136/01128", "Assessee": "Abdul Menon", "Plinth_Area_SqFt": 2175, "Usage": "Mixed" }, "geometry": { "type": "Point", "coordinates": [ 80.241732395763563, 13.045142267811254 ] } },
{ "type": "Feature", "properties": { "Assessment_No": "CHN/136/01129", "Assessee": "Rahim Das", "Plinth_Area_SqFt": 2964, "Usage": "R" }, "geometry": { "type": "Point", "coordinates": [ 80.241994513514229, 13.044479174538592 ] } },
{ "type": "Feature", "properties": { "Assessment_No": "CHN/136/01130", "Assessee": "Pillai, Fathima", "Plinth_Area_SqFt": 5294, "Usage": "Shop" }, "geometry": { "type": "Point", "coordinates": [ 80.239384165749627, 13.045765269278867 ] } },
{ "type": "Feature", "properties": { "Assessment_No": "CHN/136/01131", "Assessee": "Krishnan Das", "Plinth_Area_SqFt": 1227, "Usage": "R" }, "geometry": { "type": "Point", "coordinates": [ 80.242204484778725, 13.044921693366986 ] } },
{ "type": "Feature", "properties": { "Assessment_No": "CHN/136/01132", "Assessee": "S. Menon", "Plinth_Area_SqFt": 4330, "Usage": "C" }, "geometry": { "type": "Point", "coordinates": [ 80.242793458246837, 13.045016251655968 ] } },
{ "type": "Feature", "properties": { "Assessment_No": "CHN/136/01133", "Assessee": "Meenakshi Babu", "Plinth_Area_SqFt": 2593, "Usage": "C" }, "geometry": { "type": "Point", "coordinates": [ 80.242232833876756, 13.044573086659165 ] } },
{ "type": "Feature", "properties": { "Assessment_No": "CHN/136/01134", "Assessee": "LAKSHMI SHEIKH", "Plinth_Area_SqFt": 1405, "Usage": "C" }, "geometry": { "type": "Point", "coordinates": [ 80.242934577512898, 13.047836318670425 ] } },
{ "type": "Feature", "properties": { "Assessment_No": "CHN/136/01135", "Assessee": "Parvathi Murthy", "Plinth_Area_SqFt": 1173, "Usage": "R" }, "geometry": { "type": "Point", "coordinates": [ 80.242363658979002, 13.044678005230519 ] } },
{ "type": "Feature", "properties": { "Assessment_No": "CHN/136/01136", "Assessee": "Mohammed Moodaliar", "Plinth_Area_SqFt": 1869, "Usage": "R" }, "geometry": { "type": "Point", "coordinates": [ 80.241861040669818, 13.045086648731878 ] } },
{ "type": "Feature", "properties": { "Assessment_No": "CHN/136/01137", "Assessee": "Rahim Thevar", "Plinth_Area_SqFt": 7985, "Usage": "Dwelling" }, "geometry": { "type": "Point", "coordinates": [ 80.239581583974044, 13.045483791455405 ] } },
{ "type": "Feature", "properties": { "Assessment_No": "CHN/136/01138", "Assessee": "MEENAKSHI GOUNDER", "Plinth_Area_SqFt": 634, "Usage": "Dwelling" }, "geometry": { "type": "Point", "coordinates": [ 80.243007492981363, 13.045317479131471 ] } },
{ "type": "Feature", "properties": { "Assessment_No": "CHN/136/01139", "Assessee": "Parvathi Rao", "Plinth_Area_SqFt": 6502, "Usage": "R" }, "geometry": { "type": "Point", "coordinates": [ 80.23951299310346, 13.045106798026611 ] } },
{ "type": "Feature", "properties": { "Assessment_No": "CHN/136/01140", "Assessee": "K. Menon", "Plinth_Area_SqFt": 2698, "Usage": "Dwelling" }, "geometry": { "type": "Point", "coordinates": [ 80.239894510871977, 13.043643971673108 ] } },
{ "type": "Feature", "properties": { "Assessment_No": "CHN/136/01141", "Assessee": "Rajeshwari Chettiar", "Plinth_Area_SqFt": 2606, "Usage": "Dwelling" }, "geometry": { "type": "Point", "coordinates": [ 80.242322831080699, 13.044328113755149 ] } },
{ "type": "Feature", "properties": { "Assessment_No": "CHN/136/01142", "Assessee": "Abdul Naidu", "Plinth_Area_SqFt": 931, "Usage": "R" }, "geometry": { "type": "Point", "coordinates": [ 80.239261386702381, 13.045354055435491 ] } },
{ "type": "Feature", "properties": { "Assessment_No": "CHN/136/01143", "Assessee": "DEEPAK BABU", "Plinth_Area_SqFt": 1675, "Usage": "R" }, "geometry": { "type": "Point", "coordinates": [ 80.241206938826991, 13.044656988221242 ] } },
{ "type": "Feature", "properties": { "Assessment_No": "CHN/136/01144", "Assessee": "Venkatesh Raman", "Plinth_Area_SqFt": 2504, "Usage": "R" }, "geometry": { "type": "Point", "coordinates": [ 80.23909953984699, 13.045021672037198 ] } },
{ "type": "Feature", "properties": { "Assessment_No": "CHN/136/01145", "Assessee": "Thiruvengadam Menon", "Plinth_Area_SqFt": 2630, "Usage": "Dwelling" }, "geometry": { "type": "Point", "coordinates": [ 80.238758780008936, 13.046251866762939 ] } },
{ "type": "Feature", "properties": { "Assessment_No": "CHN/136/01146", "Assessee": "Meenakshi Mudaliar", "Plinth_Area_SqFt": 1156, "Usage": "Dwelling" }, "geometry": { "type": "Point", "coordinates": [ 80.240280446008754, 13.043563699620089 ] } },
{ "type": "Feature", "properties": { "Assessment_No": "CHN/136/01147", "Assessee": "Krishnan Menon", "Plinth_Area_SqFt": 6161, "Usage": "Shop" }, "geometry": { "type": "Point", "coordinates": [ 80.238997662707447, 13.045417642144084 ] } },
{ "type": "Feature", "properties": { "Assessment_No": "CHN/136/01148", "Assessee": "Chandrasekar Naidu", "Plinth_Area_SqFt": 1522, "Usage": "R" }, "geometry": { "type": "Point", "coordinates": [ 80.241772379988461, 13.045011540538153 ] } },
{ "type": "Feature", "properties": { "Assessment_No": "CHN/136/01149", "Assessee": "Kannan Menon", "Plinth_Area_SqFt": 2520, "Usage": "C" }, "geometry": { "type": "Point", "coordinates": [ 80.242143648919836, 13.044374143133304 ] } },
{ "type": "Feature", "properties": { "Assessment_No": "CHN/136/01150", "Assessee": "Saraswathi Sheikh", "Plinth_Area_SqFt": 1999, "Usage": "Shop" }, "geometry": { "type": "Point", "coordinates": [ 80.241383180833239, 13.045330850498459 ] } },
{ "type": "Feature", "properties": { "Assessment_No": "CHN/136/01151", "Assessee": "Subramanian Sharma", "Plinth_Area_SqFt": 4399, "Usage": "Shop" }, "geometry": { "type": "Point", "coordinates": [ 80.239295116408812, 13.045096305009439 ] } },
{ "type": "Feature", "properties": { "Assessment_No": "CHN/136/01152", "Assessee": "SUNDARAM CHETTIAR", "Plinth_Area_SqFt": 1118, "Usage": "R" }, "geometry": { "type": "Point", "coordinates": [ 80.240114591434988, 13.043508214947773 ] } },
{ "type": "Feature", "properties": { "Assessment_No": "CHN/136/01153", "Assessee": "Suresh Thevar", "Plinth_Area_SqFt": 2531, "Usage": "R" }, "geometry": { "type": "Point", "coordinates": [ 80.241037941336387, 13.044264440275009 ] } },
{ "type": "Feature", "properties": { "Assessment_No": "CHN/136/01154", "Assessee": "Ramesh Babu", "Plinth_Area_SqFt": 2111, "Usage": "R" }, "geometry": { "type": "Point", "coordinates": [ 80.242499625375046, 13.04499973855474 ] } },
{ "type": "Feature", "properties": { "Assessment_No": "CHN/136/01155", "Assessee": "Lakhsmi Thevar", "Plinth_Area_SqFt": 7302, "Usage": "Dwelling" }, "geometry": { "type": "Point", "coordinates": [ 80.241349604380119, 13.045055336544387 ] } },
{ "type": "Feature", "properties": { "Assessment_No": "CHN/136/01156", "Assessee": "Meenakshi Naidu", "Plinth_Area_SqFt": 1934, "Usage": "R" }, "geometry": { "type": "Point", "coordinates": [ 80.240252322328587, 13.043826240567272 ] } },
{ "type": "Feature", "properties": { "Assessment_No": "CHN/136/01157", "Assessee": "Saraswathi Rao", "Plinth_Area_SqFt": 1173, "Usage": "R" }, "geometry": { "type": "Point", "coordinates": [ 80.242155248369954, 13.045029825351705 ] } },
{ "type": "Feature", "properties": { "Assessment_No": "CHN/136/01158", "Assessee": "ABDUL SHEIKH", "Plinth_Area_SqFt": 1836, "Usage": "Dwelling" }, "geometry": { "type": "Point", "coordinates": [ 80.238951174103747, 13.045684842520808 ] } },
{ "type": "Feature", "properties": { "Assessment_No": "CHN/136/01159", "Assessee": "Janaki Murthy", "Plinth_Area_SqFt": 6402, "Usage": "Shop" }, "geometry": { "type": "Point", "coordinates": [ 80.241017780733429, 13.045006608282693 ] } },
{ "type": "Feature", "properties": { "Assessment_No": "CHN/136/01160", "Assessee": "Krishnan Naidu", "Plinth_Area_SqFt": 5019, "Usage": "Dwelling" }, "geometry": { "type": "Point", "coordinates": [ 80.242620210857652, 13.045201720893758 ] } },
{ "type": "Feature", "properties": { "Assessment_No": "CHN/136/01161", "Assessee": "M. Babu", "Plinth_Area_SqFt": 2251, "Usage": "Dwelling" }, "geometry": { "type": "Point", "coordinates": [ 80.242344991634283, 13.044975641408209 ] } },
{ "type": "Feature", "properties": { "Assessment_No": "CHN/136/01162", "Assessee": "Parvathi Gounder", "Plinth_Area_SqFt": 2365, "Usage": "R" }, "geometry": { "type": "Point", "coordinates": [ 80.242202048469778, 13.045186975174982 ] } },
{ "type": "Feature", "properties": { "Assessment_No": "CHN/136/01163", "Assessee": "Vijayalakshmi Nair", "Plinth_Area_SqFt": 4028, "Usage": "R" }, "geometry": { "type": "Point", "coordinates": [ 80.239130303072869, 13.045246198274036 ] } },
{ "type": "Feature", "properties": { "Assessment_No": "CHN/136/01164", "Assessee": "Parvathi Mudaliar", "Plinth_Area_SqFt": 1932, "Usage": "R" }, "geometry": { "type": "Point", "coordinates": [ 80.242666018994143, 13.044978218472044 ] } },
{ "type": "Feature", "properties": { "Assessment_No": "CHN/136/01165", "Assessee": "Kumar Parvathi", "Plinth_Area_SqFt": 3994, "Usage": "Dwelling" }, "geometry": { "type": "Point", "coordinates": [ 80.240669036876838, 13.043921762706626 ] } },
{ "type": "Feature", "properties": { "Assessment_No": "CHN/136/01166", "Assessee": "Sheikh Krishnan", "Plinth_Area_SqFt": 1733, "Usage": "Dwelling" }, "geometry": { "type": "Point", "coordinates": [ 80.242362554044036, 13.043958294667707 ] } },
{ "type": "Feature", "properties": { "Assessment_No": "CHN/136/01167", "Assessee": "THIRUVENGADAM MENON", "Plinth_Area_SqFt": 2091, "Usage": "R" }, "geometry": { "type": "Point", "coordinates": [ 80.242498073897067, 13.044556353269519 ] } },
{ "type": "Feature", "properties": { "Assessment_No": "CHN/136/01168", "Assessee": "Priya Nair", "Plinth_Area_SqFt": 4349, "Usage": "R" }, "geometry": { "type": "Point", "coordinates": [ 80.239640852356331, 13.044312055834107 ] } },
{ "type": "Feature", "properties": { "Assessment_No": "CHN/136/01169", "Assessee": "Lakshmi Menon", "Plinth_Area_SqFt": 2119, "Usage": "Mixed" }, "geometry": { "type": "Point", "coordinates": [ 80.239604463603612, 13.044031327739564 ] } },
{ "type": "Feature", "properties": { "Assessment_No": "CHN/136/01170", "Assessee": "Thiruvengadam Mudaliar", "Plinth_Area_SqFt": 2108, "Usage": "R" }, "geometry": { "type": "Point", "coordinates": [ 80.239044031532444, 13.046207217661093 ] } },
{ "type": "Feature", "properties": { "Assessment_No": "CHN/136/01171", "Assessee": "Gopalakrisnan Sheikh", "Plinth_Area_SqFt": 3581, "Usage": "Dwelling" }, "geometry": { "type": "Point", "coordinates": [ 80.240376664386616, 13.044259374352173 ] } },
{ "type": "Feature", "properties": { "Assessment_No": "CHN/136/01172", "Assessee": "Krishnan Kumar", "Plinth_Area_SqFt": 4249, "Usage": "R" }, "geometry": { "type": "Point", "coordinates": [ 80.2427325664422, 13.047849391744672 ] } },
{ "type": "Feature", "properties": { "Assessment_No": "CHN/136/01173", "Assessee": "G. Iyer", "Plinth_Area_SqFt": 2832, "Usage": "R" }, "geometry": { "type": "Point", "coordinates": [ 80.23863094232884, 13.045462545721511 ] } },
{ "type": "Feature", "properties": { "Assessment_No": "CHN/136/01174", "Assessee": "Muthusamy Kumar", "Plinth_Area_SqFt": 2280, "Usage": "Dwelling" }, "geometry": { "type": "Point", "coordinates": [ 80.240692725447772, 13.043763023291788 ] } },
{ "type": "Feature", "properties": { "Assessment_No": "CHN/136/01175", "Assessee": "Ramseh Chettiar", "Plinth_Area_SqFt": 3088, "Usage": "M" }, "geometry": { "type": "Point", "coordinates": [ 80.240574662899959, 13.045607791293381 ] } },
{ "type": "Feature", "properties": { "Assessment_No": "CHN/136/01176", "Assessee": "LAKSHMI NAIR", "Plinth_Area_SqFt": 3227, "Usage": "C" }, "geometry": { "type": "Point", "coordinates": [ 80.240168740635795, 13.045454490856685 ] } },
{ "type": "Feature", "properties": { "Assessment_No": "CHN/136/01177", "Assessee": "K. Naidu", "Plinth_Area_SqFt": 5374, "Usage": "Dwelling" }, "geometry": { "type": "Point", "coordinates": [ 80.240737886787599, 13.045558790938923 ] } },
{ "type": "Feature", "properties": { "Assessment_No": "CHN/136/01178", "Assessee": "Menon, Deepak", "Plinth_Area_SqFt": 7429, "Usage": "C" }, "geometry": { "type": "Point", "coordinates": [ 80.242908522431364, 13.044614112881405 ] } },
{ "type": "Feature", "properties": { "Assessment_No": "CHN/136/01179", "Assessee": "R. Murthy", "Plinth_Area_SqFt": 4313, "Usage": "R" }, "geometry": { "type": "Point", "coordinates": [ 80.241089943086223, 13.044401489576954 ] } },
{ "type": "Feature", "properties": { "Assessment_No": "CHN/136/01180", "Assessee": "Janaki Nair", "Plinth_Area_SqFt": 10403, "Usage": "Dwelling" }, "geometry": { "type": "Point", "coordinates": [ 80.2426089844014, 13.045996918165388 ] } },
{ "type": "Feature", "properties": { "Assessment_No": "CHN/136/01181", "Assessee": "Krishnan Pillai", "Plinth_Area_SqFt": 3344, "Usage": "Shop" }, "geometry": { "type": "Point", "coordinates": [ 80.238796150630364, 13.043878064479959 ] } },
{ "type": "Feature", "properties": { "Assessment_No": "CHN/136/01182", "Assessee": "Thiruwengadam Sheikh", "Plinth_Area_SqFt": 1634, "Usage": "R" }, "geometry": { "type": "Point", "coordinates": [ 80.241587592425546, 13.045066885512659 ] } },
{ "type": "Feature", "properties": { "Assessment_No": "CHN/136/01183", "Assessee": "Janaki Pillay", "Plinth_Area_SqFt": 2665, "Usage": "Dwelling" }, "geometry": { "type": "Point", "coordinates": [ 80.239392188005127, 13.043361278538029 ] } }
]
}
