{"type": "FeatureCollection", "features": [{"type": "Feature", "properties": {"osm_id": 354573196}, "geometry": {"type": "Polygon", "coordinates": [[[80.2355237, 13.0414527], [80.2356641, 13.0414328], [80.2356525, 13.0413554], [80.2356112, 13.0413612], [80.2355956, 13.0412567], [80.2356484, 13.0412492], [80.2356366, 13.0411701], [80.235508, 13.0411883], [80.2355359, 13.0413755], [80.2355127, 13.0413788], [80.2355237, 13.0414527]]]}}, {"type": "Feature", "properties": {"osm_id": 354573203}, "geometry": {"type": "Polygon", "coordinates": [[[80.2360886, 13.0397488], [80.2361977, 13.0397397], [80.2361848, 13.0395931], [80.2361598, 13.0395952], [80.2361559, 13.0395512], [80.236181, 13.0395491], [80.2361747, 13.0394773], [80.2361227, 13.0394817], [80.2361294, 13.0395579], [80.2360723, 13.0395627], [80.2360886, 13.0397488]]]}}, {"type": "Feature", "properties": {"osm_id": 354573213}, "geometry": {"type": "Polygon", "coordinates": [[[80.2346553, 13.0430299], [80.2346898, 13.0430222], [80.2346981, 13.0430575], [80.2347584, 13.043044], [80.2347504, 13.0430103], [80.2347985, 13.0429996], [80.234788, 13.0429549], [80.2347469, 13.042964], [80.2347322, 13.0429017], [80.2347825, 13.0428905], [80.2347699, 13.0428368], [80.2346179, 13.0428707], [80.2346553, 13.0430299]]]}}, {"type": "Feature", "properties": {"osm_id": 354573223}, "geometry": {"type": "Polygon", "coordinates": [[[80.2364837, 13.041902], [80.2365457, 13.0418932], [80.2365413, 13.0418641], [80.2365676, 13.0418604], [80.2365713, 13.0418858], [80.2366303, 13.0418775], [80.2366091, 13.0417354], [80.236489, 13.0417524], [80.236491, 13.0417658], [80.2364766, 13.0417679], [80.2364802, 13.0417922], [80.2364676, 13.041794], [80.2364837, 13.041902]]]}}, {"type": "Feature", "properties": {"osm_id": 354573252}, "geometry": {"type": "Polygon", "coordinates": [[[80.2363642, 13.0397261], [80.2364284, 13.0397168], [80.2364248, 13.0396932], [80.2364669, 13.0396871], [80.2364705, 13.0397107], [80.2365455, 13.0396998], [80.2365314, 13.0396075], [80.2365021, 13.0396117], [80.2364996, 13.0395952], [80.2365288, 13.0395909], [80.2365172, 13.0395144], [80.2364439, 13.039525], [80.2364472, 13.0395466], [80.2364066, 13.0395525], [80.2364016, 13.0395197], [80.2363342, 13.0395294], [80.2363477, 13.0396179], [80.236369, 13.0396148], [80.2363719, 13.0396336], [80.2363506, 13.0396367], [80.2363642, 13.0397261]]]}}, {"type": "Feature", "properties": {"osm_id": 354573272}, "geometry": {"type": "Polygon", "coordinates": [[[80.2346149, 13.0409797], [80.2347304, 13.0409634], [80.2347033, 13.0407818], [80.2345879, 13.0407981], [80.2346149, 13.0409797]]]}}, {"type": "Feature", "properties": {"osm_id": 354573293}, "geometry": {"type": "Polygon", "coordinates": [[[80.2372382, 13.041481], [80.2373285, 13.0414676], [80.2372936, 13.0412446], [80.2372033, 13.041258], [80.2372382, 13.041481]]]}}, {"type": "Feature", "properties": {"osm_id": 354573298}, "geometry": {"type": "Polygon", "coordinates": [[[80.2379069, 13.0414206], [80.2380223, 13.0414043], [80.2379874, 13.04117], [80.237872, 13.0411864], [80.2379069, 13.0414206]]]}}, {"type": "Feature", "properties": {"osm_id": 354573322}, "geometry": {"type": "Polygon", "coordinates": [[[80.2358268, 13.0408565], [80.2359297, 13.0408419], [80.2359108, 13.0407147], [80.2358078, 13.0407293], [80.2358268, 13.0408565]]]}}, {"type": "Feature", "properties": {"osm_id": 354573330}, "geometry": {"type": "Polygon", "coordinates": [[[80.234599, 13.0407742], [80.2346923, 13.040761], [80.2346808, 13.0406842], [80.2345876, 13.0406974], [80.234599, 13.0407742]]]}}, {"type": "Feature", "properties": {"osm_id": 354573334}, "geometry": {"type": "Polygon", "coordinates": [[[80.2372288, 13.0395474], [80.2373353, 13.0395348], [80.2373112, 13.0393425], [80.2372048, 13.0393551], [80.2372288, 13.0395474]]]}}, {"type": "Feature", "properties": {"osm_id": 354573344}, "geometry": {"type": "Polygon", "coordinates": [[[80.2365549, 13.041564], [80.2366693, 13.0415545], [80.2366472, 13.0413032], [80.2365328, 13.0413128], [80.2365549, 13.041564]]]}}, {"type": "Feature", "properties": {"osm_id": 354573352}, "geometry": {"type": "Polygon", "coordinates": [[[80.2374724, 13.0399289], [80.2375647, 13.0399159], [80.2375331, 13.0397036], [80.2374408, 13.0397167], [80.2374724, 13.0399289]]]}}, {"type": "Feature", "properties": {"osm_id": 354573364}, "geometry": {"type": "Polygon", "coordinates": [[[80.2355843, 13.0404249], [80.2356853, 13.0404106], [80.2356627, 13.0402586], [80.2355617, 13.0402729], [80.2355843, 13.0404249]]]}}, {"type": "Feature", "properties": {"osm_id": 354573378}, "geometry": {"type": "Polygon", "coordinates": [[[80.2362372, 13.0403953], [80.2363328, 13.040379], [80.236292, 13.0401507], [80.2361963, 13.0401669], [80.2362372, 13.0403953]]]}}, {"type": "Feature", "properties": {"osm_id": 354573397}, "geometry": {"type": "Polygon", "coordinates": [[[80.2373686, 13.03955], [80.2374636, 13.0395387], [80.2374431, 13.0393746], [80.2373481, 13.0393859], [80.2373686, 13.03955]]]}}, {"type": "Feature", "properties": {"osm_id": 354573414}, "geometry": {"type": "Polygon", "coordinates": [[[80.2364187, 13.041564], [80.2365348, 13.0415543], [80.2365139, 13.0413169], [80.2363978, 13.0413266], [80.2364187, 13.041564]]]}}, {"type": "Feature", "properties": {"osm_id": 354573423}, "geometry": {"type": "Polygon", "coordinates": [[[80.233983, 13.0429327], [80.2340872, 13.0429095], [80.2340622, 13.0428029], [80.233958, 13.0428262], [80.233983, 13.0429327]]]}}, {"type": "Feature", "properties": {"osm_id": 354573428}, "geometry": {"type": "Polygon", "coordinates": [[[80.2372644, 13.0399726], [80.2374368, 13.0399483], [80.2374015, 13.0397119], [80.2372292, 13.0397363], [80.2372644, 13.0399726]]]}}, {"type": "Feature", "properties": {"osm_id": 354573435}, "geometry": {"type": "Polygon", "coordinates": [[[80.2354892, 13.0405186], [80.2355764, 13.0405062], [80.235534, 13.0402215], [80.2354467, 13.0402338], [80.2354892, 13.0405186]]]}}, {"type": "Feature", "properties": {"osm_id": 354573447}, "geometry": {"type": "Polygon", "coordinates": [[[80.2363796, 13.0403716], [80.2364715, 13.0403575], [80.2364371, 13.0401447], [80.2363452, 13.0401588], [80.2363796, 13.0403716]]]}}, {"type": "Feature", "properties": {"osm_id": 354573450}, "geometry": {"type": "Polygon", "coordinates": [[[80.2374769, 13.0392542], [80.2375813, 13.0392418], [80.2375646, 13.0391079], [80.2374602, 13.0391203], [80.2374769, 13.0392542]]]}}, {"type": "Feature", "properties": {"osm_id": 354573456}, "geometry": {"type": "Polygon", "coordinates": [[[80.235769, 13.0416441], [80.2358692, 13.0416299], [80.2358449, 13.0414668], [80.2357447, 13.0414809], [80.235769, 13.0416441]]]}}, {"type": "Feature", "properties": {"osm_id": 354573468}, "geometry": {"type": "Polygon", "coordinates": [[[80.2374902, 13.0401607], [80.237639, 13.0401396], [80.2376288, 13.0400452], [80.2375811, 13.0400497], [80.2375757, 13.0400125], [80.2375281, 13.0400184], [80.2375174, 13.039955], [80.237459, 13.0399622], [80.2374902, 13.0401607]]]}}, {"type": "Feature", "properties": {"osm_id": 354573474}, "geometry": {"type": "Polygon", "coordinates": [[[80.2347778, 13.0405048], [80.2348786, 13.0404905], [80.2348655, 13.0404021], [80.2347646, 13.0404164], [80.2347778, 13.0405048]]]}}, {"type": "Feature", "properties": {"osm_id": 354573477}, "geometry": {"type": "Polygon", "coordinates": [[[80.2344526, 13.042758], [80.2345866, 13.0427281], [80.2345673, 13.0426462], [80.2344333, 13.042676], [80.2344526, 13.042758]]]}}, {"type": "Feature", "properties": {"osm_id": 354573483}, "geometry": {"type": "Polygon", "coordinates": [[[80.2330097, 13.0430213], [80.2330827, 13.0430094], [80.2330613, 13.0428846], [80.2329882, 13.0428965], [80.2330097, 13.0430213]]]}}, {"type": "Feature", "properties": {"osm_id": 354573503}, "geometry": {"type": "Polygon", "coordinates": [[[80.2374499, 13.0391079], [80.237555, 13.0390955], [80.2375413, 13.0389862], [80.2374363, 13.0389986], [80.2374499, 13.0391079]]]}}, {"type": "Feature", "properties": {"osm_id": 354573510}, "geometry": {"type": "Polygon", "coordinates": [[[80.2353931, 13.0416913], [80.2354919, 13.0416773], [80.235465, 13.0414966], [80.2353662, 13.0415106], [80.2353931, 13.0416913]]]}}, {"type": "Feature", "properties": {"osm_id": 354573529}, "geometry": {"type": "Polygon", "coordinates": [[[80.2372753, 13.04019], [80.2374138, 13.0401704], [80.2373993, 13.0400728], [80.2372607, 13.0400924], [80.2372753, 13.04019]]]}}, {"type": "Feature", "properties": {"osm_id": 354573532}, "geometry": {"type": "Polygon", "coordinates": [[[80.2371472, 13.0416635], [80.2372332, 13.0416513], [80.2372132, 13.041517], [80.2371272, 13.0415291], [80.2371472, 13.0416635]]]}}, {"type": "Feature", "properties": {"osm_id": 354573535}, "geometry": {"type": "Polygon", "coordinates": [[[80.2347703, 13.0403939], [80.2348676, 13.0403802], [80.2348589, 13.0403221], [80.2347617, 13.0403359], [80.2347703, 13.0403939]]]}}, {"type": "Feature", "properties": {"osm_id": 354573540}, "geometry": {"type": "Polygon", "coordinates": [[[80.2345001, 13.0430998], [80.2345983, 13.0430778], [80.2345515, 13.0428787], [80.2344533, 13.0429006], [80.2345001, 13.0430998]]]}}, {"type": "Feature", "properties": {"osm_id": 354573566}, "geometry": {"type": "Polygon", "coordinates": [[[80.2361002, 13.0418793], [80.236177, 13.0418685], [80.2361549, 13.04172], [80.236078, 13.0417309], [80.2361002, 13.0418793]]]}}, {"type": "Feature", "properties": {"osm_id": 354573572}, "geometry": {"type": "Polygon", "coordinates": [[[80.2374537, 13.0403985], [80.2374962, 13.0403925], [80.237486, 13.040324], [80.2374434, 13.04033], [80.2374537, 13.0403985]]]}}, {"type": "Feature", "properties": {"osm_id": 354573610}, "geometry": {"type": "Polygon", "coordinates": [[[80.237307, 13.0418412], [80.2374149, 13.0418259], [80.2373967, 13.0417037], [80.2372888, 13.0417189], [80.237307, 13.0418412]]]}}, {"type": "Feature", "properties": {"osm_id": 354573626}, "geometry": {"type": "Polygon", "coordinates": [[[80.2356952, 13.0418491], [80.2358212, 13.0418313], [80.2358067, 13.0417341], [80.2356807, 13.041752], [80.2356952, 13.0418491]]]}}, {"type": "Feature", "properties": {"osm_id": 354573628}, "geometry": {"type": "Polygon", "coordinates": [[[80.2378685, 13.0404033], [80.2379313, 13.0403944], [80.2379121, 13.0402652], [80.2378493, 13.040274], [80.2378685, 13.0404033]]]}}, {"type": "Feature", "properties": {"osm_id": 354573645}, "geometry": {"type": "Polygon", "coordinates": [[[80.2373253, 13.0405375], [80.2373931, 13.0405279], [80.2373847, 13.0404714], [80.2373169, 13.040481], [80.2373253, 13.0405375]]]}}, {"type": "Feature", "properties": {"osm_id": 354573649}, "geometry": {"type": "Polygon", "coordinates": [[[80.2360231, 13.0393938], [80.2361077, 13.0393868], [80.2360951, 13.0392431], [80.2360104, 13.0392502], [80.2360231, 13.0393938]]]}}, {"type": "Feature", "properties": {"osm_id": 354573678}, "geometry": {"type": "Polygon", "coordinates": [[[80.2362686, 13.0401251], [80.2364783, 13.0400865], [80.2364387, 13.0398822], [80.236229, 13.0399208], [80.2362686, 13.0401251]]]}}, {"type": "Feature", "properties": {"osm_id": 354573680}, "geometry": {"type": "Polygon", "coordinates": [[[80.2357568, 13.0393879], [80.235968, 13.0393703], [80.2359573, 13.0392478], [80.2357461, 13.0392654], [80.2357568, 13.0393879]]]}}, {"type": "Feature", "properties": {"osm_id": 354573691}, "geometry": {"type": "Polygon", "coordinates": [[[80.2347615, 13.0409712], [80.2349211, 13.0409498], [80.2348721, 13.0406277], [80.2347116, 13.0406504], [80.2347615, 13.0409712]]]}}, {"type": "Feature", "properties": {"osm_id": 354573693}, "geometry": {"type": "Polygon", "coordinates": [[[80.2369396, 13.039563], [80.2370328, 13.0395519], [80.2370069, 13.0393445], [80.2369137, 13.0393556], [80.2369396, 13.039563]]]}}, {"type": "Feature", "properties": {"osm_id": 354573695}, "geometry": {"type": "Polygon", "coordinates": [[[80.2368394, 13.0415113], [80.2369267, 13.041504], [80.2369071, 13.0412814], [80.2368198, 13.0412887], [80.2368394, 13.0415113]]]}}, {"type": "Feature", "properties": {"osm_id": 354573698}, "geometry": {"type": "Polygon", "coordinates": [[[80.2370739, 13.0399846], [80.2372109, 13.0399652], [80.2371793, 13.0397538], [80.2370424, 13.0397732], [80.2370739, 13.0399846]]]}}, {"type": "Feature", "properties": {"osm_id": 354573707}, "geometry": {"type": "Polygon", "coordinates": [[[80.2357199, 13.0403349], [80.2359115, 13.0403078], [80.2358934, 13.0401868], [80.2357019, 13.0402139], [80.2357199, 13.0403349]]]}}, {"type": "Feature", "properties": {"osm_id": 354573715}, "geometry": {"type": "Polygon", "coordinates": [[[80.2370541, 13.0395455], [80.2371424, 13.039535], [80.2371187, 13.039345], [80.2370303, 13.0393555], [80.2370541, 13.0395455]]]}}, {"type": "Feature", "properties": {"osm_id": 354573720}, "geometry": {"type": "Polygon", "coordinates": [[[80.2366929, 13.0415404], [80.2368064, 13.0415309], [80.2367853, 13.0412905], [80.2366718, 13.0413], [80.2366929, 13.0415404]]]}}, {"type": "Feature", "properties": {"osm_id": 354573725}, "geometry": {"type": "Polygon", "coordinates": [[[80.2369635, 13.040144], [80.2370895, 13.0401262], [80.2370769, 13.0400419], [80.2369509, 13.0400597], [80.2369635, 13.040144]]]}}, {"type": "Feature", "properties": {"osm_id": 354573730}, "geometry": {"type": "Polygon", "coordinates": [[[80.2356104, 13.0405139], [80.235709, 13.0405], [80.2356981, 13.0404267], [80.2355995, 13.0404406], [80.2356104, 13.0405139]]]}}, {"type": "Feature", "properties": {"osm_id": 354573731}, "geometry": {"type": "Polygon", "coordinates": [[[80.2376413, 13.0392362], [80.237828, 13.0392141], [80.237812, 13.0390863], [80.2376254, 13.0391085], [80.2376413, 13.0392362]]]}}, {"type": "Feature", "properties": {"osm_id": 354573734}, "geometry": {"type": "Polygon", "coordinates": [[[80.2360378, 13.0412423], [80.236077, 13.0412368], [80.2360602, 13.0411242], [80.236021, 13.0411297], [80.2360378, 13.0412423]]]}}, {"type": "Feature", "properties": {"osm_id": 354573742}, "geometry": {"type": "Polygon", "coordinates": [[[80.2379299, 13.0398882], [80.2380434, 13.0398722], [80.2380167, 13.0396929], [80.2379032, 13.0397089], [80.2379299, 13.0398882]]]}}, {"type": "Feature", "properties": {"osm_id": 354573746}, "geometry": {"type": "Polygon", "coordinates": [[[80.2352544, 13.0406011], [80.2353565, 13.0405866], [80.2353392, 13.0404712], [80.2352372, 13.0404856], [80.2352544, 13.0406011]]]}}, {"type": "Feature", "properties": {"osm_id": 354573756}, "geometry": {"type": "Polygon", "coordinates": [[[80.2376115, 13.0390818], [80.2377999, 13.0390595], [80.237784, 13.0389328], [80.2375957, 13.0389552], [80.2376115, 13.0390818]]]}}, {"type": "Feature", "properties": {"osm_id": 354573759}, "geometry": {"type": "Polygon", "coordinates": [[[80.235928, 13.0416402], [80.2360394, 13.0416245], [80.2360124, 13.0414436], [80.235901, 13.0414594], [80.235928, 13.0416402]]]}}, {"type": "Feature", "properties": {"osm_id": 354573768}, "geometry": {"type": "Polygon", "coordinates": [[[80.2345511, 13.0428551], [80.2346418, 13.0428348], [80.2346236, 13.0427574], [80.2345329, 13.0427776], [80.2345511, 13.0428551]]]}}, {"type": "Feature", "properties": {"osm_id": 354573770}, "geometry": {"type": "Polygon", "coordinates": [[[80.2379141, 13.0396983], [80.2380213, 13.0396831], [80.2380101, 13.0396084], [80.2379029, 13.0396235], [80.2379141, 13.0396983]]]}}, {"type": "Feature", "properties": {"osm_id": 354573775}, "geometry": {"type": "Polygon", "coordinates": [[[80.2370509, 13.0418061], [80.2371276, 13.0417952], [80.2371037, 13.0416352], [80.2370271, 13.041646], [80.2370509, 13.0418061]]]}}, {"type": "Feature", "properties": {"osm_id": 354573777}, "geometry": {"type": "Polygon", "coordinates": [[[80.2348953, 13.0404412], [80.2349877, 13.0404281], [80.2349792, 13.0403712], [80.2348868, 13.0403843], [80.2348953, 13.0404412]]]}}, {"type": "Feature", "properties": {"osm_id": 354573783}, "geometry": {"type": "Polygon", "coordinates": [[[80.2336612, 13.0429794], [80.233739, 13.0429621], [80.2337133, 13.0428528], [80.2336355, 13.0428702], [80.2336612, 13.0429794]]]}}, {"type": "Feature", "properties": {"osm_id": 354573794}, "geometry": {"type": "Polygon", "coordinates": [[[80.2358871, 13.0419179], [80.235969, 13.0419063], [80.2359458, 13.0417508], [80.235864, 13.0417624], [80.2358871, 13.0419179]]]}}, {"type": "Feature", "properties": {"osm_id": 354573803}, "geometry": {"type": "Polygon", "coordinates": [[[80.2370738, 13.040586], [80.2371309, 13.0405779], [80.2371008, 13.0403765], [80.2370438, 13.0403846], [80.2370738, 13.040586]]]}}, {"type": "Feature", "properties": {"osm_id": 354573807}, "geometry": {"type": "Polygon", "coordinates": [[[80.2349264, 13.0415061], [80.2350632, 13.0414897], [80.2350344, 13.0412613], [80.2348975, 13.0412777], [80.2349264, 13.0415061]]]}}, {"type": "Feature", "properties": {"osm_id": 354573812}, "geometry": {"type": "Polygon", "coordinates": [[[80.2371657, 13.0418421], [80.2372445, 13.0418309], [80.2372211, 13.0416737], [80.2371422, 13.0416849], [80.2371657, 13.0418421]]]}}, {"type": "Feature", "properties": {"osm_id": 354573818}, "geometry": {"type": "Polygon", "coordinates": [[[80.2343299, 13.0431254], [80.2344727, 13.0430936], [80.2344288, 13.042907], [80.2342861, 13.0429388], [80.2343299, 13.0431254]]]}}, {"type": "Feature", "properties": {"osm_id": 354573827}, "geometry": {"type": "Polygon", "coordinates": [[[80.2359999, 13.0418993], [80.2360909, 13.0418864], [80.2360692, 13.0417406], [80.2359782, 13.0417534], [80.2359999, 13.0418993]]]}}, {"type": "Feature", "properties": {"osm_id": 354573839}, "geometry": {"type": "Polygon", "coordinates": [[[80.2371431, 13.0406007], [80.2372101, 13.0405912], [80.2371945, 13.0404864], [80.2371274, 13.0404958], [80.2371431, 13.0406007]]]}}, {"type": "Feature", "properties": {"osm_id": 354573846}, "geometry": {"type": "Polygon", "coordinates": [[[80.2378608, 13.0417302], [80.237958, 13.0417165], [80.2379188, 13.041454], [80.2378217, 13.0414677], [80.2378608, 13.0417302]]]}}, {"type": "Feature", "properties": {"osm_id": 354573851}, "geometry": {"type": "Polygon", "coordinates": [[[80.2359697, 13.0396382], [80.2360303, 13.0396331], [80.2360119, 13.0394236], [80.2359513, 13.0394286], [80.2359697, 13.0396382]]]}}, {"type": "Feature", "properties": {"osm_id": 354573861}, "geometry": {"type": "Polygon", "coordinates": [[[80.2367335, 13.0405677], [80.2367973, 13.0405587], [80.236777, 13.0404225], [80.2367132, 13.0404316], [80.2367335, 13.0405677]]]}}, {"type": "Feature", "properties": {"osm_id": 354573863}, "geometry": {"type": "Polygon", "coordinates": [[[80.2362248, 13.0397679], [80.2362995, 13.0397591], [80.2362688, 13.0395119], [80.236194, 13.0395208], [80.2362248, 13.0397679]]]}}, {"type": "Feature", "properties": {"osm_id": 354573873}, "geometry": {"type": "Polygon", "coordinates": [[[80.2374804, 13.0405816], [80.2375364, 13.0405737], [80.2375101, 13.0403972], [80.2374541, 13.0404051], [80.2374804, 13.0405816]]]}}, {"type": "Feature", "properties": {"osm_id": 354573881}, "geometry": {"type": "Polygon", "coordinates": [[[80.2380203, 13.0417341], [80.2381137, 13.0417209], [80.2380718, 13.0414398], [80.2379784, 13.0414531], [80.2380203, 13.0417341]]]}}, {"type": "Feature", "properties": {"osm_id": 354573885}, "geometry": {"type": "Polygon", "coordinates": [[[80.2357638, 13.039565], [80.2359162, 13.0395523], [80.2359056, 13.0394314], [80.2357532, 13.0394441], [80.2357638, 13.039565]]]}}, {"type": "Feature", "properties": {"osm_id": 354573893}, "geometry": {"type": "Polygon", "coordinates": [[[80.2368097, 13.0405525], [80.2369086, 13.0405385], [80.2368899, 13.0404134], [80.2367911, 13.0404274], [80.2368097, 13.0405525]]]}}, {"type": "Feature", "properties": {"osm_id": 354573900}, "geometry": {"type": "Polygon", "coordinates": [[[80.2369507, 13.041382], [80.2370696, 13.0413644], [80.2370615, 13.0413127], [80.2369426, 13.0413303], [80.2369507, 13.041382]]]}}, {"type": "Feature", "properties": {"osm_id": 354573901}, "geometry": {"type": "Polygon", "coordinates": [[[80.2375598, 13.0405042], [80.2376062, 13.0404976], [80.2375967, 13.0404341], [80.2375503, 13.0404407], [80.2375598, 13.0405042]]]}}, {"type": "Feature", "properties": {"osm_id": 354573903}, "geometry": {"type": "Polygon", "coordinates": [[[80.2368455, 13.0402835], [80.2369562, 13.0402655], [80.2369207, 13.0400583], [80.23681, 13.0400763], [80.2368455, 13.0402835]]]}}, {"type": "Feature", "properties": {"osm_id": 354573912}, "geometry": {"type": "Polygon", "coordinates": [[[80.2357112, 13.0404621], [80.2358094, 13.0404482], [80.2357951, 13.0403522], [80.2356968, 13.0403661], [80.2357112, 13.0404621]]]}}, {"type": "Feature", "properties": {"osm_id": 354573923}, "geometry": {"type": "Polygon", "coordinates": [[[80.2369263, 13.0413146], [80.2370547, 13.0412955], [80.237047, 13.0412465], [80.2369186, 13.0412656], [80.2369263, 13.0413146]]]}}, {"type": "Feature", "properties": {"osm_id": 354573925}, "geometry": {"type": "Polygon", "coordinates": [[[80.2368998, 13.0400417], [80.2370362, 13.0400224], [80.2369983, 13.0397685], [80.2368618, 13.0397878], [80.2368998, 13.0400417]]]}}, {"type": "Feature", "properties": {"osm_id": 354573926}, "geometry": {"type": "Polygon", "coordinates": [[[80.236414, 13.0393788], [80.2365129, 13.0393645], [80.2364979, 13.0392661], [80.236399, 13.0392805], [80.236414, 13.0393788]]]}}, {"type": "Feature", "properties": {"osm_id": 354573934}, "geometry": {"type": "Polygon", "coordinates": [[[80.2358184, 13.0404421], [80.2359229, 13.0404273], [80.2359098, 13.0403395], [80.2358053, 13.0403542], [80.2358184, 13.0404421]]]}}, {"type": "Feature", "properties": {"osm_id": 354573935}, "geometry": {"type": "Polygon", "coordinates": [[[80.2376218, 13.0394807], [80.2377262, 13.0394683], [80.2377011, 13.0392671], [80.2375967, 13.0392795], [80.2376218, 13.0394807]]]}}, {"type": "Feature", "properties": {"osm_id": 354573936}, "geometry": {"type": "Polygon", "coordinates": [[[80.2357183, 13.0414364], [80.2358475, 13.0414181], [80.2358087, 13.0411584], [80.2356795, 13.0411766], [80.2357183, 13.0414364]]]}}, {"type": "Feature", "properties": {"osm_id": 354573940}, "geometry": {"type": "Polygon", "coordinates": [[[80.2363077, 13.0415776], [80.2364029, 13.0415697], [80.2363814, 13.041326], [80.2362863, 13.0413339], [80.2363077, 13.0415776]]]}}, {"type": "Feature", "properties": {"osm_id": 354573941}, "geometry": {"type": "Polygon", "coordinates": [[[80.2352396, 13.0414578], [80.2353384, 13.0414438], [80.2353086, 13.0412443], [80.2352098, 13.0412583], [80.2352396, 13.0414578]]]}}, {"type": "Feature", "properties": {"osm_id": 354573944}, "geometry": {"type": "Polygon", "coordinates": [[[80.2379518, 13.0400217], [80.2380747, 13.0400043], [80.2380637, 13.0399308], [80.2379409, 13.0399482], [80.2379518, 13.0400217]]]}}, {"type": "Feature", "properties": {"osm_id": 354573947}, "geometry": {"type": "Polygon", "coordinates": [[[80.2350327, 13.0404461], [80.2351126, 13.0404348], [80.2351026, 13.0403678], [80.2350227, 13.0403791], [80.2350327, 13.0404461]]]}}, {"type": "Feature", "properties": {"osm_id": 354573955}, "geometry": {"type": "Polygon", "coordinates": [[[80.2377515, 13.0394735], [80.2378257, 13.0394647], [80.2378009, 13.0392663], [80.2377267, 13.0392751], [80.2377515, 13.0394735]]]}}, {"type": "Feature", "properties": {"osm_id": 354573958}, "geometry": {"type": "Polygon", "coordinates": [[[80.2359212, 13.0413862], [80.2360222, 13.0413719], [80.2359845, 13.041119], [80.2358834, 13.0411333], [80.2359212, 13.0413862]]]}}, {"type": "Feature", "properties": {"osm_id": 354573961}, "geometry": {"type": "Polygon", "coordinates": [[[80.2353984, 13.0414542], [80.2355175, 13.0414373], [80.235474, 13.0411452], [80.2353549, 13.0411621], [80.2353984, 13.0414542]]]}}, {"type": "Feature", "properties": {"osm_id": 354573964}, "geometry": {"type": "Polygon", "coordinates": [[[80.2347298, 13.042742], [80.2347848, 13.0427297], [80.2347595, 13.0426218], [80.2347045, 13.0426341], [80.2347298, 13.042742]]]}}, {"type": "Feature", "properties": {"osm_id": 354573966}, "geometry": {"type": "Polygon", "coordinates": [[[80.2380096, 13.0401643], [80.2380987, 13.0401517], [80.2380796, 13.0400235], [80.2379905, 13.0400361], [80.2380096, 13.0401643]]]}}, {"type": "Feature", "properties": {"osm_id": 354573968}, "geometry": {"type": "Polygon", "coordinates": [[[80.2368069, 13.0418755], [80.2369062, 13.0418614], [80.236861, 13.0415581], [80.2367617, 13.0415721], [80.2368069, 13.0418755]]]}}, {"type": "Feature", "properties": {"osm_id": 354573969}, "geometry": {"type": "Polygon", "coordinates": [[[80.2351487, 13.0404815], [80.2352342, 13.0404694], [80.2352114, 13.0403164], [80.2351259, 13.0403284], [80.2351487, 13.0404815]]]}}, {"type": "Feature", "properties": {"osm_id": 354573975}, "geometry": {"type": "Polygon", "coordinates": [[[80.2368866, 13.0393326], [80.2370215, 13.0393166], [80.2370088, 13.0392145], [80.2368738, 13.0392305], [80.2368866, 13.0393326]]]}}, {"type": "Feature", "properties": {"osm_id": 354573977}, "geometry": {"type": "Polygon", "coordinates": [[[80.2357091, 13.0419603], [80.2358093, 13.0419461], [80.2357948, 13.0418491], [80.2356946, 13.0418633], [80.2357091, 13.0419603]]]}}, {"type": "Feature", "properties": {"osm_id": 354573983}, "geometry": {"type": "Polygon", "coordinates": [[[80.236297, 13.0407417], [80.2364314, 13.0407227], [80.2363946, 13.0404757], [80.2362602, 13.0404948], [80.236297, 13.0407417]]]}}, {"type": "Feature", "properties": {"osm_id": 354573985}, "geometry": {"type": "Polygon", "coordinates": [[[80.2347758, 13.0415478], [80.2349092, 13.041529], [80.2348681, 13.0412536], [80.2347347, 13.0412725], [80.2347758, 13.0415478]]]}}, {"type": "Feature", "properties": {"osm_id": 354573986}, "geometry": {"type": "Polygon", "coordinates": [[[80.2344832, 13.0428673], [80.2345371, 13.0428552], [80.2345168, 13.042769], [80.2344629, 13.042781], [80.2344832, 13.0428673]]]}}, {"type": "Feature", "properties": {"osm_id": 354573989}, "geometry": {"type": "Polygon", "coordinates": [[[80.2369309, 13.0418433], [80.2370221, 13.0418304], [80.2369784, 13.0415375], [80.2368872, 13.0415504], [80.2369309, 13.0418433]]]}}, {"type": "Feature", "properties": {"osm_id": 354573992}, "geometry": {"type": "Polygon", "coordinates": [[[80.2340444, 13.0431529], [80.2341505, 13.0431292], [80.2341106, 13.0429593], [80.2340045, 13.042983], [80.2340444, 13.0431529]]]}}, {"type": "Feature", "properties": {"osm_id": 354573997}, "geometry": {"type": "Polygon", "coordinates": [[[80.235839, 13.0419327], [80.23588, 13.0419269], [80.235866, 13.0418331], [80.235825, 13.0418389], [80.235839, 13.0419327]]]}}, {"type": "Feature", "properties": {"osm_id": 354574003}, "geometry": {"type": "Polygon", "coordinates": [[[80.2369425, 13.0406335], [80.2370583, 13.0406172], [80.2370243, 13.0403894], [80.2369086, 13.0404058], [80.2369425, 13.0406335]]]}}, {"type": "Feature", "properties": {"osm_id": 354574005}, "geometry": {"type": "Polygon", "coordinates": [[[80.2375403, 13.0417868], [80.2376347, 13.0417734], [80.2375943, 13.0415028], [80.2374999, 13.0415162], [80.2375403, 13.0417868]]]}}, {"type": "Feature", "properties": {"osm_id": 354574010}, "geometry": {"type": "Polygon", "coordinates": [[[80.2356306, 13.0418414], [80.2356754, 13.0418351], [80.2356662, 13.0417733], [80.2356214, 13.0417797], [80.2356306, 13.0418414]]]}}, {"type": "Feature", "properties": {"osm_id": 354574019}, "geometry": {"type": "Polygon", "coordinates": [[[80.2373181, 13.0404045], [80.237392, 13.0403941], [80.237386, 13.0403538], [80.2373121, 13.0403643], [80.2373181, 13.0404045]]]}}, {"type": "Feature", "properties": {"osm_id": 354574022}, "geometry": {"type": "Polygon", "coordinates": [[[80.2376827, 13.041756], [80.2377967, 13.0417398], [80.2377566, 13.0414707], [80.2376426, 13.0414868], [80.2376827, 13.041756]]]}}, {"type": "Feature", "properties": {"osm_id": 354574024}, "geometry": {"type": "Polygon", "coordinates": [[[80.2358738, 13.0396804], [80.2359434, 13.0396746], [80.2359351, 13.0395796], [80.2358654, 13.0395854], [80.2358738, 13.0396804]]]}}, {"type": "Feature", "properties": {"osm_id": 354574027}, "geometry": {"type": "Polygon", "coordinates": [[[80.2379287, 13.0403404], [80.2379901, 13.0403317], [80.2379795, 13.0402608], [80.2379182, 13.0402694], [80.2379287, 13.0403404]]]}}, {"type": "Feature", "properties": {"osm_id": 354574033}, "geometry": {"type": "Polygon", "coordinates": [[[80.237109, 13.0414938], [80.2371885, 13.041482], [80.2371499, 13.0412356], [80.2370704, 13.0412474], [80.237109, 13.0414938]]]}}, {"type": "Feature", "properties": {"osm_id": 354574034}, "geometry": {"type": "Polygon", "coordinates": [[[80.2377764, 13.0414232], [80.2378769, 13.0414089], [80.237845, 13.0411944], [80.2377444, 13.0412087], [80.2377764, 13.0414232]]]}}, {"type": "Feature", "properties": {"osm_id": 354574035}, "geometry": {"type": "Polygon", "coordinates": [[[80.2374051, 13.0404425], [80.2374489, 13.0404363], [80.2374361, 13.0403506], [80.2373923, 13.0403568], [80.2374051, 13.0404425]]]}}, {"type": "Feature", "properties": {"osm_id": 354574040}, "geometry": {"type": "Polygon", "coordinates": [[[80.2359434, 13.0408392], [80.2360121, 13.0408295], [80.2359947, 13.0407129], [80.235926, 13.0407226], [80.2359434, 13.0408392]]]}}, {"type": "Feature", "properties": {"osm_id": 354574044}, "geometry": {"type": "Polygon", "coordinates": [[[80.2349425, 13.0409476], [80.2350748, 13.0409289], [80.235033, 13.0406487], [80.2349007, 13.0406674], [80.2349425, 13.0409476]]]}}, {"type": "Feature", "properties": {"osm_id": 354574050}, "geometry": {"type": "Polygon", "coordinates": [[[80.2369546, 13.0414591], [80.2370792, 13.0414406], [80.2370694, 13.0413782], [80.2369449, 13.0413967], [80.2369546, 13.0414591]]]}}, {"type": "Feature", "properties": {"osm_id": 354574052}, "geometry": {"type": "Polygon", "coordinates": [[[80.2376371, 13.0414559], [80.2377683, 13.0414364], [80.2377342, 13.0412189], [80.2376031, 13.0412384], [80.2376371, 13.0414559]]]}}, {"type": "Feature", "properties": {"osm_id": 354574054}, "geometry": {"type": "Polygon", "coordinates": [[[80.2365508, 13.0394128], [80.2366491, 13.0393986], [80.2366084, 13.0391323], [80.2365101, 13.0391465], [80.2365508, 13.0394128]]]}}, {"type": "Feature", "properties": {"osm_id": 354574059}, "geometry": {"type": "Polygon", "coordinates": [[[80.2357869, 13.0406946], [80.2359605, 13.0406701], [80.2359277, 13.0404502], [80.2357541, 13.0404748], [80.2357869, 13.0406946]]]}}, {"type": "Feature", "properties": {"osm_id": 354574061}, "geometry": {"type": "Polygon", "coordinates": [[[80.2350961, 13.0409416], [80.2351836, 13.0409292], [80.2351548, 13.0407362], [80.2350673, 13.0407486], [80.2350961, 13.0409416]]]}}, {"type": "Feature", "properties": {"osm_id": 354574063}, "geometry": {"type": "Polygon", "coordinates": [[[80.2373211, 13.0393695], [80.2374312, 13.0393564], [80.2374247, 13.0393039], [80.2373146, 13.039317], [80.2373211, 13.0393695]]]}}, {"type": "Feature", "properties": {"osm_id": 354574067}, "geometry": {"type": "Polygon", "coordinates": [[[80.2363413, 13.0419311], [80.236435, 13.0419233], [80.2364187, 13.0417385], [80.2363251, 13.0417463], [80.2363413, 13.0419311]]]}}, {"type": "Feature", "properties": {"osm_id": 354574070}, "geometry": {"type": "Polygon", "coordinates": [[[80.2376226, 13.0399081], [80.2377714, 13.039887], [80.2377402, 13.0396773], [80.2375914, 13.0396983], [80.2376226, 13.0399081]]]}}, {"type": "Feature", "properties": {"osm_id": 354574074}, "geometry": {"type": "Polygon", "coordinates": [[[80.2353819, 13.0405248], [80.2354687, 13.0405125], [80.2354332, 13.0402749], [80.2353465, 13.0402872], [80.2353819, 13.0405248]]]}}, {"type": "Feature", "properties": {"osm_id": 354574076}, "geometry": {"type": "Polygon", "coordinates": [[[80.2362778, 13.0393652], [80.2363733, 13.0393513], [80.2363468, 13.039178], [80.2362514, 13.0391918], [80.2362778, 13.0393652]]]}}, {"type": "Feature", "properties": {"osm_id": 354574078}, "geometry": {"type": "Polygon", "coordinates": [[[80.2361287, 13.0401444], [80.2362475, 13.0401225], [80.2362059, 13.0399079], [80.2360871, 13.0399298], [80.2361287, 13.0401444]]]}}, {"type": "Feature", "properties": {"osm_id": 354574083}, "geometry": {"type": "Polygon", "coordinates": [[[80.2374807, 13.0395018], [80.2375827, 13.0394897], [80.2375566, 13.0392801], [80.2374545, 13.0392922], [80.2374807, 13.0395018]]]}}, {"type": "Feature", "properties": {"osm_id": 354574086}, "geometry": {"type": "Polygon", "coordinates": [[[80.2363273, 13.0417257], [80.2364089, 13.0417189], [80.2363973, 13.0415867], [80.2363157, 13.0415935], [80.2363273, 13.0417257]]]}}, {"type": "Feature", "properties": {"osm_id": 354574088}, "geometry": {"type": "Polygon", "coordinates": [[[80.2350968, 13.0414935], [80.2351951, 13.0414796], [80.2351581, 13.041231], [80.2350598, 13.0412449], [80.2350968, 13.0414935]]]}}, {"type": "Feature", "properties": {"osm_id": 354574090}, "geometry": {"type": "Polygon", "coordinates": [[[80.2346573, 13.0428249], [80.2347995, 13.0427932], [80.2347865, 13.0427381], [80.2346443, 13.0427698], [80.2346573, 13.0428249]]]}}, {"type": "Feature", "properties": {"osm_id": 354574092}, "geometry": {"type": "Polygon", "coordinates": [[[80.237838, 13.0401334], [80.237942, 13.0401187], [80.2379136, 13.0399281], [80.2378096, 13.0399428], [80.237838, 13.0401334]]]}}, {"type": "Feature", "properties": {"osm_id": 354574096}, "geometry": {"type": "Polygon", "coordinates": [[[80.2352505, 13.0404336], [80.2353459, 13.0404201], [80.2353233, 13.0402682], [80.2352279, 13.0402817], [80.2352505, 13.0404336]]]}}, {"type": "Feature", "properties": {"osm_id": 354574099}, "geometry": {"type": "Polygon", "coordinates": [[[80.2373166, 13.0392718], [80.2374276, 13.0392586], [80.2373959, 13.0390046], [80.2372849, 13.0390178], [80.2373166, 13.0392718]]]}}, {"type": "Feature", "properties": {"osm_id": 354574102}, "geometry": {"type": "Polygon", "coordinates": [[[80.235525, 13.0416804], [80.2356427, 13.0416637], [80.2356345, 13.0416084], [80.2355168, 13.0416251], [80.235525, 13.0416804]]]}}, {"type": "Feature", "properties": {"osm_id": 354574114}, "geometry": {"type": "Polygon", "coordinates": [[[80.2372566, 13.0400782], [80.2374054, 13.0400572], [80.2373965, 13.0399974], [80.2372477, 13.0400184], [80.2372566, 13.0400782]]]}}, {"type": "Feature", "properties": {"osm_id": 354574116}, "geometry": {"type": "Polygon", "coordinates": [[[80.2345574, 13.040575], [80.2346143, 13.040567], [80.2345996, 13.0404684], [80.2345427, 13.0404764], [80.2345574, 13.040575]]]}}, {"type": "Feature", "properties": {"osm_id": 354574117}, "geometry": {"type": "Polygon", "coordinates": [[[80.2346045, 13.0427529], [80.2347003, 13.0427316], [80.2346771, 13.0426328], [80.2345813, 13.0426541], [80.2346045, 13.0427529]]]}}, {"type": "Feature", "properties": {"osm_id": 354574118}, "geometry": {"type": "Polygon", "coordinates": [[[80.2331675, 13.0431372], [80.233291, 13.043117], [80.2332635, 13.0429574], [80.23314, 13.0429775], [80.2331675, 13.0431372]]]}}, {"type": "Feature", "properties": {"osm_id": 354574121}, "geometry": {"type": "Polygon", "coordinates": [[[80.2366961, 13.0418742], [80.2367913, 13.0418607], [80.2367489, 13.0415761], [80.2366537, 13.0415895], [80.2366961, 13.0418742]]]}}, {"type": "Feature", "properties": {"osm_id": 354574130}, "geometry": {"type": "Polygon", "coordinates": [[[80.2355, 13.04162], [80.2356799, 13.0415945], [80.2356622, 13.0414754], [80.2354822, 13.0415009], [80.2355, 13.04162]]]}}, {"type": "Feature", "properties": {"osm_id": 354574140}, "geometry": {"type": "Polygon", "coordinates": [[[80.2369824, 13.040279], [80.237101, 13.0402623], [80.237085, 13.0401555], [80.2369665, 13.0401722], [80.2369824, 13.040279]]]}}, {"type": "Feature", "properties": {"osm_id": 354574142}, "geometry": {"type": "Polygon", "coordinates": [[[80.2372883, 13.0416943], [80.2373768, 13.0416818], [80.237349, 13.0414951], [80.2372605, 13.0415076], [80.2372883, 13.0416943]]]}}, {"type": "Feature", "properties": {"osm_id": 354574146}, "geometry": {"type": "Polygon", "coordinates": [[[80.2352537, 13.0409162], [80.2353846, 13.0408976], [80.2353423, 13.0406136], [80.2352113, 13.0406321], [80.2352537, 13.0409162]]]}}, {"type": "Feature", "properties": {"osm_id": 354574148}, "geometry": {"type": "Polygon", "coordinates": [[[80.2346091, 13.0415686], [80.2347351, 13.0415508], [80.2346908, 13.0412538], [80.2345648, 13.0412716], [80.2346091, 13.0415686]]]}}, {"type": "Feature", "properties": {"osm_id": 354574150}, "geometry": {"type": "Polygon", "coordinates": [[[80.234318, 13.0429044], [80.2344626, 13.0428722], [80.2344183, 13.0426834], [80.2342737, 13.0427157], [80.234318, 13.0429044]]]}}, {"type": "Feature", "properties": {"osm_id": 354574160}, "geometry": {"type": "Polygon", "coordinates": [[[80.2356049, 13.0419776], [80.2356937, 13.0419651], [80.2356867, 13.0419179], [80.2355979, 13.0419305], [80.2356049, 13.0419776]]]}}, {"type": "Feature", "properties": {"osm_id": 354574173}, "geometry": {"type": "Polygon", "coordinates": [[[80.2379493, 13.0404956], [80.2380233, 13.0404851], [80.2380081, 13.0403829], [80.2379341, 13.0403934], [80.2379493, 13.0404956]]]}}, {"type": "Feature", "properties": {"osm_id": 354574183}, "geometry": {"type": "Polygon", "coordinates": [[[80.2374045, 13.0405318], [80.2374574, 13.0405243], [80.2374473, 13.0404566], [80.2373944, 13.0404641], [80.2374045, 13.0405318]]]}}, {"type": "Feature", "properties": {"osm_id": 354574186}, "geometry": {"type": "Polygon", "coordinates": [[[80.2374348, 13.0417842], [80.2375142, 13.041773], [80.2374849, 13.0415761], [80.2374054, 13.0415873], [80.2374348, 13.0417842]]]}}, {"type": "Feature", "properties": {"osm_id": 354574188}, "geometry": {"type": "Polygon", "coordinates": [[[80.2354331, 13.0408613], [80.235561, 13.0408432], [80.2355217, 13.0405796], [80.2353938, 13.0405977], [80.2354331, 13.0408613]]]}}, {"type": "Feature", "properties": {"osm_id": 354574191}, "geometry": {"type": "Polygon", "coordinates": [[[80.2341466, 13.0429134], [80.2342546, 13.0428893], [80.2342204, 13.0427438], [80.2341124, 13.0427679], [80.2341466, 13.0429134]]]}}, {"type": "Feature", "properties": {"osm_id": 354574195}, "geometry": {"type": "Polygon", "coordinates": [[[80.2355818, 13.04188], [80.2356292, 13.0418733], [80.235622, 13.0418254], [80.2355747, 13.0418321], [80.2355818, 13.04188]]]}}, {"type": "Feature", "properties": {"osm_id": 354574199}, "geometry": {"type": "Polygon", "coordinates": [[[80.2379961, 13.0403133], [80.2381012, 13.0402984], [80.2380945, 13.0402535], [80.2379894, 13.0402684], [80.2379961, 13.0403133]]]}}, {"type": "Feature", "properties": {"osm_id": 354574205}, "geometry": {"type": "Polygon", "coordinates": [[[80.2375033, 13.0414463], [80.2376139, 13.0414299], [80.2375851, 13.0412458], [80.2374745, 13.0412623], [80.2375033, 13.0414463]]]}}, {"type": "Feature", "properties": {"osm_id": 354574207}, "geometry": {"type": "Polygon", "coordinates": [[[80.2373181, 13.0404643], [80.2373916, 13.0404539], [80.2373847, 13.0404078], [80.2373112, 13.0404182], [80.2373181, 13.0404643]]]}}, {"type": "Feature", "properties": {"osm_id": 354574209}, "geometry": {"type": "Polygon", "coordinates": [[[80.2365231, 13.040075], [80.2366675, 13.0400484], [80.2366286, 13.0398476], [80.2364841, 13.0398742], [80.2365231, 13.040075]]]}}, {"type": "Feature", "properties": {"osm_id": 354574222}, "geometry": {"type": "Polygon", "coordinates": [[[80.2372039, 13.040472], [80.2372516, 13.0404653], [80.2372672, 13.0405698], [80.2373256, 13.0405615], [80.2372944, 13.0403521], [80.2371883, 13.0403671], [80.2372039, 13.040472]]]}}, {"type": "Feature", "properties": {"osm_id": 354574223}, "geometry": {"type": "Polygon", "coordinates": [[[80.2356113, 13.0408223], [80.2357481, 13.040803], [80.2357314, 13.0406908], [80.2356993, 13.0406953], [80.2356905, 13.0406364], [80.2355858, 13.0406513], [80.2356113, 13.0408223]]]}}, {"type": "Feature", "properties": {"osm_id": 354574234}, "geometry": {"type": "Polygon", "coordinates": [[[80.2377058, 13.040573], [80.2377826, 13.0405622], [80.2377424, 13.0402925], [80.2376049, 13.040312], [80.2376159, 13.0403857], [80.2377078, 13.0403727], [80.2377187, 13.0404462], [80.2376876, 13.0404506], [80.2377058, 13.040573]]]}}, {"type": "Feature", "properties": {"osm_id": 354574238}, "geometry": {"type": "Polygon", "coordinates": [[[80.2364693, 13.0417367], [80.2366154, 13.041716], [80.2365972, 13.0415941], [80.2365359, 13.0416027], [80.2365413, 13.041639], [80.2365189, 13.0416422], [80.2365134, 13.0416059], [80.2364511, 13.0416147], [80.2364693, 13.0417367]]]}}, {"type": "Feature", "properties": {"osm_id": 354803231}, "geometry": {"type": "Polygon", "coordinates": [[[80.2345889, 13.0402193], [80.2346991, 13.0402106], [80.2346767, 13.0399399], [80.2346323, 13.0399434], [80.2346342, 13.0399657], [80.2346173, 13.039967], [80.2346187, 13.0399839], [80.2346058, 13.0399849], [80.2346075, 13.0400055], [80.2345951, 13.0400064], [80.2345966, 13.0400249], [80.234573, 13.0400268], [80.2345889, 13.0402193]]]}}, {"type": "Feature", "properties": {"osm_id": 354803234}, "geometry": {"type": "Polygon", "coordinates": [[[80.2376872, 13.0383702], [80.2376892, 13.0384056], [80.2377207, 13.0383979], [80.2377367, 13.0384414], [80.2377564, 13.0384378], [80.2377986, 13.0384846], [80.2377641, 13.0382551], [80.2376066, 13.0382678], [80.2375797, 13.0382893], [80.237612, 13.0383036], [80.2376118, 13.0383287], [80.2376342, 13.0383237], [80.2376335, 13.0383584], [80.2376448, 13.0383566], [80.2376517, 13.0383767], [80.2376872, 13.0383702]]]}}, {"type": "Feature", "properties": {"osm_id": 354803242}, "geometry": {"type": "Polygon", "coordinates": [[[80.2371657, 13.0388695], [80.2372393, 13.0388614], [80.2372104, 13.0386114], [80.2371368, 13.0386195], [80.2371657, 13.0388695]]]}}, {"type": "Feature", "properties": {"osm_id": 354803248}, "geometry": {"type": "Polygon", "coordinates": [[[80.237638, 13.0388384], [80.2377787, 13.0388229], [80.2377686, 13.0387348], [80.2376278, 13.0387502], [80.237638, 13.0388384]]]}}, {"type": "Feature", "properties": {"osm_id": 354803267}, "geometry": {"type": "Polygon", "coordinates": [[[80.2353931, 13.0400814], [80.2354865, 13.040074], [80.2354658, 13.0398251], [80.2353724, 13.0398325], [80.2353931, 13.0400814]]]}}, {"type": "Feature", "properties": {"osm_id": 354803285}, "geometry": {"type": "Polygon", "coordinates": [[[80.2376186, 13.0381632], [80.2377343, 13.0381482], [80.2376959, 13.0378675], [80.2375803, 13.0378825], [80.2376186, 13.0381632]]]}}, {"type": "Feature", "properties": {"osm_id": 354803286}, "geometry": {"type": "Polygon", "coordinates": [[[80.2369754, 13.0384483], [80.2370417, 13.0384381], [80.2370016, 13.0382088], [80.2369392, 13.0382568], [80.2369754, 13.0384483]]]}}, {"type": "Feature", "properties": {"osm_id": 354803289}, "geometry": {"type": "Polygon", "coordinates": [[[80.2375422, 13.0382005], [80.2375892, 13.0381945], [80.2375723, 13.038071], [80.2375253, 13.038077], [80.2375422, 13.0382005]]]}}, {"type": "Feature", "properties": {"osm_id": 354803296}, "geometry": {"type": "Polygon", "coordinates": [[[80.234986, 13.0397413], [80.2350669, 13.0397829], [80.2351673, 13.0395974], [80.2350863, 13.0395558], [80.234986, 13.0397413]]]}}, {"type": "Feature", "properties": {"osm_id": 354803329}, "geometry": {"type": "Polygon", "coordinates": [[[80.2378933, 13.0380056], [80.2380355, 13.0379872], [80.2380157, 13.0378421], [80.2378734, 13.0378605], [80.2378933, 13.0380056]]]}}, {"type": "Feature", "properties": {"osm_id": 354803330}, "geometry": {"type": "Polygon", "coordinates": [[[80.2368158, 13.0384442], [80.2369396, 13.0384188], [80.2369143, 13.0383017], [80.2367905, 13.038327], [80.2368158, 13.0384442]]]}}, {"type": "Feature", "properties": {"osm_id": 354803344}, "geometry": {"type": "Polygon", "coordinates": [[[80.2348085, 13.0396722], [80.2348949, 13.0397166], [80.2350025, 13.0395177], [80.2349161, 13.0394734], [80.2348085, 13.0396722]]]}}, {"type": "Feature", "properties": {"osm_id": 354803350}, "geometry": {"type": "Polygon", "coordinates": [[[80.2378989, 13.0389367], [80.2380125, 13.0389231], [80.2380023, 13.038835], [80.2378888, 13.0388467], [80.2378989, 13.0389367]]]}}, {"type": "Feature", "properties": {"osm_id": 354803376}, "geometry": {"type": "Polygon", "coordinates": [[[80.2372019, 13.0384394], [80.2373332, 13.0384252], [80.2373222, 13.0383286], [80.2371908, 13.0383429], [80.2372019, 13.0384394]]]}}, {"type": "Feature", "properties": {"osm_id": 354803388}, "geometry": {"type": "Polygon", "coordinates": [[[80.2347542, 13.0402122], [80.2349734, 13.0401949], [80.2349654, 13.0400986], [80.2347462, 13.0401159], [80.2347542, 13.0402122]]]}}, {"type": "Feature", "properties": {"osm_id": 354803389}, "geometry": {"type": "Polygon", "coordinates": [[[80.2379934, 13.0384662], [80.2381028, 13.0384525], [80.238077, 13.0382584], [80.2379676, 13.0382721], [80.2379934, 13.0384662]]]}}, {"type": "Feature", "properties": {"osm_id": 354803407}, "geometry": {"type": "Polygon", "coordinates": [[[80.2370491, 13.0388586], [80.2371362, 13.038849], [80.237119, 13.0387005], [80.2370319, 13.03871], [80.2370491, 13.0388586]]]}}, {"type": "Feature", "properties": {"osm_id": 354803418}, "geometry": {"type": "Polygon", "coordinates": [[[80.237458, 13.0388515], [80.2375788, 13.0388382], [80.2375644, 13.0387134], [80.2374436, 13.0387266], [80.237458, 13.0388515]]]}}, {"type": "Feature", "properties": {"osm_id": 354803453}, "geometry": {"type": "Polygon", "coordinates": [[[80.2350869, 13.0397895], [80.2351767, 13.0398357], [80.2352702, 13.039663], [80.2351803, 13.0396168], [80.2350869, 13.0397895]]]}}, {"type": "Feature", "properties": {"osm_id": 354803466}, "geometry": {"type": "Polygon", "coordinates": [[[80.2370066, 13.038671], [80.2371289, 13.0386565], [80.2371196, 13.0385818], [80.2370102, 13.0385948], [80.237014, 13.038625], [80.2370011, 13.0386266], [80.2370066, 13.038671]]]}}, {"type": "Feature", "properties": {"osm_id": 354803486}, "geometry": {"type": "Polygon", "coordinates": [[[80.2351627, 13.0399742], [80.235252, 13.0399671], [80.2352448, 13.0398806], [80.2351555, 13.0398876], [80.2351627, 13.0399742]]]}}, {"type": "Feature", "properties": {"osm_id": 354803504}, "geometry": {"type": "Polygon", "coordinates": [[[80.2347529, 13.0395249], [80.2348399, 13.0395672], [80.2349012, 13.0394477], [80.2348142, 13.0394053], [80.2347529, 13.0395249]]]}}, {"type": "Feature", "properties": {"osm_id": 354803508}, "geometry": {"type": "Polygon", "coordinates": [[[80.2379215, 13.0381623], [80.2380611, 13.0381442], [80.2380431, 13.0380131], [80.2379036, 13.0380312], [80.2379215, 13.0381623]]]}}, {"type": "Feature", "properties": {"osm_id": 354803510}, "geometry": {"type": "Polygon", "coordinates": [[[80.2370306, 13.0385858], [80.2370733, 13.0385789], [80.2370499, 13.038442], [80.2370073, 13.0384489], [80.2370306, 13.0385858]]]}}, {"type": "Feature", "properties": {"osm_id": 354803513}, "geometry": {"type": "Polygon", "coordinates": [[[80.2342957, 13.0399063], [80.2345438, 13.0400217], [80.2346132, 13.0398799], [80.2343652, 13.0397645], [80.2342957, 13.0399063]]]}}, {"type": "Feature", "properties": {"osm_id": 354803519}, "geometry": {"type": "Polygon", "coordinates": [[[80.2346087, 13.0394524], [80.2347416, 13.039517], [80.2347976, 13.0394078], [80.2346648, 13.0393431], [80.2346087, 13.0394524]]]}}, {"type": "Feature", "properties": {"osm_id": 354803527}, "geometry": {"type": "Polygon", "coordinates": [[[80.2356561, 13.0400596], [80.2357487, 13.0400523], [80.2357298, 13.0398242], [80.2356372, 13.0398315], [80.2356561, 13.0400596]]]}}, {"type": "Feature", "properties": {"osm_id": 354803552}, "geometry": {"type": "Polygon", "coordinates": [[[80.2370338, 13.0383397], [80.2371498, 13.0383222], [80.2371318, 13.0382092], [80.2370159, 13.0382266], [80.2370338, 13.0383397]]]}}, {"type": "Feature", "properties": {"osm_id": 354803572}, "geometry": {"type": "Polygon", "coordinates": [[[80.2377871, 13.0380976], [80.2378948, 13.0380836], [80.2378695, 13.0378987], [80.2377619, 13.0379126], [80.2377871, 13.0380976]]]}}, {"type": "Feature", "properties": {"osm_id": 354803595}, "geometry": {"type": "Polygon", "coordinates": [[[80.2342612, 13.0401053], [80.2344272, 13.0401834], [80.2344785, 13.04008], [80.2343125, 13.0400019], [80.2342612, 13.0401053]]]}}, {"type": "Feature", "properties": {"osm_id": 354803618}, "geometry": {"type": "Polygon", "coordinates": [[[80.2355013, 13.0401123], [80.2356238, 13.0401026], [80.2355964, 13.0397724], [80.2354739, 13.0397821], [80.2355013, 13.0401123]]]}}, {"type": "Feature", "properties": {"osm_id": 354803632}, "geometry": {"type": "Polygon", "coordinates": [[[80.2372424, 13.0386621], [80.2373996, 13.0386343], [80.2373858, 13.0385607], [80.2372287, 13.0385885], [80.2372424, 13.0386621]]]}}, {"type": "Feature", "properties": {"osm_id": 354803649}, "geometry": {"type": "Polygon", "coordinates": [[[80.2370432, 13.0383965], [80.237163, 13.0383835], [80.237158, 13.0383392], [80.2370382, 13.0383523], [80.2370432, 13.0383965]]]}}, {"type": "Feature", "properties": {"osm_id": 354803666}, "geometry": {"type": "Polygon", "coordinates": [[[80.2349141, 13.0397086], [80.2349703, 13.0397374], [80.2350704, 13.0395524], [80.2350142, 13.0395236], [80.2349141, 13.0397086]]]}}, {"type": "Feature", "properties": {"osm_id": 354803672}, "geometry": {"type": "Polygon", "coordinates": [[[80.2378401, 13.0385211], [80.2379462, 13.0385076], [80.2379049, 13.0381961], [80.2377987, 13.0382095], [80.2378401, 13.0385211]]]}}, {"type": "Feature", "properties": {"osm_id": 354803694}, "geometry": {"type": "Polygon", "coordinates": [[[80.2368032, 13.0387064], [80.236981, 13.0386739], [80.2369689, 13.0386117], [80.2367912, 13.0386442], [80.2368032, 13.0387064]]]}}, {"type": "Feature", "properties": {"osm_id": 354803711}, "geometry": {"type": "Polygon", "coordinates": [[[80.2377731, 13.0382077], [80.2379108, 13.038187], [80.2378956, 13.0380916], [80.2377579, 13.0381123], [80.2377731, 13.0382077]]]}}, {"type": "Feature", "properties": {"osm_id": 354803744}, "geometry": {"type": "Polygon", "coordinates": [[[80.2373327, 13.0388821], [80.2374428, 13.0388643], [80.2374101, 13.0386725], [80.2373, 13.0386904], [80.2373327, 13.0388821]]]}}, {"type": "Feature", "properties": {"osm_id": 354803752}, "geometry": {"type": "Polygon", "coordinates": [[[80.2347458, 13.0399932], [80.2349672, 13.0399758], [80.2349594, 13.0398824], [80.2347381, 13.0398998], [80.2347458, 13.0399932]]]}}, {"type": "Feature", "properties": {"osm_id": 354803756}, "geometry": {"type": "Polygon", "coordinates": [[[80.2350116, 13.0400214], [80.2351438, 13.040011], [80.2351307, 13.0398531], [80.2349985, 13.0398636], [80.2350116, 13.0400214]]]}}, {"type": "Feature", "properties": {"osm_id": 354803805}, "geometry": {"type": "Polygon", "coordinates": [[[80.2376358, 13.0387286], [80.2377653, 13.0387144], [80.2377561, 13.038635], [80.2376266, 13.0386492], [80.2376358, 13.0387286]]]}}, {"type": "Feature", "properties": {"osm_id": 354803807}, "geometry": {"type": "Polygon", "coordinates": [[[80.2378764, 13.0388213], [80.2379974, 13.0388081], [80.2379781, 13.0386405], [80.2378571, 13.0386538], [80.2378764, 13.0388213]]]}}, {"type": "Feature", "properties": {"osm_id": 354803823}, "geometry": {"type": "Polygon", "coordinates": [[[80.236849, 13.0389634], [80.2370053, 13.0389463], [80.2369954, 13.0388608], [80.2368391, 13.0388779], [80.236849, 13.0389634]]]}}, {"type": "Feature", "properties": {"osm_id": 354803830}, "geometry": {"type": "Polygon", "coordinates": [[[80.2345009, 13.0395932], [80.2347531, 13.0397228], [80.2348293, 13.0395821], [80.2345771, 13.0394526], [80.2345009, 13.0395932]]]}}, {"type": "Feature", "properties": {"osm_id": 354803834}, "geometry": {"type": "Polygon", "coordinates": [[[80.2379536, 13.0392092], [80.2380627, 13.0391956], [80.2380448, 13.0390593], [80.2379357, 13.0390729], [80.2379536, 13.0392092]]]}}, {"type": "Feature", "properties": {"osm_id": 354803870}, "geometry": {"type": "Polygon", "coordinates": [[[80.2347523, 13.0401077], [80.2349623, 13.0400912], [80.2349538, 13.0399887], [80.2347438, 13.0400052], [80.2347523, 13.0401077]]]}}, {"type": "Feature", "properties": {"osm_id": 354803876}, "geometry": {"type": "Polygon", "coordinates": [[[80.2350695, 13.0401495], [80.2351793, 13.0401409], [80.2351702, 13.0400305], [80.2350603, 13.0400391], [80.2350695, 13.0401495]]]}}, {"type": "Feature", "properties": {"osm_id": 354803882}, "geometry": {"type": "Polygon", "coordinates": [[[80.2346703, 13.0398721], [80.234695, 13.0398946], [80.234902, 13.0398592], [80.2349591, 13.039764], [80.234789, 13.0396861], [80.2346703, 13.0398721]]]}}, {"type": "Feature", "properties": {"osm_id": 354803889}, "geometry": {"type": "Polygon", "coordinates": [[[80.2374394, 13.0386932], [80.2375525, 13.0386808], [80.2375448, 13.0386141], [80.2376414, 13.0386035], [80.2376353, 13.0385511], [80.237616, 13.0385532], [80.2376137, 13.0385335], [80.2375989, 13.0385351], [80.2375973, 13.0385216], [80.2374218, 13.0385408], [80.2374394, 13.0386932]]]}}, {"type": "Feature", "properties": {"osm_id": 354803893}, "geometry": {"type": "Polygon", "coordinates": [[[80.2353183, 13.0398185], [80.2354438, 13.0398086], [80.235441, 13.0397755], [80.2354865, 13.0397719], [80.2354804, 13.0396975], [80.2353094, 13.039711], [80.2353183, 13.0398185]]]}}, {"type": "Feature", "properties": {"osm_id": 354803898}, "geometry": {"type": "Polygon", "coordinates": [[[80.2371922, 13.0383051], [80.2373256, 13.0382907], [80.2373136, 13.0381864], [80.2372731, 13.0381908], [80.2372664, 13.0381321], [80.2371735, 13.0381422], [80.2371922, 13.0383051]]]}}, {"type": "Feature", "properties": {"osm_id": 354803910}, "geometry": {"type": "Polygon", "coordinates": [[[80.2344085, 13.0397028], [80.2346492, 13.0398264], [80.2347076, 13.0397183], [80.234467, 13.0395947], [80.234444, 13.0396373], [80.2344661, 13.0396487], [80.2344517, 13.0396754], [80.2344295, 13.039664], [80.2344085, 13.0397028]]]}}, {"type": "Feature", "properties": {"osm_id": 354803918}, "geometry": {"type": "Polygon", "coordinates": [[[80.2374203, 13.0381319], [80.2374827, 13.0381239], [80.2374785, 13.0380932], [80.2375189, 13.038088], [80.2375145, 13.038056], [80.2375616, 13.0380499], [80.2375395, 13.0378884], [80.2373896, 13.0379078], [80.2374203, 13.0381319]]]}}, {"type": "Feature", "properties": {"osm_id": 354852162}, "geometry": {"type": "Polygon", "coordinates": [[[80.2333184, 13.0386008], [80.2335133, 13.0385687], [80.2334972, 13.0384759], [80.2333023, 13.038508], [80.2333184, 13.0386008]]]}}, {"type": "Feature", "properties": {"osm_id": 354852179}, "geometry": {"type": "Polygon", "coordinates": [[[80.2337162, 13.0391464], [80.2337987, 13.039139], [80.2337211, 13.0386776], [80.2336458, 13.0386855], [80.2337162, 13.0391464]]]}}, {"type": "Feature", "properties": {"osm_id": 354852182}, "geometry": {"type": "Polygon", "coordinates": [[[80.2329781, 13.0386689], [80.2330951, 13.0386496], [80.2330724, 13.0385185], [80.2329553, 13.0385378], [80.2329781, 13.0386689]]]}}, {"type": "Feature", "properties": {"osm_id": 354852203}, "geometry": {"type": "Polygon", "coordinates": [[[80.2331487, 13.0386808], [80.2333136, 13.0386536], [80.2332942, 13.0385418], [80.2331292, 13.038569], [80.2331487, 13.0386808]]]}}, {"type": "Feature", "properties": {"osm_id": 354852214}, "geometry": {"type": "Polygon", "coordinates": [[[80.2329943, 13.0397192], [80.2331262, 13.0397038], [80.2331065, 13.0395434], [80.2330074, 13.0395549], [80.2330142, 13.03961], [80.2329993, 13.0396117], [80.2330042, 13.039652], [80.2329863, 13.0396541], [80.2329943, 13.0397192]]]}}, {"type": "Feature", "properties": {"osm_id": 354852227}, "geometry": {"type": "Polygon", "coordinates": [[[80.2329985, 13.0387804], [80.2331281, 13.0387577], [80.2331114, 13.038667], [80.2329818, 13.0386897], [80.2329985, 13.0387804]]]}}, {"type": "Feature", "properties": {"osm_id": 354852236}, "geometry": {"type": "Polygon", "coordinates": [[[80.2338103, 13.0387171], [80.2338978, 13.0387092], [80.2338886, 13.0386117], [80.2338011, 13.0386195], [80.2338103, 13.0387171]]]}}, {"type": "Feature", "properties": {"osm_id": 354852247}, "geometry": {"type": "Polygon", "coordinates": [[[80.2329271, 13.0400919], [80.2330147, 13.0400732], [80.2329422, 13.0397507], [80.2328545, 13.0397694], [80.2329271, 13.0400919]]]}}, {"type": "Feature", "properties": {"osm_id": 354852252}, "geometry": {"type": "Polygon", "coordinates": [[[80.2341047, 13.0382201], [80.234209, 13.038204], [80.2341957, 13.0381225], [80.2340967, 13.0381412], [80.2341047, 13.0382201]]]}}, {"type": "Feature", "properties": {"osm_id": 354852273}, "geometry": {"type": "Polygon", "coordinates": [[[80.233735, 13.0383546], [80.2338189, 13.0383471], [80.2338068, 13.0382192], [80.233723, 13.0382267], [80.233735, 13.0383546]]]}}, {"type": "Feature", "properties": {"osm_id": 354852301}, "geometry": {"type": "Polygon", "coordinates": [[[80.233933, 13.0388018], [80.2341023, 13.0387852], [80.234085, 13.0386178], [80.2339157, 13.0386345], [80.233933, 13.0388018]]]}}, {"type": "Feature", "properties": {"osm_id": 354852384}, "geometry": {"type": "Polygon", "coordinates": [[[80.2330407, 13.0382022], [80.2331307, 13.0381834], [80.233104, 13.0380622], [80.233014, 13.0380809], [80.2330407, 13.0382022]]]}}, {"type": "Feature", "properties": {"osm_id": 354852395}, "geometry": {"type": "Polygon", "coordinates": [[[80.2334539, 13.0388912], [80.2335727, 13.0388805], [80.2335647, 13.0387961], [80.233446, 13.0388067], [80.2334539, 13.0388912]]]}}, {"type": "Feature", "properties": {"osm_id": 354852411}, "geometry": {"type": "Polygon", "coordinates": [[[80.2338423, 13.0391678], [80.2339338, 13.0391596], [80.2339197, 13.0390097], [80.2338282, 13.0390179], [80.2338423, 13.0391678]]]}}, {"type": "Feature", "properties": {"osm_id": 354852436}, "geometry": {"type": "Polygon", "coordinates": [[[80.2329167, 13.0382151], [80.2330036, 13.0381969], [80.2329774, 13.0380776], [80.2328905, 13.0380957], [80.2329167, 13.0382151]]]}}, {"type": "Feature", "properties": {"osm_id": 354852439}, "geometry": {"type": "Polygon", "coordinates": [[[80.2338712, 13.0384027], [80.2339544, 13.0383898], [80.2339328, 13.0382573], [80.2338496, 13.0382702], [80.2338712, 13.0384027]]]}}, {"type": "Feature", "properties": {"osm_id": 354852446}, "geometry": {"type": "Polygon", "coordinates": [[[80.2335146, 13.0392317], [80.2335911, 13.0392248], [80.2335637, 13.0389343], [80.2334873, 13.0389412], [80.2335146, 13.0392317]]]}}, {"type": "Feature", "properties": {"osm_id": 354852463}, "geometry": {"type": "Polygon", "coordinates": [[[80.2338299, 13.038977], [80.233921, 13.0389689], [80.233898, 13.0387254], [80.233807, 13.0387335], [80.2338299, 13.038977]]]}}, {"type": "Feature", "properties": {"osm_id": 354852466}, "geometry": {"type": "Polygon", "coordinates": [[[80.2332759, 13.0388805], [80.2333682, 13.0388705], [80.2333619, 13.0388153], [80.2332696, 13.0388253], [80.2332759, 13.0388805]]]}}, {"type": "Feature", "properties": {"osm_id": 354852481}, "geometry": {"type": "Polygon", "coordinates": [[[80.2339953, 13.0383791], [80.2340974, 13.0383633], [80.2340792, 13.0382519], [80.2339771, 13.0382677], [80.2339953, 13.0383791]]]}}, {"type": "Feature", "properties": {"osm_id": 354852488}, "geometry": {"type": "Polygon", "coordinates": [[[80.2332028, 13.0404256], [80.2332913, 13.040409], [80.233195, 13.0399208], [80.2331066, 13.0399373], [80.2332028, 13.0404256]]]}}, {"type": "Feature", "properties": {"osm_id": 354852499}, "geometry": {"type": "Polygon", "coordinates": [[[80.2332806, 13.0389577], [80.2333841, 13.0389486], [80.2333789, 13.0388924], [80.2332754, 13.0389015], [80.2332806, 13.0389577]]]}}, {"type": "Feature", "properties": {"osm_id": 354852519}, "geometry": {"type": "Polygon", "coordinates": [[[80.2341594, 13.0387627], [80.2343005, 13.0387409], [80.2342812, 13.0386226], [80.2341401, 13.0386444], [80.2341594, 13.0387627]]]}}, {"type": "Feature", "properties": {"osm_id": 354852540}, "geometry": {"type": "Polygon", "coordinates": [[[80.2334045, 13.03813], [80.233544, 13.0381044], [80.2335364, 13.038065], [80.2335717, 13.0380585], [80.233563, 13.0380135], [80.2335277, 13.03802], [80.2335202, 13.0379815], [80.2333807, 13.0380071], [80.2334045, 13.03813]]]}}, {"type": "Feature", "properties": {"osm_id": 354852542}, "geometry": {"type": "Polygon", "coordinates": [[[80.2335461, 13.040264], [80.2337485, 13.0402251], [80.2337988, 13.0401286], [80.2335293, 13.0401639], [80.2335461, 13.040264]]]}}, {"type": "Feature", "properties": {"osm_id": 354852544}, "geometry": {"type": "Polygon", "coordinates": [[[80.2333632, 13.0383691], [80.2334841, 13.0383492], [80.2334658, 13.0382437], [80.2333449, 13.0382637], [80.2333632, 13.0383691]]]}}, {"type": "Feature", "properties": {"osm_id": 354852570}, "geometry": {"type": "Polygon", "coordinates": [[[80.2332867, 13.0384909], [80.2335008, 13.0384556], [80.2334872, 13.0383773], [80.2332731, 13.0384126], [80.2332867, 13.0384909]]]}}, {"type": "Feature", "properties": {"osm_id": 354852577}, "geometry": {"type": "Polygon", "coordinates": [[[80.2330016, 13.0380015], [80.2330886, 13.0379833], [80.2330432, 13.0377768], [80.2329562, 13.037795], [80.2330016, 13.0380015]]]}}, {"type": "Feature", "properties": {"osm_id": 354852588}, "geometry": {"type": "Polygon", "coordinates": [[[80.2334948, 13.0387736], [80.2335741, 13.0387665], [80.2335588, 13.038604], [80.2334795, 13.038611], [80.2334948, 13.0387736]]]}}, {"type": "Feature", "properties": {"osm_id": 354852624}, "geometry": {"type": "Polygon", "coordinates": [[[80.2331519, 13.0388023], [80.2333347, 13.0387741], [80.2333191, 13.038678], [80.2331363, 13.0387062], [80.2331519, 13.0388023]]]}}, {"type": "Feature", "properties": {"osm_id": 354852643}, "geometry": {"type": "Polygon", "coordinates": [[[80.2333689, 13.0402974], [80.2334682, 13.0402814], [80.2333969, 13.0398638], [80.2332977, 13.0398798], [80.2333689, 13.0402974]]]}}, {"type": "Feature", "properties": {"osm_id": 354852645}, "geometry": {"type": "Polygon", "coordinates": [[[80.2341337, 13.0384009], [80.2342244, 13.0383869], [80.2342036, 13.0382596], [80.234113, 13.0382736], [80.2341337, 13.0384009]]]}}, {"type": "Feature", "properties": {"osm_id": 354852653}, "geometry": {"type": "Polygon", "coordinates": [[[80.2337557, 13.0385491], [80.2338337, 13.0385421], [80.2338169, 13.0383636], [80.2337389, 13.0383706], [80.2337557, 13.0385491]]]}}, {"type": "Feature", "properties": {"osm_id": 354852677}, "geometry": {"type": "Polygon", "coordinates": [[[80.2330621, 13.0393427], [80.2332235, 13.0393172], [80.2332054, 13.0392085], [80.2330441, 13.0392339], [80.2330621, 13.0393427]]]}}, {"type": "Feature", "properties": {"osm_id": 354852679}, "geometry": {"type": "Polygon", "coordinates": [[[80.2341409, 13.0385648], [80.2342749, 13.0385441], [80.2342583, 13.0384428], [80.2341244, 13.0384635], [80.2341409, 13.0385648]]]}}, {"type": "Feature", "properties": {"osm_id": 354852683}, "geometry": {"type": "Polygon", "coordinates": [[[80.2341102, 13.0388765], [80.2342542, 13.0388528], [80.2342408, 13.0387757], [80.2340968, 13.0387994], [80.2341102, 13.0388765]]]}}, {"type": "Feature", "properties": {"osm_id": 354852706}, "geometry": {"type": "Polygon", "coordinates": [[[80.2333601, 13.0392722], [80.2334342, 13.0392596], [80.2333867, 13.0389943], [80.2333126, 13.0390069], [80.2333601, 13.0392722]]]}}, {"type": "Feature", "properties": {"osm_id": 354852714}, "geometry": {"type": "Polygon", "coordinates": [[[80.2333511, 13.0387626], [80.2334633, 13.0387441], [80.2334415, 13.038619], [80.2333293, 13.0386375], [80.2333511, 13.0387626]]]}}, {"type": "Feature", "properties": {"osm_id": 354985172}, "geometry": {"type": "Polygon", "coordinates": [[[80.2336052, 13.0399569], [80.233713, 13.0400279], [80.2336842, 13.0400693], [80.2337478, 13.0401113], [80.2337943, 13.0400443], [80.2338375, 13.0400728], [80.2340471, 13.0397713], [80.2338903, 13.0396679], [80.2337624, 13.0398521], [80.2337045, 13.0398139], [80.2336052, 13.0399569]]]}}, {"type": "Feature", "properties": {"osm_id": 354985184}, "geometry": {"type": "Polygon", "coordinates": [[[80.234074, 13.0408847], [80.2341277, 13.0408778], [80.2341325, 13.0409136], [80.234154, 13.040938], [80.2341827, 13.0409479], [80.2342113, 13.0409432], [80.2342171, 13.0409859], [80.2345396, 13.0409448], [80.2345247, 13.0408357], [80.234308, 13.0408569], [80.2344001, 13.0407328], [80.2342884, 13.0406586], [80.2341929, 13.0407625], [80.2341556, 13.0404182], [80.2340138, 13.0404362], [80.234074, 13.0408847]]]}}, {"type": "Feature", "properties": {"osm_id": 354985257}, "geometry": {"type": "Polygon", "coordinates": [[[80.2336569, 13.0397945], [80.2337733, 13.0397781], [80.2337465, 13.0395983], [80.2336301, 13.0396147], [80.2336569, 13.0397945]]]}}, {"type": "Feature", "properties": {"osm_id": 354985269}, "geometry": {"type": "Polygon", "coordinates": [[[80.2330278, 13.0425717], [80.2331702, 13.0425411], [80.2330928, 13.0421996], [80.2329503, 13.0422303], [80.2330278, 13.0425717]]]}}, {"type": "Feature", "properties": {"osm_id": 354985332}, "geometry": {"type": "Polygon", "coordinates": [[[80.2334905, 13.0427192], [80.2336107, 13.0426933], [80.2335731, 13.0425278], [80.233453, 13.0425537], [80.2334905, 13.0427192]]]}}, {"type": "Feature", "properties": {"osm_id": 354985361}, "geometry": {"type": "Polygon", "coordinates": [[[80.2331491, 13.042784], [80.2332931, 13.042753], [80.2332669, 13.0426375], [80.2331229, 13.0426685], [80.2331491, 13.042784]]]}}, {"type": "Feature", "properties": {"osm_id": 354985366}, "geometry": {"type": "Polygon", "coordinates": [[[80.233432, 13.042508], [80.2335938, 13.0424732], [80.2335173, 13.0421358], [80.2333555, 13.0421707], [80.233432, 13.042508]]]}}, {"type": "Feature", "properties": {"osm_id": 354985372}, "geometry": {"type": "Polygon", "coordinates": [[[80.2334364, 13.0396179], [80.2335068, 13.0396051], [80.233467, 13.0393974], [80.2333966, 13.0394103], [80.2334364, 13.0396179]]]}}, {"type": "Feature", "properties": {"osm_id": 354985460}, "geometry": {"type": "Polygon", "coordinates": [[[80.2333629, 13.0427642], [80.23347, 13.0427411], [80.2334253, 13.0425438], [80.2333182, 13.0425668], [80.2333629, 13.0427642]]]}}, {"type": "Feature", "properties": {"osm_id": 354985471}, "geometry": {"type": "Polygon", "coordinates": [[[80.233642, 13.0395884], [80.2337433, 13.0395765], [80.2337117, 13.0393208], [80.2336103, 13.0393327], [80.233642, 13.0395884]]]}}, {"type": "Feature", "properties": {"osm_id": 354985486}, "geometry": {"type": "Polygon", "coordinates": [[[80.233008, 13.0427931], [80.2331245, 13.042768], [80.2330855, 13.0425957], [80.232969, 13.0426208], [80.233008, 13.0427931]]]}}, {"type": "Feature", "properties": {"osm_id": 354985507}, "geometry": {"type": "Polygon", "coordinates": [[[80.2332637, 13.039676], [80.233348, 13.0396606], [80.2332982, 13.0394012], [80.2332139, 13.0394165], [80.2332637, 13.039676]]]}}, {"type": "Feature", "properties": {"osm_id": 354985513}, "geometry": {"type": "Polygon", "coordinates": [[[80.2336799, 13.0424502], [80.2338647, 13.0424104], [80.2337897, 13.0420793], [80.2336049, 13.0421191], [80.2336799, 13.0424502]]]}}, {"type": "Feature", "properties": {"osm_id": 355091545}, "geometry": {"type": "Polygon", "coordinates": [[[80.2361283, 13.0425222], [80.2362498, 13.0425878], [80.2362765, 13.0425409], [80.236294, 13.0425503], [80.2363166, 13.0425106], [80.2363006, 13.042502], [80.2364225, 13.0422878], [80.2363021, 13.0422228], [80.2361785, 13.0424401], [80.2361668, 13.0424338], [80.236137, 13.0424863], [80.236146, 13.0424911], [80.2361283, 13.0425222]]]}}, {"type": "Feature", "properties": {"osm_id": 355091557}, "geometry": {"type": "Polygon", "coordinates": [[[80.2376151, 13.0424023], [80.2376487, 13.042399], [80.2376512, 13.0424229], [80.2376707, 13.042421], [80.2376735, 13.0424485], [80.23769, 13.0424469], [80.2376953, 13.0424975], [80.2377025, 13.0424968], [80.2377038, 13.0425089], [80.2377176, 13.0425075], [80.2377196, 13.0425263], [80.2377326, 13.042525], [80.2377362, 13.0425596], [80.2377418, 13.042559], [80.2377428, 13.0425682], [80.2377574, 13.0425667], [80.2377589, 13.042581], [80.2377679, 13.0425801], [80.2377692, 13.0425928], [80.2378005, 13.0425897], [80.2378054, 13.0426373], [80.2378574, 13.0426322], [80.2378215, 13.042287], [80.2376053, 13.0423083], [80.2376151, 13.0424023]]]}}, {"type": "Feature", "properties": {"osm_id": 355091571}, "geometry": {"type": "Polygon", "coordinates": [[[80.2372269, 13.0422534], [80.2373147, 13.0422465], [80.2372957, 13.0420141], [80.2372079, 13.0420209], [80.2372269, 13.0422534]]]}}, {"type": "Feature", "properties": {"osm_id": 355091572}, "geometry": {"type": "Polygon", "coordinates": [[[80.236469, 13.04272], [80.2365559, 13.0427694], [80.2366453, 13.0426203], [80.2365584, 13.0425709], [80.236469, 13.04272]]]}}, {"type": "Feature", "properties": {"osm_id": 355091574}, "geometry": {"type": "Polygon", "coordinates": [[[80.2368491, 13.0420799], [80.236948, 13.042076], [80.2369449, 13.0420014], [80.236846, 13.0420053], [80.2368491, 13.0420799]]]}}, {"type": "Feature", "properties": {"osm_id": 355091583}, "geometry": {"type": "Polygon", "coordinates": [[[80.237366, 13.0422477], [80.2375232, 13.0422411], [80.2375118, 13.0419855], [80.2373547, 13.0419921], [80.237366, 13.0422477]]]}}, {"type": "Feature", "properties": {"osm_id": 355091602}, "geometry": {"type": "Polygon", "coordinates": [[[80.2368635, 13.0423081], [80.2371447, 13.0422863], [80.2371317, 13.0421273], [80.2368505, 13.0421491], [80.2368635, 13.0423081]]]}}, {"type": "Feature", "properties": {"osm_id": 355091628}, "geometry": {"type": "Polygon", "coordinates": [[[80.2370353, 13.0424759], [80.237136, 13.0425282], [80.2371871, 13.042435], [80.2370864, 13.0423826], [80.2370353, 13.0424759]]]}}, {"type": "Feature", "properties": {"osm_id": 355091631}, "geometry": {"type": "Polygon", "coordinates": [[[80.2374783, 13.0428163], [80.2375978, 13.0428784], [80.2376463, 13.0427899], [80.2375268, 13.0427278], [80.2374783, 13.0428163]]]}}, {"type": "Feature", "properties": {"osm_id": 355091638}, "geometry": {"type": "Polygon", "coordinates": [[[80.2371954, 13.0425125], [80.2373122, 13.0425733], [80.2373918, 13.0424281], [80.2372749, 13.0423673], [80.2371954, 13.0425125]]]}}, {"type": "Feature", "properties": {"osm_id": 355091641}, "geometry": {"type": "Polygon", "coordinates": [[[80.237403, 13.0429313], [80.2375004, 13.0429819], [80.2375534, 13.0428851], [80.2374561, 13.0428345], [80.237403, 13.0429313]]]}}, {"type": "Feature", "properties": {"osm_id": 355091649}, "geometry": {"type": "Polygon", "coordinates": [[[80.2373483, 13.0425392], [80.2374434, 13.0425886], [80.237519, 13.0424507], [80.2374239, 13.0424013], [80.2373483, 13.0425392]]]}}, {"type": "Feature", "properties": {"osm_id": 355091654}, "geometry": {"type": "Polygon", "coordinates": [[[80.2371573, 13.0428994], [80.2373169, 13.0429824], [80.2373971, 13.0428361], [80.2372375, 13.0427531], [80.2371573, 13.0428994]]]}}, {"type": "Feature", "properties": {"osm_id": 355091656}, "geometry": {"type": "Polygon", "coordinates": [[[80.2378809, 13.0420609], [80.2379844, 13.0420534], [80.2379749, 13.0419284], [80.2378714, 13.0419358], [80.2378809, 13.0420609]]]}}, {"type": "Feature", "properties": {"osm_id": 355091663}, "geometry": {"type": "Polygon", "coordinates": [[[80.2372751, 13.0427068], [80.2374489, 13.0427971], [80.237523, 13.0426619], [80.2373493, 13.0425715], [80.2372751, 13.0427068]]]}}, {"type": "Feature", "properties": {"osm_id": 355091681}, "geometry": {"type": "Polygon", "coordinates": [[[80.2380083, 13.0420963], [80.2381693, 13.0420841], [80.238153, 13.0418791], [80.2379921, 13.0418913], [80.2380083, 13.0420963]]]}}, {"type": "Feature", "properties": {"osm_id": 355091714}, "geometry": {"type": "Polygon", "coordinates": [[[80.2370587, 13.0431087], [80.2371891, 13.0431696], [80.2372751, 13.0429947], [80.2371447, 13.0429338], [80.2370587, 13.0431087]]]}}, {"type": "Feature", "properties": {"osm_id": 355091721}, "geometry": {"type": "Polygon", "coordinates": [[[80.2366681, 13.0421438], [80.2367958, 13.0421339], [80.23679, 13.0420633], [80.2366623, 13.0420732], [80.2366681, 13.0421438]]]}}, {"type": "Feature", "properties": {"osm_id": 355091728}, "geometry": {"type": "Polygon", "coordinates": [[[80.2379098, 13.0425601], [80.2380057, 13.042555], [80.2379893, 13.0422568], [80.2378934, 13.0422618], [80.2379098, 13.0425601]]]}}, {"type": "Feature", "properties": {"osm_id": 355091730}, "geometry": {"type": "Polygon", "coordinates": [[[80.2365992, 13.042558], [80.2367045, 13.0426121], [80.2368159, 13.0424063], [80.2367106, 13.0423522], [80.2365992, 13.042558]]]}}, {"type": "Feature", "properties": {"osm_id": 355091731}, "geometry": {"type": "Polygon", "coordinates": [[[80.23638, 13.0426072], [80.2364477, 13.0426408], [80.2364795, 13.0425801], [80.2364118, 13.0425464], [80.23638, 13.0426072]]]}}, {"type": "Feature", "properties": {"osm_id": 355091735}, "geometry": {"type": "Polygon", "coordinates": [[[80.23667, 13.042262], [80.2368104, 13.0422512], [80.2368028, 13.0421578], [80.2366624, 13.0421687], [80.23667, 13.042262]]]}}, {"type": "Feature", "properties": {"osm_id": 355091740}, "geometry": {"type": "Polygon", "coordinates": [[[80.2365048, 13.0424616], [80.2365559, 13.0424915], [80.2365986, 13.0424222], [80.2365475, 13.0423923], [80.2365048, 13.0424616]]]}}, {"type": "Feature", "properties": {"osm_id": 355091744}, "geometry": {"type": "Polygon", "coordinates": [[[80.2366802, 13.0423524], [80.2368218, 13.0423414], [80.2368157, 13.0422666], [80.2366741, 13.0422776], [80.2366802, 13.0423524]]]}}, {"type": "Feature", "properties": {"osm_id": 355091747}, "geometry": {"type": "Polygon", "coordinates": [[[80.2369652, 13.0420769], [80.2371142, 13.0420637], [80.2371071, 13.0419873], [80.2369581, 13.0420005], [80.2369652, 13.0420769]]]}}, {"type": "Feature", "properties": {"osm_id": 355091749}, "geometry": {"type": "Polygon", "coordinates": [[[80.2365133, 13.0423624], [80.2366227, 13.0423539], [80.2366027, 13.042109], [80.2364933, 13.0421175], [80.2365133, 13.0423624]]]}}, {"type": "Feature", "properties": {"osm_id": 355091762}, "geometry": {"type": "Polygon", "coordinates": [[[80.2378951, 13.042161], [80.2379336, 13.042159], [80.2379359, 13.0422008], [80.2379882, 13.0421981], [80.2379815, 13.0420757], [80.2378907, 13.0420805], [80.2378951, 13.042161]]]}}, {"type": "Feature", "properties": {"osm_id": 355091763}, "geometry": {"type": "Polygon", "coordinates": [[[80.2366493, 13.042837], [80.2366881, 13.0428569], [80.236699, 13.0428369], [80.2367368, 13.0428563], [80.2368046, 13.0427312], [80.2367279, 13.0426918], [80.2366493, 13.042837]]]}}, {"type": "Feature", "properties": {"osm_id": 355091767}, "geometry": {"type": "Polygon", "coordinates": [[[80.2368461, 13.0429908], [80.236933, 13.0428603], [80.2369163, 13.0428497], [80.2369414, 13.042812], [80.2368519, 13.0427554], [80.2367399, 13.0429236], [80.2368461, 13.0429908]]]}}, {"type": "Feature", "properties": {"osm_id": 355600664}, "geometry": {"type": "Polygon", "coordinates": [[[80.2340152, 13.0380408], [80.2341418, 13.0380177], [80.2341139, 13.0378724], [80.2339873, 13.0378956], [80.2340152, 13.0380408]]]}}, {"type": "Feature", "properties": {"osm_id": 355614942}, "geometry": {"type": "Polygon", "coordinates": [[[80.2349614, 13.038148], [80.2349964, 13.0381596], [80.2350234, 13.0381416], [80.2350307, 13.0381146], [80.2350307, 13.0380927], [80.2351428, 13.0379289], [80.2351598, 13.0379203], [80.2351632, 13.0378865], [80.2351547, 13.0378615], [80.235121, 13.0378659], [80.2350907, 13.0378415], [80.2348824, 13.0378887], [80.2349278, 13.0380793], [80.2349509, 13.0381017], [80.2349542, 13.0381204], [80.2349614, 13.038148]]]}}, {"type": "Feature", "properties": {"osm_id": 355614963}, "geometry": {"type": "Polygon", "coordinates": [[[80.234922, 13.0391259], [80.2351607, 13.0392551], [80.2352392, 13.0391176], [80.2350004, 13.0389883], [80.234922, 13.0391259]]]}}, {"type": "Feature", "properties": {"osm_id": 355615088}, "geometry": {"type": "Polygon", "coordinates": [[[80.2364224, 13.0388722], [80.2367418, 13.0388327], [80.2367211, 13.0386745], [80.2364017, 13.0387141], [80.2364224, 13.0388722]]]}}, {"type": "Feature", "properties": {"osm_id": 355615107}, "geometry": {"type": "Polygon", "coordinates": [[[80.2357992, 13.0391361], [80.2359177, 13.0391215], [80.2358981, 13.0389707], [80.2357796, 13.0389853], [80.2357992, 13.0391361]]]}}, {"type": "Feature", "properties": {"osm_id": 355615111}, "geometry": {"type": "Polygon", "coordinates": [[[80.2354066, 13.0390675], [80.2355096, 13.0391233], [80.2355736, 13.0390112], [80.2354706, 13.0389554], [80.2354066, 13.0390675]]]}}, {"type": "Feature", "properties": {"osm_id": 355615128}, "geometry": {"type": "Polygon", "coordinates": [[[80.2361695, 13.0387179], [80.236243, 13.0387391], [80.2362813, 13.0386128], [80.2362077, 13.0385916], [80.2361695, 13.0387179]]]}}, {"type": "Feature", "properties": {"osm_id": 355615132}, "geometry": {"type": "Polygon", "coordinates": [[[80.2361647, 13.038554], [80.2362831, 13.0385776], [80.236295, 13.0385211], [80.2361766, 13.0384975], [80.2361647, 13.038554]]]}}, {"type": "Feature", "properties": {"osm_id": 355615136}, "geometry": {"type": "Polygon", "coordinates": [[[80.2352104, 13.0384791], [80.235556, 13.0387322], [80.2356389, 13.0386248], [80.2352933, 13.0383717], [80.2352104, 13.0384791]]]}}, {"type": "Feature", "properties": {"osm_id": 355615172}, "geometry": {"type": "Polygon", "coordinates": [[[80.2344303, 13.0385833], [80.2345441, 13.0385624], [80.2345266, 13.0384722], [80.2344128, 13.0384931], [80.2344303, 13.0385833]]]}}, {"type": "Feature", "properties": {"osm_id": 355615191}, "geometry": {"type": "Polygon", "coordinates": [[[80.2354253, 13.0388676], [80.2355469, 13.0389335], [80.2356016, 13.0388376], [80.23548, 13.0387718], [80.2354253, 13.0388676]]]}}, {"type": "Feature", "properties": {"osm_id": 355615196}, "geometry": {"type": "Polygon", "coordinates": [[[80.2343289, 13.0381078], [80.2345238, 13.0380715], [80.2345089, 13.0379959], [80.234314, 13.0380322], [80.2343289, 13.0381078]]]}}, {"type": "Feature", "properties": {"osm_id": 355615206}, "geometry": {"type": "Polygon", "coordinates": [[[80.2356575, 13.0391766], [80.2357428, 13.0391644], [80.2357186, 13.0390027], [80.2356333, 13.0390148], [80.2356575, 13.0391766]]]}}, {"type": "Feature", "properties": {"osm_id": 355615225}, "geometry": {"type": "Polygon", "coordinates": [[[80.2352462, 13.038774], [80.2353995, 13.038857], [80.2354505, 13.0387677], [80.2352972, 13.0386847], [80.2352462, 13.038774]]]}}, {"type": "Feature", "properties": {"osm_id": 355615250}, "geometry": {"type": "Polygon", "coordinates": [[[80.236312, 13.0387117], [80.2364157, 13.0387082], [80.2364128, 13.0385723], [80.2363091, 13.0385758], [80.236312, 13.0387117]]]}}, {"type": "Feature", "properties": {"osm_id": 355615263}, "geometry": {"type": "Polygon", "coordinates": [[[80.2345471, 13.0380878], [80.2346395, 13.0380692], [80.234591, 13.0378403], [80.2344986, 13.0378589], [80.2345471, 13.0380878]]]}}, {"type": "Feature", "properties": {"osm_id": 355615304}, "geometry": {"type": "Polygon", "coordinates": [[[80.2364493, 13.0385884], [80.2365265, 13.0385923], [80.2365288, 13.038549], [80.2364516, 13.0385451], [80.2364493, 13.0385884]]]}}, {"type": "Feature", "properties": {"osm_id": 355615337}, "geometry": {"type": "Polygon", "coordinates": [[[80.2346879, 13.0380569], [80.2347694, 13.0380402], [80.2347191, 13.0378067], [80.2346376, 13.0378234], [80.2346879, 13.0380569]]]}}, {"type": "Feature", "properties": {"osm_id": 355615379}, "geometry": {"type": "Polygon", "coordinates": [[[80.236337, 13.0385523], [80.2364088, 13.0385644], [80.2364368, 13.0384072], [80.236365, 13.0383951], [80.236337, 13.0385523]]]}}, {"type": "Feature", "properties": {"osm_id": 355615384}, "geometry": {"type": "Polygon", "coordinates": [[[80.235277, 13.0390012], [80.2353941, 13.0390646], [80.2354505, 13.0389658], [80.2353334, 13.0389024], [80.235277, 13.0390012]]]}}, {"type": "Feature", "properties": {"osm_id": 355615416}, "geometry": {"type": "Polygon", "coordinates": [[[80.2362235, 13.038475], [80.236313, 13.0384968], [80.2363416, 13.0383854], [80.236252, 13.0383636], [80.2362235, 13.038475]]]}}, {"type": "Feature", "properties": {"osm_id": 355615426}, "geometry": {"type": "Polygon", "coordinates": [[[80.2350895, 13.0388585], [80.2352776, 13.0389604], [80.2353218, 13.0388831], [80.2351337, 13.0387812], [80.2350895, 13.0388585]]]}}, {"type": "Feature", "properties": {"osm_id": 355615438}, "geometry": {"type": "Polygon", "coordinates": [[[80.2356451, 13.0384605], [80.2357421, 13.0385222], [80.2358032, 13.0384372], [80.2357015, 13.03838], [80.2356451, 13.0384605]]]}}, {"type": "Feature", "properties": {"osm_id": 355615463}, "geometry": {"type": "Polygon", "coordinates": [[[80.2344219, 13.0384651], [80.2345015, 13.0384488], [80.2344679, 13.0382935], [80.2343883, 13.0383098], [80.2344219, 13.0384651]]]}}, {"type": "Feature", "properties": {"osm_id": 355615472}, "geometry": {"type": "Polygon", "coordinates": [[[80.2357963, 13.0382957], [80.2358882, 13.0383507], [80.235974, 13.0382145], [80.2358821, 13.0381595], [80.2357963, 13.0382957]]]}}, {"type": "Feature", "properties": {"osm_id": 355615481}, "geometry": {"type": "Polygon", "coordinates": [[[80.2351412, 13.039352], [80.2352403, 13.0394077], [80.2354276, 13.0390916], [80.2353285, 13.0390359], [80.2351412, 13.039352]]]}}, {"type": "Feature", "properties": {"osm_id": 355615531}, "geometry": {"type": "Polygon", "coordinates": [[[80.2346736, 13.0385281], [80.2347727, 13.0385048], [80.2348779, 13.0383434], [80.2348153, 13.0381453], [80.2345875, 13.0382341], [80.2346736, 13.0385281]]]}}, {"type": "Feature", "properties": {"osm_id": 355615564}, "geometry": {"type": "Polygon", "coordinates": [[[80.2359327, 13.0384765], [80.2360705, 13.0385467], [80.2361223, 13.0384503], [80.2360131, 13.0383947], [80.2359997, 13.0384196], [80.2359711, 13.038405], [80.2359327, 13.0384765]]]}}, {"type": "Feature", "properties": {"osm_id": 355615615}, "geometry": {"type": "Polygon", "coordinates": [[[80.2359834, 13.0390865], [80.2360872, 13.0390737], [80.2360565, 13.0388384], [80.2360457, 13.0388397], [80.2360434, 13.0388219], [80.2359745, 13.0388304], [80.2359767, 13.0388471], [80.2359525, 13.0388501], [80.2359834, 13.0390865]]]}}, {"type": "Feature", "properties": {"osm_id": 355615618}, "geometry": {"type": "Polygon", "coordinates": [[[80.2356914, 13.0387781], [80.2357333, 13.0387998], [80.2357484, 13.0387722], [80.2357709, 13.0387838], [80.2357817, 13.0387641], [80.2358399, 13.0387942], [80.2358932, 13.0386964], [80.2357705, 13.0386329], [80.2356914, 13.0387781]]]}}, {"type": "Feature", "properties": {"osm_id": 355626575}, "geometry": {"type": "Polygon", "coordinates": [[[80.2346095, 13.0424015], [80.2347428, 13.0424718], [80.234844, 13.0422896], [80.2348262, 13.0422802], [80.2348354, 13.0422635], [80.2347489, 13.0422179], [80.2347408, 13.0422326], [80.2347221, 13.0422228], [80.2347049, 13.0422537], [80.2346946, 13.0422483], [80.2346095, 13.0424015]]]}}, {"type": "Feature", "properties": {"osm_id": 355626577}, "geometry": {"type": "Polygon", "coordinates": [[[80.2344916, 13.042562], [80.2345887, 13.0425441], [80.2345614, 13.0424031], [80.2345387, 13.0424073], [80.2345287, 13.0423557], [80.234503, 13.0423604], [80.234498, 13.0423345], [80.2344897, 13.042336], [80.2344868, 13.0423208], [80.2344729, 13.0423233], [80.2344706, 13.0423117], [80.2344441, 13.0423165], [80.2344916, 13.042562]]]}}, {"type": "Feature", "properties": {"osm_id": 355626581}, "geometry": {"type": "Polygon", "coordinates": [[[80.2344666, 13.0416951], [80.2345088, 13.0417176], [80.2345175, 13.0417022], [80.2346282, 13.0417613], [80.2347102, 13.0416155], [80.2346969, 13.0416084], [80.2346859, 13.0416278], [80.2346492, 13.0416083], [80.2346428, 13.0416196], [80.2346117, 13.041603], [80.2345982, 13.0416271], [80.2345718, 13.0416131], [80.2345525, 13.0416474], [80.2345219, 13.0416311], [80.2344964, 13.0416764], [80.2344815, 13.0416685], [80.2344666, 13.0416951]]]}}, {"type": "Feature", "properties": {"osm_id": 355626584}, "geometry": {"type": "Polygon", "coordinates": [[[80.2357339, 13.0421831], [80.2358543, 13.0422594], [80.2358884, 13.0422063], [80.2359267, 13.0421653], [80.2359083, 13.0421514], [80.2358608, 13.0421056], [80.2358308, 13.0420892], [80.2357721, 13.0421006], [80.2357732, 13.0421234], [80.2357339, 13.0421831]]]}}, {"type": "Feature", "properties": {"osm_id": 355626599}, "geometry": {"type": "Polygon", "coordinates": [[[80.2352537, 13.0426284], [80.2353048, 13.0426585], [80.2353698, 13.0425539], [80.2353187, 13.0425238], [80.2352537, 13.0426284]]]}}, {"type": "Feature", "properties": {"osm_id": 355626601}, "geometry": {"type": "Polygon", "coordinates": [[[80.2371865, 13.0411223], [80.2372691, 13.0411105], [80.2372397, 13.0409152], [80.2371571, 13.040927], [80.2371865, 13.0411223]]]}}, {"type": "Feature", "properties": {"osm_id": 355626602}, "geometry": {"type": "Polygon", "coordinates": [[[80.23547, 13.0422252], [80.2355586, 13.0422747], [80.2356588, 13.0421043], [80.2355702, 13.0420548], [80.23547, 13.0422252]]]}}, {"type": "Feature", "properties": {"osm_id": 355626606}, "geometry": {"type": "Polygon", "coordinates": [[[80.2352218, 13.0430479], [80.2353532, 13.0431166], [80.2354295, 13.0429779], [80.2352981, 13.0429092], [80.2352218, 13.0430479]]]}}, {"type": "Feature", "properties": {"osm_id": 355626612}, "geometry": {"type": "Polygon", "coordinates": [[[80.2363706, 13.0412195], [80.2364732, 13.0412095], [80.2364629, 13.0411094], [80.2363603, 13.0411194], [80.2363706, 13.0412195]]]}}, {"type": "Feature", "properties": {"osm_id": 355626613}, "geometry": {"type": "Polygon", "coordinates": [[[80.2367326, 13.0410637], [80.236797, 13.0410578], [80.236789, 13.0409758], [80.2367247, 13.0409817], [80.2367326, 13.0410637]]]}}, {"type": "Feature", "properties": {"osm_id": 355626620}, "geometry": {"type": "Polygon", "coordinates": [[[80.2378834, 13.0409716], [80.2380873, 13.0409442], [80.2380672, 13.040811], [80.2378646, 13.040839], [80.2378834, 13.0409716]]]}}, {"type": "Feature", "properties": {"osm_id": 355626628}, "geometry": {"type": "Polygon", "coordinates": [[[80.2348406, 13.0430175], [80.234931, 13.0430012], [80.2348955, 13.0428144], [80.234805, 13.0428307], [80.2348406, 13.0430175]]]}}, {"type": "Feature", "properties": {"osm_id": 355626632}, "geometry": {"type": "Polygon", "coordinates": [[[80.236907, 13.0410535], [80.2370926, 13.041039], [80.2370837, 13.0409308], [80.2368981, 13.0409454], [80.236907, 13.0410535]]]}}, {"type": "Feature", "properties": {"osm_id": 355626639}, "geometry": {"type": "Polygon", "coordinates": [[[80.2350052, 13.0428033], [80.2351529, 13.0428902], [80.2352219, 13.042779], [80.2350743, 13.042692], [80.2350052, 13.0428033]]]}}, {"type": "Feature", "properties": {"osm_id": 355626644}, "geometry": {"type": "Polygon", "coordinates": [[[80.2353174, 13.0428796], [80.2354311, 13.042939], [80.2355433, 13.0427353], [80.2354295, 13.0426759], [80.2353174, 13.0428796]]]}}, {"type": "Feature", "properties": {"osm_id": 355626651}, "geometry": {"type": "Polygon", "coordinates": [[[80.2358718, 13.0429838], [80.236082, 13.0430958], [80.2361301, 13.0430101], [80.2359199, 13.0428981], [80.2358718, 13.0429838]]]}}, {"type": "Feature", "properties": {"osm_id": 355626653}, "geometry": {"type": "Polygon", "coordinates": [[[80.2348041, 13.0424677], [80.2349769, 13.0424201], [80.2350073, 13.0423765], [80.2349038, 13.0423213], [80.2348041, 13.0424677]]]}}, {"type": "Feature", "properties": {"osm_id": 355626657}, "geometry": {"type": "Polygon", "coordinates": [[[80.2368076, 13.041047], [80.2368759, 13.0410399], [80.2368663, 13.0409518], [80.2367979, 13.0409589], [80.2368076, 13.041047]]]}}, {"type": "Feature", "properties": {"osm_id": 355626659}, "geometry": {"type": "Polygon", "coordinates": [[[80.235255, 13.0421404], [80.2353955, 13.0422188], [80.2355167, 13.0420125], [80.2353202, 13.042026], [80.235255, 13.0421404]]]}}, {"type": "Feature", "properties": {"osm_id": 355626664}, "geometry": {"type": "Polygon", "coordinates": [[[80.2343533, 13.0424384], [80.23444, 13.0424274], [80.2344265, 13.0423273], [80.2343399, 13.0423384], [80.2343533, 13.0424384]]]}}, {"type": "Feature", "properties": {"osm_id": 355626681}, "geometry": {"type": "Polygon", "coordinates": [[[80.2354645, 13.0430042], [80.2355343, 13.0430407], [80.2355766, 13.0429638], [80.2355068, 13.0429273], [80.2354645, 13.0430042]]]}}, {"type": "Feature", "properties": {"osm_id": 355626696}, "geometry": {"type": "Polygon", "coordinates": [[[80.2347117, 13.0418112], [80.234812, 13.0418647], [80.2348683, 13.0417645], [80.2348929, 13.0417776], [80.234953, 13.0416707], [80.2348281, 13.0416041], [80.2347117, 13.0418112]]]}}, {"type": "Feature", "properties": {"osm_id": 355626699}, "geometry": {"type": "Polygon", "coordinates": [[[80.2349599, 13.0429894], [80.2350588, 13.0429766], [80.2350597, 13.0429512], [80.2351092, 13.0429403], [80.2349838, 13.0427805], [80.2349166, 13.0427951], [80.2349599, 13.0429894]]]}}, {"type": "Feature", "properties": {"osm_id": 355626701}, "geometry": {"type": "Polygon", "coordinates": [[[80.2351108, 13.0420801], [80.2352665, 13.0419735], [80.2352431, 13.0419411], [80.2352976, 13.0419038], [80.2352744, 13.0418717], [80.2350643, 13.0420157], [80.2351108, 13.0420801]]]}}, {"type": "Feature", "properties": {"osm_id": 355669577}, "geometry": {"type": "Polygon", "coordinates": [[[80.2365526, 13.0403253], [80.2366878, 13.0403023], [80.2366523, 13.0401051], [80.2365172, 13.0401282], [80.2365526, 13.0403253]]]}}, {"type": "Feature", "properties": {"osm_id": 355669579}, "geometry": {"type": "Polygon", "coordinates": [[[80.2367065, 13.0403144], [80.2368177, 13.0402957], [80.2367823, 13.0400958], [80.2366711, 13.0401145], [80.2367065, 13.0403144]]]}}, {"type": "Feature", "properties": {"osm_id": 387467598}, "geometry": {"type": "Polygon", "coordinates": [[[80.2376213, 13.0400278], [80.2376485, 13.0400244], [80.2376375, 13.0399413], [80.2375548, 13.0399517], [80.2375581, 13.0399762], [80.2375817, 13.0399732], [80.2375856, 13.0400028], [80.2376175, 13.0399987], [80.2376213, 13.0400278]]]}}, {"type": "Feature", "properties": {"osm_id": 477836333}, "geometry": {"type": "Polygon", "coordinates": [[[80.2333405, 13.0430912], [80.2333002, 13.04289], [80.2334612, 13.0428612], [80.2335014, 13.0430676], [80.2333405, 13.0430912]]]}}, {"type": "Feature", "properties": {"osm_id": 1064024294}, "geometry": {"type": "Polygon", "coordinates": [[[80.2374739, 13.0425789], [80.2375918, 13.0424592], [80.237663, 13.0425258], [80.2376053, 13.0425843], [80.2376354, 13.0426124], [80.2375751, 13.0426736], [80.2374739, 13.0425789]]]}}, {"type": "Feature", "properties": {"osm_id": 1064024295}, "geometry": {"type": "Polygon", "coordinates": [[[80.2369893, 13.0426087], [80.2370091, 13.0425747], [80.2371312, 13.0426418], [80.237061, 13.042763], [80.2369547, 13.0427045], [80.2370052, 13.0426174], [80.2369893, 13.0426087]]]}}, {"type": "Feature", "properties": {"osm_id": 1064024296}, "geometry": {"type": "Polygon", "coordinates": [[[80.2375909, 13.0421621], [80.2377088, 13.0421583], [80.2377123, 13.0422601], [80.2375944, 13.0422639], [80.2375909, 13.0421621]]]}}, {"type": "Feature", "properties": {"osm_id": 1169592003}, "geometry": {"type": "Polygon", "coordinates": [[[80.2375834, 13.0408744], [80.2376237, 13.0411278], [80.2375509, 13.0411388], [80.2375106, 13.0408854], [80.2375834, 13.0408744]]]}}, {"type": "Feature", "properties": {"osm_id": 1169592004}, "geometry": {"type": "Polygon", "coordinates": [[[80.2375834, 13.0408744], [80.2376532, 13.0408638], [80.2376938, 13.0411174], [80.2376237, 13.0411278], [80.2375834, 13.0408744]]]}}, {"type": "Feature", "properties": {"osm_id": 1169592005}, "geometry": {"type": "Polygon", "coordinates": [[[80.2376532, 13.0408638], [80.2377173, 13.0408539], [80.2377413, 13.0410035], [80.2377581, 13.0411079], [80.2376938, 13.0411174], [80.2376532, 13.0408638]]]}}, {"type": "Feature", "properties": {"osm_id": 1169592006}, "geometry": {"type": "Polygon", "coordinates": [[[80.2377173, 13.0408539], [80.2378646, 13.040839], [80.2378834, 13.0409716], [80.2378859, 13.0409893], [80.2377413, 13.0410035], [80.2377173, 13.0408539]]]}}, {"type": "Feature", "properties": {"osm_id": 1252873480}, "geometry": {"type": "Polygon", "coordinates": [[[80.2364177, 13.0379549], [80.2365625, 13.0380228], [80.2366027, 13.0379131], [80.2364686, 13.0378504], [80.2364177, 13.0379549]]]}}, {"type": "Feature", "properties": {"osm_id": 1551295383}, "geometry": {"type": "Polygon", "coordinates": [[[80.2340196, 13.0396566], [80.2341334, 13.0396448], [80.2341047, 13.0393817], [80.2340429, 13.0393632], [80.2339909, 13.0393935], [80.2340196, 13.0396566]]]}}, {"type": "Feature", "properties": {"osm_id": 28085867}, "geometry": {"type": "Polygon", "coordinates": [[[80.2401918, 13.0412748], [80.24047, 13.041232], [80.2404279, 13.0409594], [80.2401498, 13.0410023], [80.2401918, 13.0412748]]]}}, {"type": "Feature", "properties": {"osm_id": 354541019}, "geometry": {"type": "Polygon", "coordinates": [[[80.2421708, 13.0383658], [80.2422562, 13.0383601], [80.2422444, 13.0381941], [80.242159, 13.0381998], [80.2421708, 13.0383658]]]}}, {"type": "Feature", "properties": {"osm_id": 354541042}, "geometry": {"type": "Polygon", "coordinates": [[[80.2415092, 13.0390347], [80.2416836, 13.039015], [80.2416648, 13.0388574], [80.2414904, 13.038877], [80.2415092, 13.0390347]]]}}, {"type": "Feature", "properties": {"osm_id": 354541047}, "geometry": {"type": "Polygon", "coordinates": [[[80.2405698, 13.0392333], [80.2406939, 13.0392193], [80.2406827, 13.0391251], [80.2405586, 13.0391391], [80.2405698, 13.0392333]]]}}, {"type": "Feature", "properties": {"osm_id": 354541083}, "geometry": {"type": "Polygon", "coordinates": [[[80.2419413, 13.0384022], [80.2420953, 13.0383918], [80.2420896, 13.0383122], [80.2419357, 13.0383226], [80.2419413, 13.0384022]]]}}, {"type": "Feature", "properties": {"osm_id": 354541091}, "geometry": {"type": "Polygon", "coordinates": [[[80.2412276, 13.0388767], [80.2413322, 13.0388649], [80.2413003, 13.0385969], [80.2411957, 13.0386087], [80.2412276, 13.0388767]]]}}, {"type": "Feature", "properties": {"osm_id": 354541101}, "geometry": {"type": "Polygon", "coordinates": [[[80.2412586, 13.0391169], [80.2413653, 13.0391049], [80.2413456, 13.0389396], [80.2412389, 13.0389516], [80.2412586, 13.0391169]]]}}, {"type": "Feature", "properties": {"osm_id": 354541123}, "geometry": {"type": "Polygon", "coordinates": [[[80.2412887, 13.038472], [80.241389, 13.0384653], [80.2413804, 13.0383435], [80.2412801, 13.0383502], [80.2412887, 13.038472]]]}}, {"type": "Feature", "properties": {"osm_id": 354541147}, "geometry": {"type": "Polygon", "coordinates": [[[80.2413525, 13.0388049], [80.2414441, 13.0387946], [80.2414309, 13.0386832], [80.2413393, 13.0386935], [80.2413525, 13.0388049]]]}}, {"type": "Feature", "properties": {"osm_id": 354541172}, "geometry": {"type": "Polygon", "coordinates": [[[80.2412814, 13.0383339], [80.2414145, 13.0383249], [80.2414107, 13.0382715], [80.2412777, 13.0382805], [80.2412814, 13.0383339]]]}}, {"type": "Feature", "properties": {"osm_id": 354541182}, "geometry": {"type": "Polygon", "coordinates": [[[80.2404724, 13.0383362], [80.2405614, 13.0383248], [80.240534, 13.0381236], [80.2404451, 13.0381351], [80.2404724, 13.0383362]]]}}, {"type": "Feature", "properties": {"osm_id": 354541190}, "geometry": {"type": "Polygon", "coordinates": [[[80.2429635, 13.0393501], [80.2430139, 13.0393444], [80.2430073, 13.0392893], [80.2429569, 13.0392949], [80.2429635, 13.0393501]]]}}, {"type": "Feature", "properties": {"osm_id": 354541198}, "geometry": {"type": "Polygon", "coordinates": [[[80.241602, 13.0382257], [80.2417161, 13.0382181], [80.2417102, 13.0381339], [80.241596, 13.0381415], [80.241602, 13.0382257]]]}}, {"type": "Feature", "properties": {"osm_id": 354541204}, "geometry": {"type": "Polygon", "coordinates": [[[80.2403074, 13.0383905], [80.2404156, 13.0383765], [80.2403839, 13.0381433], [80.2402757, 13.0381573], [80.2403074, 13.0383905]]]}}, {"type": "Feature", "properties": {"osm_id": 354541205}, "geometry": {"type": "Polygon", "coordinates": [[[80.2423245, 13.0394327], [80.242471, 13.0394118], [80.2424551, 13.0393062], [80.2423087, 13.0393271], [80.2423245, 13.0394327]]]}}, {"type": "Feature", "properties": {"osm_id": 354541213}, "geometry": {"type": "Polygon", "coordinates": [[[80.2410442, 13.0385055], [80.2411112, 13.0384982], [80.2410955, 13.0383601], [80.2410285, 13.0383673], [80.2410442, 13.0385055]]]}}, {"type": "Feature", "properties": {"osm_id": 354541219}, "geometry": {"type": "Polygon", "coordinates": [[[80.2415967, 13.0381339], [80.2417075, 13.0381264], [80.2416989, 13.038006], [80.2415882, 13.0380134], [80.2415967, 13.0381339]]]}}, {"type": "Feature", "properties": {"osm_id": 354541221}, "geometry": {"type": "Polygon", "coordinates": [[[80.2422912, 13.0393293], [80.2424283, 13.0393093], [80.2424071, 13.0391716], [80.24227, 13.0391916], [80.2422912, 13.0393293]]]}}, {"type": "Feature", "properties": {"osm_id": 354541224}, "geometry": {"type": "Polygon", "coordinates": [[[80.2429838, 13.0389509], [80.2431888, 13.0389278], [80.2431645, 13.0387235], [80.2429595, 13.0387466], [80.2429838, 13.0389509]]]}}, {"type": "Feature", "properties": {"osm_id": 354541246}, "geometry": {"type": "Polygon", "coordinates": [[[80.2414464, 13.0393761], [80.2415714, 13.0393693], [80.241566, 13.039273], [80.2414409, 13.0392797], [80.2414464, 13.0393761]]]}}, {"type": "Feature", "properties": {"osm_id": 354541254}, "geometry": {"type": "Polygon", "coordinates": [[[80.2427582, 13.0389638], [80.2429424, 13.038943], [80.2429152, 13.0387145], [80.242731, 13.0387353], [80.2427582, 13.0389638]]]}}, {"type": "Feature", "properties": {"osm_id": 354541272}, "geometry": {"type": "Polygon", "coordinates": [[[80.2424533, 13.0383769], [80.2425799, 13.0383612], [80.2425596, 13.0382061], [80.2424331, 13.0382217], [80.2424533, 13.0383769]]]}}, {"type": "Feature", "properties": {"osm_id": 354541273}, "geometry": {"type": "Polygon", "coordinates": [[[80.2413076, 13.0395479], [80.2413974, 13.0395405], [80.2413796, 13.0393354], [80.2412898, 13.0393428], [80.2413076, 13.0395479]]]}}, {"type": "Feature", "properties": {"osm_id": 354541276}, "geometry": {"type": "Polygon", "coordinates": [[[80.241707, 13.0390732], [80.241787, 13.0390642], [80.2417664, 13.0388908], [80.2416864, 13.0388998], [80.241707, 13.0390732]]]}}, {"type": "Feature", "properties": {"osm_id": 354541303}, "geometry": {"type": "Polygon", "coordinates": [[[80.2409303, 13.0388287], [80.2410243, 13.0388181], [80.2410077, 13.0386788], [80.2409137, 13.0386894], [80.2409303, 13.0388287]]]}}, {"type": "Feature", "properties": {"osm_id": 354541309}, "geometry": {"type": "Polygon", "coordinates": [[[80.2424888, 13.0380911], [80.2425811, 13.0380806], [80.242556, 13.0378707], [80.2424636, 13.0378812], [80.2424888, 13.0380911]]]}}, {"type": "Feature", "properties": {"osm_id": 354541313}, "geometry": {"type": "Polygon", "coordinates": [[[80.2415386, 13.0391429], [80.2416821, 13.0391267], [80.2416718, 13.0390401], [80.2415283, 13.0390563], [80.2415386, 13.0391429]]]}}, {"type": "Feature", "properties": {"osm_id": 354541326}, "geometry": {"type": "Polygon", "coordinates": [[[80.2417528, 13.0381657], [80.2418765, 13.0381574], [80.2418657, 13.0380049], [80.241742, 13.0380132], [80.2417528, 13.0381657]]]}}, {"type": "Feature", "properties": {"osm_id": 354541339}, "geometry": {"type": "Polygon", "coordinates": [[[80.2407018, 13.0390082], [80.240818, 13.0389951], [80.2408109, 13.0389355], [80.2406947, 13.0389486], [80.2407018, 13.0390082]]]}}, {"type": "Feature", "properties": {"osm_id": 354541343}, "geometry": {"type": "Polygon", "coordinates": [[[80.2410832, 13.0388293], [80.2411567, 13.038821], [80.2411382, 13.0386657], [80.2410647, 13.038674], [80.2410832, 13.0388293]]]}}, {"type": "Feature", "properties": {"osm_id": 354541368}, "geometry": {"type": "Polygon", "coordinates": [[[80.2416122, 13.038457], [80.2417701, 13.0384464], [80.2417658, 13.0383857], [80.2416079, 13.0383963], [80.2416122, 13.038457]]]}}, {"type": "Feature", "properties": {"osm_id": 354541373}, "geometry": {"type": "Polygon", "coordinates": [[[80.2412842, 13.0382389], [80.2413856, 13.0382321], [80.2413707, 13.0380219], [80.2412693, 13.0380287], [80.2412842, 13.0382389]]]}}, {"type": "Feature", "properties": {"osm_id": 354541385}, "geometry": {"type": "Polygon", "coordinates": [[[80.2423503, 13.0387114], [80.2424437, 13.0387009], [80.2424165, 13.0384724], [80.2423231, 13.038483], [80.2423503, 13.0387114]]]}}, {"type": "Feature", "properties": {"osm_id": 354541393}, "geometry": {"type": "Polygon", "coordinates": [[[80.2403083, 13.038596], [80.2404503, 13.0385776], [80.2404258, 13.0383979], [80.2402839, 13.0384162], [80.2403083, 13.038596]]]}}, {"type": "Feature", "properties": {"osm_id": 354541410}, "geometry": {"type": "Polygon", "coordinates": [[[80.2411243, 13.0382429], [80.2412134, 13.0382369], [80.2412055, 13.0381248], [80.2411164, 13.0381307], [80.2411243, 13.0382429]]]}}, {"type": "Feature", "properties": {"osm_id": 354541426}, "geometry": {"type": "Polygon", "coordinates": [[[80.2415193, 13.0382454], [80.2415851, 13.038241], [80.241579, 13.038154], [80.2415132, 13.0381585], [80.2415193, 13.0382454]]]}}, {"type": "Feature", "properties": {"osm_id": 354541433}, "geometry": {"type": "Polygon", "coordinates": [[[80.2404697, 13.0385507], [80.2405675, 13.038538], [80.2405471, 13.038388], [80.2404493, 13.0384007], [80.2404697, 13.0385507]]]}}, {"type": "Feature", "properties": {"osm_id": 354541435}, "geometry": {"type": "Polygon", "coordinates": [[[80.2424831, 13.0394164], [80.2426295, 13.0394055], [80.2426173, 13.0392499], [80.2424709, 13.0392608], [80.2424831, 13.0394164]]]}}, {"type": "Feature", "properties": {"osm_id": 354541460}, "geometry": {"type": "Polygon", "coordinates": [[[80.2409439, 13.0385198], [80.2410347, 13.03851], [80.2410186, 13.0383685], [80.2409278, 13.0383783], [80.2409439, 13.0385198]]]}}, {"type": "Feature", "properties": {"osm_id": 354541469}, "geometry": {"type": "Polygon", "coordinates": [[[80.2414279, 13.0381435], [80.2415174, 13.0381375], [80.2415097, 13.0380278], [80.2414201, 13.0380339], [80.2414279, 13.0381435]]]}}, {"type": "Feature", "properties": {"osm_id": 354541476}, "geometry": {"type": "Polygon", "coordinates": [[[80.2424682, 13.0392428], [80.2425967, 13.0392333], [80.2425903, 13.039152], [80.2424618, 13.0391615], [80.2424682, 13.0392428]]]}}, {"type": "Feature", "properties": {"osm_id": 354541498}, "geometry": {"type": "Polygon", "coordinates": [[[80.2414775, 13.0395911], [80.2416141, 13.0395737], [80.2416029, 13.039491], [80.2414664, 13.0395085], [80.2414775, 13.0395911]]]}}, {"type": "Feature", "properties": {"osm_id": 354541507}, "geometry": {"type": "Polygon", "coordinates": [[[80.2429482, 13.0387338], [80.2432025, 13.0387051], [80.2431856, 13.0385629], [80.2429313, 13.0385916], [80.2429482, 13.0387338]]]}}, {"type": "Feature", "properties": {"osm_id": 354541530}, "geometry": {"type": "Polygon", "coordinates": [[[80.2414571, 13.0394917], [80.2415922, 13.0394744], [80.2415805, 13.0393868], [80.2414453, 13.0394039], [80.2414571, 13.0394917]]]}}, {"type": "Feature", "properties": {"osm_id": 354541536}, "geometry": {"type": "Polygon", "coordinates": [[[80.2420631, 13.0388612], [80.2422137, 13.0388442], [80.2422042, 13.0387649], [80.2420537, 13.0387819], [80.2420631, 13.0388612]]]}}, {"type": "Feature", "properties": {"osm_id": 354541564}, "geometry": {"type": "Polygon", "coordinates": [[[80.242453, 13.0385678], [80.2425741, 13.0385541], [80.2425612, 13.038446], [80.2424402, 13.0384597], [80.242453, 13.0385678]]]}}, {"type": "Feature", "properties": {"osm_id": 354541576}, "geometry": {"type": "Polygon", "coordinates": [[[80.240524, 13.0388512], [80.2406321, 13.038839], [80.2406098, 13.0386513], [80.2405017, 13.0386636], [80.240524, 13.0388512]]]}}, {"type": "Feature", "properties": {"osm_id": 354541587}, "geometry": {"type": "Polygon", "coordinates": [[[80.2418033, 13.0390514], [80.2419199, 13.0390382], [80.2418983, 13.0388561], [80.2417816, 13.0388692], [80.2418033, 13.0390514]]]}}, {"type": "Feature", "properties": {"osm_id": 354541612}, "geometry": {"type": "Polygon", "coordinates": [[[80.2421008, 13.0381823], [80.2421941, 13.038176], [80.2421885, 13.0380969], [80.2420952, 13.0381031], [80.2421008, 13.0381823]]]}}, {"type": "Feature", "properties": {"osm_id": 354541624}, "geometry": {"type": "Polygon", "coordinates": [[[80.2422957, 13.0383576], [80.242431, 13.0383486], [80.242423, 13.0382356], [80.2422877, 13.0382447], [80.2422957, 13.0383576]]]}}, {"type": "Feature", "properties": {"osm_id": 354541630}, "geometry": {"type": "Polygon", "coordinates": [[[80.2407143, 13.0392012], [80.2408198, 13.0391892], [80.2408, 13.0390226], [80.2406944, 13.0390345], [80.2407143, 13.0392012]]]}}, {"type": "Feature", "properties": {"osm_id": 354541633}, "geometry": {"type": "Polygon", "coordinates": [[[80.2408175, 13.0388403], [80.2409204, 13.0388286], [80.2408977, 13.0386376], [80.2407948, 13.0386493], [80.2408175, 13.0388403]]]}}, {"type": "Feature", "properties": {"osm_id": 354541670}, "geometry": {"type": "Polygon", "coordinates": [[[80.2420859, 13.0380723], [80.2421835, 13.0380658], [80.2421773, 13.0379788], [80.2420797, 13.0379853], [80.2420859, 13.0380723]]]}}, {"type": "Feature", "properties": {"osm_id": 354541676}, "geometry": {"type": "Polygon", "coordinates": [[[80.2418981, 13.0387704], [80.2420119, 13.0387576], [80.241983, 13.0385142], [80.2418692, 13.038527], [80.2418981, 13.0387704]]]}}, {"type": "Feature", "properties": {"osm_id": 354541684}, "geometry": {"type": "Polygon", "coordinates": [[[80.2410144, 13.0381584], [80.2410921, 13.0381483], [80.2410778, 13.038043], [80.241, 13.038053], [80.2410144, 13.0381584]]]}}, {"type": "Feature", "properties": {"osm_id": 354541688}, "geometry": {"type": "Polygon", "coordinates": [[[80.240873, 13.0391562], [80.2409544, 13.039147], [80.240939, 13.0390174], [80.2408576, 13.0390266], [80.240873, 13.0391562]]]}}, {"type": "Feature", "properties": {"osm_id": 354541705}, "geometry": {"type": "Polygon", "coordinates": [[[80.2414309, 13.038256], [80.2415087, 13.0382508], [80.2415021, 13.0381571], [80.2414242, 13.0381623], [80.2414309, 13.038256]]]}}, {"type": "Feature", "properties": {"osm_id": 354541721}, "geometry": {"type": "Polygon", "coordinates": [[[80.2422016, 13.0386969], [80.2423031, 13.0386854], [80.2422781, 13.0384752], [80.2421766, 13.0384867], [80.2422016, 13.0386969]]]}}, {"type": "Feature", "properties": {"osm_id": 354541724}, "geometry": {"type": "Polygon", "coordinates": [[[80.2409509, 13.0383601], [80.2410994, 13.0383409], [80.2410927, 13.038292], [80.2409443, 13.0383111], [80.2409509, 13.0383601]]]}}, {"type": "Feature", "properties": {"osm_id": 354541729}, "geometry": {"type": "Polygon", "coordinates": [[[80.242817, 13.03938], [80.2429294, 13.0393673], [80.2429158, 13.0392537], [80.2428035, 13.0392664], [80.242817, 13.03938]]]}}, {"type": "Feature", "properties": {"osm_id": 354541756}, "geometry": {"type": "Polygon", "coordinates": [[[80.2411431, 13.0384991], [80.2412619, 13.0384911], [80.2412494, 13.0383138], [80.2411305, 13.0383217], [80.2411431, 13.0384991]]]}}, {"type": "Feature", "properties": {"osm_id": 354541764}, "geometry": {"type": "Polygon", "coordinates": [[[80.2401486, 13.0386247], [80.2402624, 13.03861], [80.2402363, 13.0384185], [80.2401226, 13.0384332], [80.2401486, 13.0386247]]]}}, {"type": "Feature", "properties": {"osm_id": 354541771}, "geometry": {"type": "Polygon", "coordinates": [[[80.2427787, 13.0392419], [80.2428842, 13.03923], [80.2428711, 13.0391193], [80.2427656, 13.0391312], [80.2427787, 13.0392419]]]}}, {"type": "Feature", "properties": {"osm_id": 354541802}, "geometry": {"type": "Polygon", "coordinates": [[[80.2398492, 13.0386297], [80.240089, 13.0385987], [80.2400544, 13.0383444], [80.2398146, 13.0383754], [80.2398492, 13.0386297]]]}}, {"type": "Feature", "properties": {"osm_id": 354541808}, "geometry": {"type": "Polygon", "coordinates": [[[80.2418115, 13.0395438], [80.2419357, 13.0395325], [80.2419213, 13.0393815], [80.241797, 13.0393928], [80.2418115, 13.0395438]]]}}, {"type": "Feature", "properties": {"osm_id": 354541823}, "geometry": {"type": "Polygon", "coordinates": [[[80.2429607, 13.0392347], [80.2430789, 13.0392214], [80.2430642, 13.0390975], [80.242946, 13.0391109], [80.2429607, 13.0392347]]]}}, {"type": "Feature", "properties": {"osm_id": 354541840}, "geometry": {"type": "Polygon", "coordinates": [[[80.2418018, 13.0393701], [80.2419131, 13.0393585], [80.2419024, 13.0392609], [80.2417912, 13.0392725], [80.2418018, 13.0393701]]]}}, {"type": "Feature", "properties": {"osm_id": 354541844}, "geometry": {"type": "Polygon", "coordinates": [[[80.2424021, 13.0388496], [80.2426154, 13.0388256], [80.2426039, 13.0387289], [80.2423906, 13.0387529], [80.2424021, 13.0388496]]]}}, {"type": "Feature", "properties": {"osm_id": 354541874}, "geometry": {"type": "Polygon", "coordinates": [[[80.2405511, 13.0391115], [80.2406722, 13.0390979], [80.2406593, 13.0389898], [80.2405383, 13.0390035], [80.2405511, 13.0391115]]]}}, {"type": "Feature", "properties": {"osm_id": 354541888}, "geometry": {"type": "Polygon", "coordinates": [[[80.2421014, 13.0390758], [80.2421982, 13.0390648], [80.2421765, 13.038883], [80.2420797, 13.0388939], [80.2421014, 13.0390758]]]}}, {"type": "Feature", "properties": {"osm_id": 354541908}, "geometry": {"type": "Polygon", "coordinates": [[[80.2419497, 13.0383104], [80.2420876, 13.0383011], [80.2420803, 13.0381986], [80.2419425, 13.0382079], [80.2419497, 13.0383104]]]}}, {"type": "Feature", "properties": {"osm_id": 354541914}, "geometry": {"type": "Polygon", "coordinates": [[[80.2424773, 13.0387304], [80.2425827, 13.0387185], [80.2425659, 13.0385769], [80.2424604, 13.0385888], [80.2424773, 13.0387304]]]}}, {"type": "Feature", "properties": {"osm_id": 354541921}, "geometry": {"type": "Polygon", "coordinates": [[[80.2426646, 13.0381281], [80.2430423, 13.0380845], [80.2430274, 13.0379617], [80.2426497, 13.0380053], [80.2426646, 13.0381281]]]}}, {"type": "Feature", "properties": {"osm_id": 354541929}, "geometry": {"type": "Polygon", "coordinates": [[[80.2411174, 13.0391131], [80.2412168, 13.0391018], [80.2412005, 13.0389653], [80.2411012, 13.0389765], [80.2411174, 13.0391131]]]}}, {"type": "Feature", "properties": {"osm_id": 354541931}, "geometry": {"type": "Polygon", "coordinates": [[[80.2405446, 13.0389789], [80.2406873, 13.0389628], [80.2406743, 13.0388535], [80.2405316, 13.0388696], [80.2405446, 13.0389789]]]}}, {"type": "Feature", "properties": {"osm_id": 354541966}, "geometry": {"type": "Polygon", "coordinates": [[[80.2419451, 13.0381932], [80.2420668, 13.038185], [80.2420523, 13.0379806], [80.2419306, 13.0379888], [80.2419451, 13.0381932]]]}}, {"type": "Feature", "properties": {"osm_id": 354541970}, "geometry": {"type": "Polygon", "coordinates": [[[80.2416381, 13.0387888], [80.2417493, 13.0387762], [80.2417239, 13.0385626], [80.2416127, 13.0385751], [80.2416381, 13.0387888]]]}}, {"type": "Feature", "properties": {"osm_id": 354541975}, "geometry": {"type": "Polygon", "coordinates": [[[80.2409519, 13.0383001], [80.2410821, 13.0382833], [80.2410685, 13.0381829], [80.2409382, 13.0381997], [80.2409519, 13.0383001]]]}}, {"type": "Feature", "properties": {"osm_id": 354541979}, "geometry": {"type": "Polygon", "coordinates": [[[80.242953, 13.0382747], [80.2430785, 13.0382602], [80.2430649, 13.0381484], [80.2429394, 13.0381629], [80.242953, 13.0382747]]]}}, {"type": "Feature", "properties": {"osm_id": 354541981}, "geometry": {"type": "Polygon", "coordinates": [[[80.240968, 13.0391827], [80.2410849, 13.0391695], [80.2410603, 13.038963], [80.2409434, 13.0389762], [80.240968, 13.0391827]]]}}, {"type": "Feature", "properties": {"osm_id": 354542000}, "geometry": {"type": "Polygon", "coordinates": [[[80.2416217, 13.0383775], [80.2417585, 13.0383684], [80.2417543, 13.0383094], [80.2416176, 13.0383186], [80.2416217, 13.0383775]]]}}, {"type": "Feature", "properties": {"osm_id": 354542012}, "geometry": {"type": "Polygon", "coordinates": [[[80.2417731, 13.0387977], [80.2418821, 13.0387854], [80.2418524, 13.038536], [80.2417435, 13.0385483], [80.2417731, 13.0387977]]]}}, {"type": "Feature", "properties": {"osm_id": 354542022}, "geometry": {"type": "Polygon", "coordinates": [[[80.2409174, 13.038182], [80.2410037, 13.0381709], [80.240992, 13.0380848], [80.2409057, 13.0380959], [80.2409174, 13.038182]]]}}, {"type": "Feature", "properties": {"osm_id": 354542025}, "geometry": {"type": "Polygon", "coordinates": [[[80.2426491, 13.0393973], [80.242768, 13.0393839], [80.2427526, 13.0392546], [80.2426337, 13.0392681], [80.2426491, 13.0393973]]]}}, {"type": "Feature", "properties": {"osm_id": 354542040}, "geometry": {"type": "Polygon", "coordinates": [[[80.2416257, 13.0383049], [80.2417525, 13.0382964], [80.2417484, 13.0382381], [80.2416216, 13.0382466], [80.2416257, 13.0383049]]]}}, {"type": "Feature", "properties": {"osm_id": 354542048}, "geometry": {"type": "Polygon", "coordinates": [[[80.2401004, 13.0383871], [80.2401969, 13.0383746], [80.2401722, 13.0381927], [80.2400756, 13.0382051], [80.2401004, 13.0383871]]]}}, {"type": "Feature", "properties": {"osm_id": 354542057}, "geometry": {"type": "Polygon", "coordinates": [[[80.2426351, 13.0392465], [80.2427247, 13.0392363], [80.2427135, 13.039142], [80.2426239, 13.0391521], [80.2426351, 13.0392465]]]}}, {"type": "Feature", "properties": {"osm_id": 354542071}, "geometry": {"type": "Polygon", "coordinates": [[[80.2418074, 13.0384005], [80.241921, 13.0383929], [80.2419096, 13.0382315], [80.241796, 13.0382392], [80.2418074, 13.0384005]]]}}, {"type": "Feature", "properties": {"osm_id": 354542078}, "geometry": {"type": "Polygon", "coordinates": [[[80.2397634, 13.0382901], [80.2400316, 13.0382554], [80.2400199, 13.0381692], [80.2397516, 13.0382039], [80.2397634, 13.0382901]]]}}, {"type": "Feature", "properties": {"osm_id": 354542080}, "geometry": {"type": "Polygon", "coordinates": [[[80.2421324, 13.0394809], [80.2423059, 13.0394563], [80.2422899, 13.0393489], [80.2421164, 13.0393734], [80.2421324, 13.0394809]]]}}, {"type": "Feature", "properties": {"osm_id": 354542105}, "geometry": {"type": "Polygon", "coordinates": [[[80.2421139, 13.0393508], [80.2422733, 13.0393236], [80.2422512, 13.0392008], [80.2420917, 13.039228], [80.2421139, 13.0393508]]]}}, {"type": "Feature", "properties": {"osm_id": 354542109}, "geometry": {"type": "Polygon", "coordinates": [[[80.2424259, 13.039045], [80.242626, 13.0390224], [80.2426171, 13.0389473], [80.2424169, 13.0389699], [80.2424259, 13.039045]]]}}, {"type": "Feature", "properties": {"osm_id": 354542152}, "geometry": {"type": "Polygon", "coordinates": [[[80.242443, 13.0389473], [80.2426306, 13.0389261], [80.2426211, 13.0388458], [80.2424335, 13.038867], [80.242443, 13.0389473]]]}}, {"type": "Feature", "properties": {"osm_id": 354542175}, "geometry": {"type": "Polygon", "coordinates": [[[80.2427091, 13.0385301], [80.2428907, 13.0385096], [80.2428866, 13.0384751], [80.2429297, 13.0384703], [80.2429338, 13.0385048], [80.2431192, 13.0384838], [80.2431073, 13.0383838], [80.2426972, 13.0384301], [80.2427091, 13.0385301]]]}}, {"type": "Feature", "properties": {"osm_id": 354542181}, "geometry": {"type": "Polygon", "coordinates": [[[80.2406216, 13.0383917], [80.2408772, 13.0383587], [80.240843, 13.0381075], [80.2407496, 13.0381196], [80.2407645, 13.0382288], [80.2407204, 13.0382345], [80.2407055, 13.0381252], [80.2405874, 13.0381405], [80.2406216, 13.0383917]]]}}, {"type": "Feature", "properties": {"osm_id": 354573210}, "geometry": {"type": "Polygon", "coordinates": [[[80.2394637, 13.0423666], [80.2395131, 13.0423594], [80.239512, 13.0423524], [80.2395635, 13.0423449], [80.2395388, 13.0421839], [80.2394944, 13.0421904], [80.2394913, 13.0421706], [80.2395358, 13.0421641], [80.2395124, 13.0420114], [80.2394705, 13.0420175], [80.2394686, 13.0420055], [80.2394096, 13.0420141], [80.2394637, 13.0423666]]]}}, {"type": "Feature", "properties": {"osm_id": 354573215}, "geometry": {"type": "Polygon", "coordinates": [[[80.2383033, 13.040503], [80.2387748, 13.0404471], [80.2387519, 13.040264], [80.2386181, 13.0402799], [80.2386205, 13.0402988], [80.2385936, 13.040302], [80.2385913, 13.0402831], [80.2384514, 13.0402997], [80.2384542, 13.0403225], [80.2384131, 13.0403274], [80.2384102, 13.0403045], [80.2382804, 13.0403199], [80.2383033, 13.040503]]]}}, {"type": "Feature", "properties": {"osm_id": 354573218}, "geometry": {"type": "Polygon", "coordinates": [[[80.2429681, 13.0428731], [80.2431327, 13.0428514], [80.2431124, 13.0427048], [80.2430619, 13.0427115], [80.2430501, 13.0426269], [80.2431006, 13.0426203], [80.2430803, 13.0424735], [80.2429157, 13.0424951], [80.2429362, 13.042643], [80.2429783, 13.0426375], [80.2429913, 13.0427309], [80.2429492, 13.0427365], [80.2429681, 13.0428731]]]}}, {"type": "Feature", "properties": {"osm_id": 354573243}, "geometry": {"type": "Polygon", "coordinates": [[[80.2413036, 13.041376], [80.2414044, 13.0413584], [80.2413785, 13.0412179], [80.241981, 13.0411124], [80.2420069, 13.0412529], [80.2421149, 13.041234], [80.2420319, 13.0407838], [80.2419476, 13.0407986], [80.2419868, 13.0410113], [80.2417275, 13.0410567], [80.2417135, 13.0409804], [80.2416269, 13.0409955], [80.241641, 13.0410718], [80.2413851, 13.0411166], [80.2413459, 13.0409039], [80.2412206, 13.0409258], [80.2413036, 13.041376]]]}}, {"type": "Feature", "properties": {"osm_id": 354573249}, "geometry": {"type": "Polygon", "coordinates": [[[80.2398094, 13.0417097], [80.2399106, 13.0416997], [80.2399029, 13.0416258], [80.2398782, 13.0416283], [80.2398762, 13.041609], [80.2398939, 13.0416072], [80.2398836, 13.0415086], [80.2398687, 13.04151], [80.2398676, 13.0414987], [80.2398824, 13.0414973], [80.2398788, 13.0414626], [80.2398488, 13.0414656], [80.2398467, 13.0414449], [80.2398723, 13.0414423], [80.2398632, 13.0413549], [80.2397733, 13.0413638], [80.2398094, 13.0417097]]]}}, {"type": "Feature", "properties": {"osm_id": 354573255}, "geometry": {"type": "Polygon", "coordinates": [[[80.2426911, 13.0412696], [80.2427379, 13.0412614], [80.2427422, 13.0412845], [80.2427944, 13.0412754], [80.2427896, 13.0412496], [80.2428258, 13.0412433], [80.2428193, 13.0412079], [80.2428391, 13.0412045], [80.2428303, 13.0411567], [80.2427969, 13.0411626], [80.2427837, 13.0410909], [80.2428032, 13.0410875], [80.242784, 13.0409832], [80.2427513, 13.0409889], [80.2427426, 13.040942], [80.2427753, 13.0409363], [80.2427614, 13.0408609], [80.2426203, 13.0408856], [80.2426628, 13.0411158], [80.2426796, 13.0411128], [80.2426918, 13.0411788], [80.2426749, 13.0411817], [80.2426911, 13.0412696]]]}}, {"type": "Feature", "properties": {"osm_id": 354573263}, "geometry": {"type": "Polygon", "coordinates": [[[80.2412218, 13.042272], [80.2413531, 13.0422578], [80.2413392, 13.0421358], [80.2412079, 13.04215], [80.2412218, 13.042272]]]}}, {"type": "Feature", "properties": {"osm_id": 354573276}, "geometry": {"type": "Polygon", "coordinates": [[[80.2425109, 13.0417008], [80.2426197, 13.0416841], [80.24259, 13.0415003], [80.2424812, 13.041517], [80.2425109, 13.0417008]]]}}, {"type": "Feature", "properties": {"osm_id": 354573281}, "geometry": {"type": "Polygon", "coordinates": [[[80.2405065, 13.0416725], [80.2405501, 13.0416663], [80.2404932, 13.0412865], [80.2404496, 13.0412927], [80.2405065, 13.0416725]]]}}, {"type": "Feature", "properties": {"osm_id": 354573285}, "geometry": {"type": "Polygon", "coordinates": [[[80.2382115, 13.0397298], [80.2383705, 13.0397109], [80.238354, 13.0395782], [80.2381949, 13.039597], [80.2382115, 13.0397298]]]}}, {"type": "Feature", "properties": {"osm_id": 354573288}, "geometry": {"type": "Polygon", "coordinates": [[[80.2399997, 13.0417151], [80.2400811, 13.041707], [80.2400622, 13.0415261], [80.2399809, 13.0415341], [80.2399997, 13.0417151]]]}}, {"type": "Feature", "properties": {"osm_id": 354573291}, "geometry": {"type": "Polygon", "coordinates": [[[80.2395529, 13.0413342], [80.2396773, 13.0413212], [80.239661, 13.0411734], [80.2395366, 13.0411864], [80.2395529, 13.0413342]]]}}, {"type": "Feature", "properties": {"osm_id": 354573308}, "geometry": {"type": "Polygon", "coordinates": [[[80.2385209, 13.0416668], [80.2387794, 13.0416437], [80.2387684, 13.0415276], [80.2385099, 13.0415507], [80.2385209, 13.0416668]]]}}, {"type": "Feature", "properties": {"osm_id": 354573319}, "geometry": {"type": "Polygon", "coordinates": [[[80.2410253, 13.0423401], [80.2411316, 13.0423286], [80.2411176, 13.0422065], [80.2410114, 13.042218], [80.2410253, 13.0423401]]]}}, {"type": "Feature", "properties": {"osm_id": 354573332}, "geometry": {"type": "Polygon", "coordinates": [[[80.2420447, 13.0428613], [80.2421654, 13.0428475], [80.2421318, 13.0425683], [80.2420111, 13.0425821], [80.2420447, 13.0428613]]]}}, {"type": "Feature", "properties": {"osm_id": 354573339}, "geometry": {"type": "Polygon", "coordinates": [[[80.2427588, 13.0422469], [80.2428733, 13.0422293], [80.2428142, 13.0418639], [80.2426998, 13.0418815], [80.2427588, 13.0422469]]]}}, {"type": "Feature", "properties": {"osm_id": 354573342}, "geometry": {"type": "Polygon", "coordinates": [[[80.2403402, 13.0427056], [80.2404812, 13.0426892], [80.2404629, 13.0425399], [80.2403219, 13.0425563], [80.2403402, 13.0427056]]]}}, {"type": "Feature", "properties": {"osm_id": 354573349}, "geometry": {"type": "Polygon", "coordinates": [[[80.242161, 13.0399793], [80.242319, 13.0399586], [80.242286, 13.0397195], [80.242128, 13.0397402], [80.242161, 13.0399793]]]}}, {"type": "Feature", "properties": {"osm_id": 354573355}, "geometry": {"type": "Polygon", "coordinates": [[[80.2393815, 13.0411655], [80.2395112, 13.0411519], [80.2394934, 13.0409911], [80.2393638, 13.0410046], [80.2393815, 13.0411655]]]}}, {"type": "Feature", "properties": {"osm_id": 354573361}, "geometry": {"type": "Polygon", "coordinates": [[[80.241785, 13.0421641], [80.242044, 13.0421256], [80.2420277, 13.0420215], [80.2417687, 13.04206], [80.241785, 13.0421641]]]}}, {"type": "Feature", "properties": {"osm_id": 354573382}, "geometry": {"type": "Polygon", "coordinates": [[[80.2384533, 13.0414878], [80.2385987, 13.0414748], [80.2385866, 13.041347], [80.2384412, 13.04136], [80.2384533, 13.0414878]]]}}, {"type": "Feature", "properties": {"osm_id": 354573405}, "geometry": {"type": "Polygon", "coordinates": [[[80.2429488, 13.042288], [80.2430912, 13.0422661], [80.2430609, 13.0420785], [80.2429185, 13.0421004], [80.2429488, 13.042288]]]}}, {"type": "Feature", "properties": {"osm_id": 354573408}, "geometry": {"type": "Polygon", "coordinates": [[[80.2402096, 13.0426824], [80.2403017, 13.0426717], [80.2402835, 13.0425231], [80.2401914, 13.0425338], [80.2402096, 13.0426824]]]}}, {"type": "Feature", "properties": {"osm_id": 354573411}, "geometry": {"type": "Polygon", "coordinates": [[[80.2389588, 13.0418776], [80.2390812, 13.0418648], [80.2390661, 13.0417276], [80.2389437, 13.0417404], [80.2389588, 13.0418776]]]}}, {"type": "Feature", "properties": {"osm_id": 354573426}, "geometry": {"type": "Polygon", "coordinates": [[[80.2421434, 13.0397023], [80.242296, 13.0396823], [80.2422777, 13.0395496], [80.2421251, 13.0395696], [80.2421434, 13.0397023]]]}}, {"type": "Feature", "properties": {"osm_id": 354573431}, "geometry": {"type": "Polygon", "coordinates": [[[80.2416505, 13.0424699], [80.2417346, 13.0424574], [80.2416795, 13.0421063], [80.2415954, 13.0421188], [80.2416505, 13.0424699]]]}}, {"type": "Feature", "properties": {"osm_id": 354573444}, "geometry": {"type": "Polygon", "coordinates": [[[80.238897, 13.0425767], [80.2389366, 13.04255], [80.2388871, 13.0424806], [80.2388476, 13.0425074], [80.238897, 13.0425767]]]}}, {"type": "Feature", "properties": {"osm_id": 354573471}, "geometry": {"type": "Polygon", "coordinates": [[[80.2389457, 13.0417168], [80.2390689, 13.0417039], [80.2390567, 13.0415932], [80.2389335, 13.0416061], [80.2389457, 13.0417168]]]}}, {"type": "Feature", "properties": {"osm_id": 354573495}, "geometry": {"type": "Polygon", "coordinates": [[[80.2388053, 13.0424945], [80.2388627, 13.0424309], [80.2388306, 13.0424034], [80.2387733, 13.042467], [80.2388053, 13.0424945]]]}}, {"type": "Feature", "properties": {"osm_id": 354573500}, "geometry": {"type": "Polygon", "coordinates": [[[80.2382194, 13.0399739], [80.2384143, 13.0399508], [80.2384015, 13.039848], [80.2382066, 13.0398711], [80.2382194, 13.0399739]]]}}, {"type": "Feature", "properties": {"osm_id": 354573520}, "geometry": {"type": "Polygon", "coordinates": [[[80.2393029, 13.0399943], [80.2394926, 13.0399718], [80.2394528, 13.0396526], [80.239263, 13.0396751], [80.2393029, 13.0399943]]]}}, {"type": "Feature", "properties": {"osm_id": 354573526}, "geometry": {"type": "Polygon", "coordinates": [[[80.2404733, 13.0400028], [80.2406238, 13.0399831], [80.2406036, 13.0398366], [80.2404531, 13.0398563], [80.2404733, 13.0400028]]]}}, {"type": "Feature", "properties": {"osm_id": 354573546}, "geometry": {"type": "Polygon", "coordinates": [[[80.2401703, 13.0394075], [80.2402896, 13.039396], [80.2402831, 13.0393317], [80.2401638, 13.0393432], [80.2401703, 13.0394075]]]}}, {"type": "Feature", "properties": {"osm_id": 354573583}, "geometry": {"type": "Polygon", "coordinates": [[[80.2382313, 13.0398442], [80.2383929, 13.039825], [80.2383816, 13.039735], [80.23822, 13.0397541], [80.2382313, 13.0398442]]]}}, {"type": "Feature", "properties": {"osm_id": 354573592}, "geometry": {"type": "Polygon", "coordinates": [[[80.2399183, 13.0394144], [80.2401316, 13.0393865], [80.2401181, 13.0392885], [80.2399048, 13.0393165], [80.2399183, 13.0394144]]]}}, {"type": "Feature", "properties": {"osm_id": 354573601}, "geometry": {"type": "Polygon", "coordinates": [[[80.239281, 13.0395649], [80.2394099, 13.0395496], [80.2393998, 13.0394685], [80.2392709, 13.0394838], [80.239281, 13.0395649]]]}}, {"type": "Feature", "properties": {"osm_id": 354573606}, "geometry": {"type": "Polygon", "coordinates": [[[80.2401284, 13.0423812], [80.2402768, 13.0423596], [80.2402673, 13.0422976], [80.2401189, 13.0423192], [80.2401284, 13.0423812]]]}}, {"type": "Feature", "properties": {"osm_id": 354573617}, "geometry": {"type": "Polygon", "coordinates": [[[80.2428964, 13.0412121], [80.2430013, 13.0411938], [80.2429337, 13.0408269], [80.2428287, 13.0408453], [80.2428964, 13.0412121]]]}}, {"type": "Feature", "properties": {"osm_id": 354573620}, "geometry": {"type": "Polygon", "coordinates": [[[80.2428973, 13.0420645], [80.2430528, 13.0420406], [80.2430226, 13.0418537], [80.2428671, 13.0418776], [80.2428973, 13.0420645]]]}}, {"type": "Feature", "properties": {"osm_id": 354573634}, "geometry": {"type": "Polygon", "coordinates": [[[80.2385861, 13.0396747], [80.2387207, 13.0396587], [80.238693, 13.039437], [80.2385584, 13.0394529], [80.2385861, 13.0396747]]]}}, {"type": "Feature", "properties": {"osm_id": 354573638}, "geometry": {"type": "Polygon", "coordinates": [[[80.2398873, 13.0392725], [80.2401405, 13.039248], [80.2401302, 13.0391465], [80.239877, 13.0391709], [80.2398873, 13.0392725]]]}}, {"type": "Feature", "properties": {"osm_id": 354573641}, "geometry": {"type": "Polygon", "coordinates": [[[80.2415416, 13.0427923], [80.2416541, 13.0427794], [80.2416386, 13.0426515], [80.2415262, 13.0426643], [80.2415416, 13.0427923]]]}}, {"type": "Feature", "properties": {"osm_id": 354573643}, "geometry": {"type": "Polygon", "coordinates": [[[80.2381655, 13.0417585], [80.2383125, 13.0417377], [80.2382947, 13.0416185], [80.2381477, 13.0416393], [80.2381655, 13.0417585]]]}}, {"type": "Feature", "properties": {"osm_id": 354573647}, "geometry": {"type": "Polygon", "coordinates": [[[80.2391477, 13.042216], [80.2392073, 13.0422073], [80.2391803, 13.0420316], [80.2391207, 13.0420402], [80.2391477, 13.042216]]]}}, {"type": "Feature", "properties": {"osm_id": 354573656}, "geometry": {"type": "Polygon", "coordinates": [[[80.2397002, 13.0412356], [80.2398571, 13.0412192], [80.2398467, 13.0411248], [80.2396898, 13.0411412], [80.2397002, 13.0412356]]]}}, {"type": "Feature", "properties": {"osm_id": 354573661}, "geometry": {"type": "Polygon", "coordinates": [[[80.2428881, 13.0417998], [80.243007, 13.0417815], [80.2429553, 13.0414618], [80.2428364, 13.0414801], [80.2428881, 13.0417998]]]}}, {"type": "Feature", "properties": {"osm_id": 354573663}, "geometry": {"type": "Polygon", "coordinates": [[[80.2422246, 13.0423771], [80.2423235, 13.0423671], [80.2423075, 13.0422168], [80.2422086, 13.0422268], [80.2422246, 13.0423771]]]}}, {"type": "Feature", "properties": {"osm_id": 354573665}, "geometry": {"type": "Polygon", "coordinates": [[[80.240126, 13.0389589], [80.2402599, 13.038946], [80.2402494, 13.038842], [80.2401155, 13.0388549], [80.240126, 13.0389589]]]}}, {"type": "Feature", "properties": {"osm_id": 354573667}, "geometry": {"type": "Polygon", "coordinates": [[[80.2383698, 13.0394677], [80.2384869, 13.0394538], [80.23847, 13.0393186], [80.2383529, 13.0393325], [80.2383698, 13.0394677]]]}}, {"type": "Feature", "properties": {"osm_id": 354573669}, "geometry": {"type": "Polygon", "coordinates": [[[80.2392516, 13.0413679], [80.2393806, 13.0413544], [80.239371, 13.041267], [80.239242, 13.0412805], [80.2392516, 13.0413679]]]}}, {"type": "Feature", "properties": {"osm_id": 354573674}, "geometry": {"type": "Polygon", "coordinates": [[[80.2381312, 13.0415555], [80.2383196, 13.0415289], [80.2383013, 13.0414065], [80.2381129, 13.0414331], [80.2381312, 13.0415555]]]}}, {"type": "Feature", "properties": {"osm_id": 354573684}, "geometry": {"type": "Polygon", "coordinates": [[[80.2412863, 13.0425251], [80.2413833, 13.0425112], [80.2413539, 13.042317], [80.2412569, 13.042331], [80.2412863, 13.0425251]]]}}, {"type": "Feature", "properties": {"osm_id": 354573697}, "geometry": {"type": "Polygon", "coordinates": [[[80.242736, 13.0398505], [80.242958, 13.0398214], [80.2429147, 13.0395077], [80.2426927, 13.0395367], [80.242736, 13.0398505]]]}}, {"type": "Feature", "properties": {"osm_id": 354573700}, "geometry": {"type": "Polygon", "coordinates": [[[80.2394223, 13.0413415], [80.2395309, 13.0413301], [80.2395128, 13.0411652], [80.2394041, 13.0411766], [80.2394223, 13.0413415]]]}}, {"type": "Feature", "properties": {"osm_id": 354573705}, "geometry": {"type": "Polygon", "coordinates": [[[80.2416769, 13.0418595], [80.2417822, 13.0418439], [80.2417521, 13.0416514], [80.2416467, 13.0416671], [80.2416769, 13.0418595]]]}}, {"type": "Feature", "properties": {"osm_id": 354573713}, "geometry": {"type": "Polygon", "coordinates": [[[80.2419036, 13.0430862], [80.2419988, 13.0430753], [80.2419445, 13.0426249], [80.2418493, 13.0426358], [80.2419036, 13.0430862]]]}}, {"type": "Feature", "properties": {"osm_id": 354573719}, "geometry": {"type": "Polygon", "coordinates": [[[80.2391061, 13.0416077], [80.2392334, 13.0415944], [80.2392227, 13.0414978], [80.2390955, 13.0415111], [80.2391061, 13.0416077]]]}}, {"type": "Feature", "properties": {"osm_id": 354573724}, "geometry": {"type": "Polygon", "coordinates": [[[80.2424281, 13.0398717], [80.2426448, 13.0398433], [80.2425978, 13.0395028], [80.2423811, 13.0395312], [80.2424281, 13.0398717]]]}}, {"type": "Feature", "properties": {"osm_id": 354573727}, "geometry": {"type": "Polygon", "coordinates": [[[80.2418378, 13.0417927], [80.2419843, 13.0417709], [80.2419539, 13.0415769], [80.2418074, 13.0415987], [80.2418378, 13.0417927]]]}}, {"type": "Feature", "properties": {"osm_id": 354573743}, "geometry": {"type": "Polygon", "coordinates": [[[80.239163, 13.0418176], [80.2392501, 13.0418085], [80.2392283, 13.0416105], [80.2391412, 13.0416196], [80.239163, 13.0418176]]]}}, {"type": "Feature", "properties": {"osm_id": 354573747}, "geometry": {"type": "Polygon", "coordinates": [[[80.2394814, 13.0425796], [80.2396182, 13.0425578], [80.2395908, 13.0423946], [80.239454, 13.0424164], [80.2394814, 13.0425796]]]}}, {"type": "Feature", "properties": {"osm_id": 354573753}, "geometry": {"type": "Polygon", "coordinates": [[[80.2389551, 13.0426628], [80.2391015, 13.0425722], [80.2390727, 13.0425282], [80.2389263, 13.0426187], [80.2389551, 13.0426628]]]}}, {"type": "Feature", "properties": {"osm_id": 354573763}, "geometry": {"type": "Polygon", "coordinates": [[[80.2396221, 13.0396323], [80.2397648, 13.0396154], [80.2397583, 13.0395633], [80.2396156, 13.0395802], [80.2396221, 13.0396323]]]}}, {"type": "Feature", "properties": {"osm_id": 354573779}, "geometry": {"type": "Polygon", "coordinates": [[[80.242486, 13.0411966], [80.2426199, 13.0411732], [80.2426035, 13.041084], [80.2424695, 13.0411074], [80.242486, 13.0411966]]]}}, {"type": "Feature", "properties": {"osm_id": 354573786}, "geometry": {"type": "Polygon", "coordinates": [[[80.2399847, 13.0427143], [80.2401096, 13.0426998], [80.2400969, 13.042596], [80.2399719, 13.0426105], [80.2399847, 13.0427143]]]}}, {"type": "Feature", "properties": {"osm_id": 354573802}, "geometry": {"type": "Polygon", "coordinates": [[[80.2403048, 13.0395082], [80.2403964, 13.0394962], [80.2403819, 13.0393913], [80.2402903, 13.0394033], [80.2403048, 13.0395082]]]}}, {"type": "Feature", "properties": {"osm_id": 354573805}, "geometry": {"type": "Polygon", "coordinates": [[[80.239652, 13.0395633], [80.2397253, 13.0395546], [80.2397135, 13.0394606], [80.2396402, 13.0394693], [80.239652, 13.0395633]]]}}, {"type": "Feature", "properties": {"osm_id": 354573809}, "geometry": {"type": "Polygon", "coordinates": [[[80.2399613, 13.0422735], [80.2400503, 13.0422639], [80.2400092, 13.041905], [80.2399203, 13.0419146], [80.2399613, 13.0422735]]]}}, {"type": "Feature", "properties": {"osm_id": 354573816}, "geometry": {"type": "Polygon", "coordinates": [[[80.2424581, 13.0410595], [80.2425976, 13.041035], [80.2425793, 13.0409359], [80.2424398, 13.0409603], [80.2424581, 13.0410595]]]}}, {"type": "Feature", "properties": {"osm_id": 354573823}, "geometry": {"type": "Polygon", "coordinates": [[[80.2401339, 13.0388253], [80.240357, 13.0388038], [80.2403476, 13.0387116], [80.2401246, 13.038733], [80.2401339, 13.0388253]]]}}, {"type": "Feature", "properties": {"osm_id": 354573833}, "geometry": {"type": "Polygon", "coordinates": [[[80.2387391, 13.039504], [80.2388829, 13.0394869], [80.2388603, 13.0393063], [80.2387165, 13.0393233], [80.2387391, 13.039504]]]}}, {"type": "Feature", "properties": {"osm_id": 354573835}, "geometry": {"type": "Polygon", "coordinates": [[[80.2402078, 13.0395166], [80.2402929, 13.0395055], [80.2402797, 13.0394099], [80.2401946, 13.0394211], [80.2402078, 13.0395166]]]}}, {"type": "Feature", "properties": {"osm_id": 354573843}, "geometry": {"type": "Polygon", "coordinates": [[[80.2396071, 13.0417078], [80.2396978, 13.0417003], [80.2396901, 13.0416124], [80.2395994, 13.0416199], [80.2396071, 13.0417078]]]}}, {"type": "Feature", "properties": {"osm_id": 354573848}, "geometry": {"type": "Polygon", "coordinates": [[[80.2401078, 13.0422767], [80.2402362, 13.042258], [80.2402235, 13.0421749], [80.2400951, 13.0421936], [80.2401078, 13.0422767]]]}}, {"type": "Feature", "properties": {"osm_id": 354573867}, "geometry": {"type": "Polygon", "coordinates": [[[80.2402902, 13.0390714], [80.240391, 13.0390617], [80.2403806, 13.0389596], [80.2402799, 13.0389693], [80.2402902, 13.0390714]]]}}, {"type": "Feature", "properties": {"osm_id": 354573869}, "geometry": {"type": "Polygon", "coordinates": [[[80.2428564, 13.0407757], [80.2430268, 13.0407477], [80.2429395, 13.0402424], [80.2427691, 13.0402703], [80.2428564, 13.0407757]]]}}, {"type": "Feature", "properties": {"osm_id": 354573871}, "geometry": {"type": "Polygon", "coordinates": [[[80.23854, 13.0394369], [80.2386918, 13.0394189], [80.2386785, 13.0393123], [80.2385267, 13.0393303], [80.23854, 13.0394369]]]}}, {"type": "Feature", "properties": {"osm_id": 354573875}, "geometry": {"type": "Polygon", "coordinates": [[[80.2390632, 13.0412369], [80.2391833, 13.0412244], [80.2391639, 13.0410488], [80.2390439, 13.0410614], [80.2390632, 13.0412369]]]}}, {"type": "Feature", "properties": {"osm_id": 354573877}, "geometry": {"type": "Polygon", "coordinates": [[[80.2396107, 13.0416064], [80.2397154, 13.0415961], [80.239705, 13.0414959], [80.2396003, 13.0415062], [80.2396107, 13.0416064]]]}}, {"type": "Feature", "properties": {"osm_id": 354573889}, "geometry": {"type": "Polygon", "coordinates": [[[80.2409317, 13.042608], [80.241072, 13.0425799], [80.2410258, 13.0423608], [80.2408854, 13.042389], [80.2409317, 13.042608]]]}}, {"type": "Feature", "properties": {"osm_id": 354573896}, "geometry": {"type": "Polygon", "coordinates": [[[80.2413667, 13.0400515], [80.2415832, 13.0400274], [80.2415388, 13.0396513], [80.2413224, 13.0396755], [80.2413667, 13.0400515]]]}}, {"type": "Feature", "properties": {"osm_id": 354573905}, "geometry": {"type": "Polygon", "coordinates": [[[80.2392384, 13.0412588], [80.2393333, 13.0412488], [80.2393092, 13.0410307], [80.2392143, 13.0410407], [80.2392384, 13.0412588]]]}}, {"type": "Feature", "properties": {"osm_id": 354573910}, "geometry": {"type": "Polygon", "coordinates": [[[80.2413968, 13.0420639], [80.2414905, 13.0420499], [80.2414324, 13.0416797], [80.2413388, 13.0416936], [80.2413968, 13.0420639]]]}}, {"type": "Feature", "properties": {"osm_id": 354573921}, "geometry": {"type": "Polygon", "coordinates": [[[80.2392862, 13.0414639], [80.2394269, 13.0414492], [80.2394177, 13.0413658], [80.239277, 13.0413805], [80.2392862, 13.0414639]]]}}, {"type": "Feature", "properties": {"osm_id": 354573928}, "geometry": {"type": "Polygon", "coordinates": [[[80.2385863, 13.0412696], [80.2387047, 13.041259], [80.2386879, 13.0410815], [80.2385695, 13.0410921], [80.2385863, 13.0412696]]]}}, {"type": "Feature", "properties": {"osm_id": 354573932}, "geometry": {"type": "Polygon", "coordinates": [[[80.2415481, 13.0420044], [80.2416549, 13.0419885], [80.2416075, 13.0416857], [80.2415006, 13.0417016], [80.2415481, 13.0420044]]]}}, {"type": "Feature", "properties": {"osm_id": 354573938}, "geometry": {"type": "Polygon", "coordinates": [[[80.2405283, 13.0423883], [80.2406663, 13.0423722], [80.2406515, 13.0422511], [80.2405135, 13.0422671], [80.2405283, 13.0423883]]]}}, {"type": "Feature", "properties": {"osm_id": 354573943}, "geometry": {"type": "Polygon", "coordinates": [[[80.2416434, 13.0397861], [80.2419093, 13.0397564], [80.241893, 13.0396182], [80.2416271, 13.0396479], [80.2416434, 13.0397861]]]}}, {"type": "Feature", "properties": {"osm_id": 354573945}, "geometry": {"type": "Polygon", "coordinates": [[[80.2391022, 13.0414691], [80.2392522, 13.0414535], [80.239243, 13.0413701], [80.239093, 13.0413858], [80.2391022, 13.0414691]]]}}, {"type": "Feature", "properties": {"osm_id": 354573946}, "geometry": {"type": "Polygon", "coordinates": [[[80.2419697, 13.0424044], [80.2420412, 13.0423937], [80.2420132, 13.0422155], [80.2419417, 13.0422261], [80.2419697, 13.0424044]]]}}, {"type": "Feature", "properties": {"osm_id": 354573949}, "geometry": {"type": "Polygon", "coordinates": [[[80.2393708, 13.0428356], [80.2394607, 13.0428261], [80.239429, 13.0425426], [80.2393391, 13.0425521], [80.2393708, 13.0428356]]]}}, {"type": "Feature", "properties": {"osm_id": 354573960}, "geometry": {"type": "Polygon", "coordinates": [[[80.2403341, 13.0396271], [80.2404684, 13.0396112], [80.2404572, 13.0395217], [80.2403229, 13.0395376], [80.2403341, 13.0396271]]]}}, {"type": "Feature", "properties": {"osm_id": 354573965}, "geometry": {"type": "Polygon", "coordinates": [[[80.2411404, 13.0400714], [80.2412951, 13.040054], [80.2412492, 13.0396645], [80.2410945, 13.0396818], [80.2411404, 13.0400714]]]}}, {"type": "Feature", "properties": {"osm_id": 354573970}, "geometry": {"type": "Polygon", "coordinates": [[[80.2419628, 13.0407734], [80.2421708, 13.040737], [80.2420971, 13.0403373], [80.2418891, 13.0403737], [80.2419628, 13.0407734]]]}}, {"type": "Feature", "properties": {"osm_id": 354573973}, "geometry": {"type": "Polygon", "coordinates": [[[80.2395054, 13.0428128], [80.2396185, 13.0428008], [80.2395949, 13.0425902], [80.2394818, 13.0426022], [80.2395054, 13.0428128]]]}}, {"type": "Feature", "properties": {"osm_id": 354573982}, "geometry": {"type": "Polygon", "coordinates": [[[80.2405316, 13.0394896], [80.2406924, 13.0394685], [80.2406767, 13.0393547], [80.2405159, 13.0393758], [80.2405316, 13.0394896]]]}}, {"type": "Feature", "properties": {"osm_id": 354573991}, "geometry": {"type": "Polygon", "coordinates": [[[80.2424879, 13.0413339], [80.2426593, 13.0413039], [80.2426427, 13.0412139], [80.2424713, 13.0412439], [80.2424879, 13.0413339]]]}}, {"type": "Feature", "properties": {"osm_id": 354573994}, "geometry": {"type": "Polygon", "coordinates": [[[80.2384502, 13.040114], [80.2386204, 13.0400938], [80.2385993, 13.0399251], [80.2384291, 13.0399453], [80.2384502, 13.040114]]]}}, {"type": "Feature", "properties": {"osm_id": 354573995}, "geometry": {"type": "Polygon", "coordinates": [[[80.2402705, 13.0389467], [80.2403586, 13.0389382], [80.240347, 13.038824], [80.2402589, 13.0388325], [80.2402705, 13.0389467]]]}}, {"type": "Feature", "properties": {"osm_id": 354574000}, "geometry": {"type": "Polygon", "coordinates": [[[80.2390781, 13.0394034], [80.2392124, 13.0393875], [80.2391942, 13.0392415], [80.2390599, 13.0392574], [80.2390781, 13.0394034]]]}}, {"type": "Feature", "properties": {"osm_id": 354574001}, "geometry": {"type": "Polygon", "coordinates": [[[80.240405, 13.0394999], [80.240488, 13.039489], [80.2404723, 13.0393753], [80.2403893, 13.0393861], [80.240405, 13.0394999]]]}}, {"type": "Feature", "properties": {"osm_id": 354574004}, "geometry": {"type": "Polygon", "coordinates": [[[80.2386773, 13.0418475], [80.238768, 13.0418399], [80.2387617, 13.0417672], [80.2386709, 13.0417747], [80.2386773, 13.0418475]]]}}, {"type": "Feature", "properties": {"osm_id": 354574008}, "geometry": {"type": "Polygon", "coordinates": [[[80.2398086, 13.0422973], [80.2399076, 13.0422828], [80.2398527, 13.0419247], [80.2397536, 13.0419392], [80.2398086, 13.0422973]]]}}, {"type": "Feature", "properties": {"osm_id": 354574014}, "geometry": {"type": "Polygon", "coordinates": [[[80.2380349, 13.0404062], [80.2381686, 13.0403873], [80.2381549, 13.0402951], [80.2380211, 13.040314], [80.2380349, 13.0404062]]]}}, {"type": "Feature", "properties": {"osm_id": 354574016}, "geometry": {"type": "Polygon", "coordinates": [[[80.2389065, 13.0403505], [80.2394534, 13.0402856], [80.2394353, 13.0401407], [80.2388884, 13.0402056], [80.2389065, 13.0403505]]]}}, {"type": "Feature", "properties": {"osm_id": 354574017}, "geometry": {"type": "Polygon", "coordinates": [[[80.2398718, 13.0390232], [80.2401099, 13.0390003], [80.2400988, 13.0388912], [80.2398608, 13.0389141], [80.2398718, 13.0390232]]]}}, {"type": "Feature", "properties": {"osm_id": 354574018}, "geometry": {"type": "Polygon", "coordinates": [[[80.2392295, 13.0393276], [80.2394003, 13.0393074], [80.2393864, 13.0391966], [80.2392156, 13.0392168], [80.2392295, 13.0393276]]]}}, {"type": "Feature", "properties": {"osm_id": 354574020}, "geometry": {"type": "Polygon", "coordinates": [[[80.2389305, 13.0414622], [80.2390781, 13.0414467], [80.2390639, 13.0413177], [80.2389163, 13.0413332], [80.2389305, 13.0414622]]]}}, {"type": "Feature", "properties": {"osm_id": 354574021}, "geometry": {"type": "Polygon", "coordinates": [[[80.2396285, 13.0417932], [80.239737, 13.0417842], [80.2397311, 13.0417169], [80.2396226, 13.0417259], [80.2396285, 13.0417932]]]}}, {"type": "Feature", "properties": {"osm_id": 354574025}, "geometry": {"type": "Polygon", "coordinates": [[[80.242499, 13.0419141], [80.2426603, 13.0418894], [80.2426375, 13.0417483], [80.2424762, 13.0417731], [80.242499, 13.0419141]]]}}, {"type": "Feature", "properties": {"osm_id": 354574030}, "geometry": {"type": "Polygon", "coordinates": [[[80.2408622, 13.0401082], [80.2410672, 13.0400852], [80.2410422, 13.0398734], [80.2408372, 13.0398963], [80.2408622, 13.0401082]]]}}, {"type": "Feature", "properties": {"osm_id": 354574031}, "geometry": {"type": "Polygon", "coordinates": [[[80.2401531, 13.0390919], [80.2402778, 13.0390799], [80.2402665, 13.0389686], [80.2401418, 13.0389806], [80.2401531, 13.0390919]]]}}, {"type": "Feature", "properties": {"osm_id": 354574032}, "geometry": {"type": "Polygon", "coordinates": [[[80.240144, 13.0416721], [80.2402395, 13.0416626], [80.2402224, 13.0414985], [80.2401269, 13.041508], [80.240144, 13.0416721]]]}}, {"type": "Feature", "properties": {"osm_id": 354574037}, "geometry": {"type": "Polygon", "coordinates": [[[80.2389171, 13.0412726], [80.2390295, 13.0412608], [80.2390057, 13.0410445], [80.2388932, 13.0410563], [80.2389171, 13.0412726]]]}}, {"type": "Feature", "properties": {"osm_id": 354574039}, "geometry": {"type": "Polygon", "coordinates": [[[80.2410556, 13.0421333], [80.2411415, 13.042124], [80.2410964, 13.0417285], [80.2410104, 13.0417378], [80.2410556, 13.0421333]]]}}, {"type": "Feature", "properties": {"osm_id": 354574042}, "geometry": {"type": "Polygon", "coordinates": [[[80.2410801, 13.0412934], [80.2412445, 13.0412646], [80.2412173, 13.0411174], [80.241053, 13.0411461], [80.2410801, 13.0412934]]]}}, {"type": "Feature", "properties": {"osm_id": 354574045}, "geometry": {"type": "Polygon", "coordinates": [[[80.2395233, 13.0411717], [80.2396244, 13.0411612], [80.2396044, 13.04098], [80.2395033, 13.0409906], [80.2395233, 13.0411717]]]}}, {"type": "Feature", "properties": {"osm_id": 354574048}, "geometry": {"type": "Polygon", "coordinates": [[[80.2408549, 13.0398494], [80.2410513, 13.0398274], [80.2410352, 13.0396909], [80.2408389, 13.0397129], [80.2408549, 13.0398494]]]}}, {"type": "Feature", "properties": {"osm_id": 354574049}, "geometry": {"type": "Polygon", "coordinates": [[[80.239334, 13.0418202], [80.2394261, 13.0418106], [80.2393899, 13.0414822], [80.2392978, 13.0414919], [80.239334, 13.0418202]]]}}, {"type": "Feature", "properties": {"osm_id": 354574055}, "geometry": {"type": "Polygon", "coordinates": [[[80.2386337, 13.0414431], [80.2387084, 13.0414365], [80.238698, 13.0413268], [80.2386234, 13.0413335], [80.2386337, 13.0414431]]]}}, {"type": "Feature", "properties": {"osm_id": 354574058}, "geometry": {"type": "Polygon", "coordinates": [[[80.241228, 13.0420911], [80.2413346, 13.0420753], [80.2412792, 13.0417219], [80.2411726, 13.0417378], [80.241228, 13.0420911]]]}}, {"type": "Feature", "properties": {"osm_id": 354574062}, "geometry": {"type": "Polygon", "coordinates": [[[80.2423356, 13.0427561], [80.2425132, 13.0427358], [80.2424886, 13.0425325], [80.2423111, 13.0425528], [80.2423356, 13.0427561]]]}}, {"type": "Feature", "properties": {"osm_id": 354574066}, "geometry": {"type": "Polygon", "coordinates": [[[80.2403139, 13.042437], [80.2404212, 13.0424246], [80.2404128, 13.0423561], [80.2403055, 13.0423686], [80.2403139, 13.042437]]]}}, {"type": "Feature", "properties": {"osm_id": 354574069}, "geometry": {"type": "Polygon", "coordinates": [[[80.2420237, 13.0399914], [80.2421222, 13.0399804], [80.242094, 13.0397401], [80.2419953, 13.0397512], [80.2420237, 13.0399914]]]}}, {"type": "Feature", "properties": {"osm_id": 354574071}, "geometry": {"type": "Polygon", "coordinates": [[[80.2394837, 13.0417794], [80.2395878, 13.0417685], [80.2395443, 13.0413742], [80.2394402, 13.0413851], [80.2394837, 13.0417794]]]}}, {"type": "Feature", "properties": {"osm_id": 354574073}, "geometry": {"type": "Polygon", "coordinates": [[[80.2414613, 13.0424648], [80.2415608, 13.04245], [80.2415061, 13.0421012], [80.2414066, 13.042116], [80.2414613, 13.0424648]]]}}, {"type": "Feature", "properties": {"osm_id": 354574079}, "geometry": {"type": "Polygon", "coordinates": [[[80.2384458, 13.0413024], [80.238541, 13.0412939], [80.238526, 13.0411353], [80.2384308, 13.0411438], [80.2384458, 13.0413024]]]}}, {"type": "Feature", "properties": {"osm_id": 354574082}, "geometry": {"type": "Polygon", "coordinates": [[[80.2421958, 13.0428703], [80.2423108, 13.0428571], [80.2423026, 13.0427894], [80.2421876, 13.0428025], [80.2421958, 13.0428703]]]}}, {"type": "Feature", "properties": {"osm_id": 354574085}, "geometry": {"type": "Polygon", "coordinates": [[[80.2389979, 13.0415805], [80.2390753, 13.0415724], [80.2390632, 13.0414624], [80.2389858, 13.0414705], [80.2389979, 13.0415805]]]}}, {"type": "Feature", "properties": {"osm_id": 354574087}, "geometry": {"type": "Polygon", "coordinates": [[[80.2403305, 13.0397241], [80.2404792, 13.0397064], [80.2404692, 13.0396271], [80.2403206, 13.0396448], [80.2403305, 13.0397241]]]}}, {"type": "Feature", "properties": {"osm_id": 354574091}, "geometry": {"type": "Polygon", "coordinates": [[[80.2417683, 13.0399811], [80.24194, 13.0399619], [80.2419227, 13.039815], [80.241751, 13.0398342], [80.2417683, 13.0399811]]]}}, {"type": "Feature", "properties": {"osm_id": 354574095}, "geometry": {"type": "Polygon", "coordinates": [[[80.2418052, 13.0424342], [80.2419358, 13.0424148], [80.2419068, 13.0422299], [80.2417762, 13.0422493], [80.2418052, 13.0424342]]]}}, {"type": "Feature", "properties": {"osm_id": 354574112}, "geometry": {"type": "Polygon", "coordinates": [[[80.2417552, 13.043119], [80.2418326, 13.0431101], [80.2417737, 13.0426217], [80.2416963, 13.0426306], [80.2417552, 13.043119]]]}}, {"type": "Feature", "properties": {"osm_id": 354574113}, "geometry": {"type": "Polygon", "coordinates": [[[80.240525, 13.039753], [80.2407057, 13.0397294], [80.2406912, 13.0396245], [80.2405106, 13.0396482], [80.240525, 13.039753]]]}}, {"type": "Feature", "properties": {"osm_id": 354574127}, "geometry": {"type": "Polygon", "coordinates": [[[80.2384173, 13.0398146], [80.2385748, 13.0397959], [80.2385637, 13.0397067], [80.2384061, 13.0397253], [80.2384173, 13.0398146]]]}}, {"type": "Feature", "properties": {"osm_id": 354574133}, "geometry": {"type": "Polygon", "coordinates": [[[80.2392982, 13.0394454], [80.2394141, 13.0394317], [80.2394064, 13.0393696], [80.2392904, 13.0393833], [80.2392982, 13.0394454]]]}}, {"type": "Feature", "properties": {"osm_id": 354574134}, "geometry": {"type": "Polygon", "coordinates": [[[80.2404881, 13.0396258], [80.2406737, 13.0396015], [80.2406609, 13.0395089], [80.2404753, 13.0395332], [80.2404881, 13.0396258]]]}}, {"type": "Feature", "properties": {"osm_id": 354574165}, "geometry": {"type": "Polygon", "coordinates": [[[80.242728, 13.0430172], [80.2429445, 13.0429886], [80.2429179, 13.0427974], [80.2427015, 13.042826], [80.242728, 13.0430172]]]}}, {"type": "Feature", "properties": {"osm_id": 354574177}, "geometry": {"type": "Polygon", "coordinates": [[[80.2384344, 13.0399213], [80.2385856, 13.0399033], [80.2385755, 13.0398223], [80.2384243, 13.0398403], [80.2384344, 13.0399213]]]}}, {"type": "Feature", "properties": {"osm_id": 354574179}, "geometry": {"type": "Polygon", "coordinates": [[[80.2398814, 13.0391427], [80.2400126, 13.0391298], [80.2400014, 13.039021], [80.2398701, 13.0390338], [80.2398814, 13.0391427]]]}}, {"type": "Feature", "properties": {"osm_id": 354574181}, "geometry": {"type": "Polygon", "coordinates": [[[80.2390989, 13.0395572], [80.2392322, 13.0395414], [80.2392136, 13.0393928], [80.2390803, 13.0394086], [80.2390989, 13.0395572]]]}}, {"type": "Feature", "properties": {"osm_id": 354574184}, "geometry": {"type": "Polygon", "coordinates": [[[80.2388927, 13.042274], [80.2389916, 13.0422667], [80.2389822, 13.0421455], [80.2388833, 13.0421528], [80.2388927, 13.042274]]]}}, {"type": "Feature", "properties": {"osm_id": 354574185}, "geometry": {"type": "Polygon", "coordinates": [[[80.2391416, 13.0424102], [80.2392549, 13.0423937], [80.2392348, 13.042263], [80.2391215, 13.0422795], [80.2391416, 13.0424102]]]}}, {"type": "Feature", "properties": {"osm_id": 354574190}, "geometry": {"type": "Polygon", "coordinates": [[[80.2407629, 13.0410845], [80.2410568, 13.0410331], [80.2410344, 13.0409121], [80.2407406, 13.0409635], [80.2407629, 13.0410845]]]}}, {"type": "Feature", "properties": {"osm_id": 354574193}, "geometry": {"type": "Polygon", "coordinates": [[[80.2426771, 13.0418421], [80.2427999, 13.0418233], [80.2427457, 13.0414875], [80.2426228, 13.0415063], [80.2426771, 13.0418421]]]}}, {"type": "Feature", "properties": {"osm_id": 354574196}, "geometry": {"type": "Polygon", "coordinates": [[[80.2421995, 13.0421475], [80.2423386, 13.0421262], [80.2423131, 13.0419688], [80.2421741, 13.0419901], [80.2421995, 13.0421475]]]}}, {"type": "Feature", "properties": {"osm_id": 354574197}, "geometry": {"type": "Polygon", "coordinates": [[[80.2427468, 13.0427525], [80.2428626, 13.0427373], [80.2428405, 13.0425778], [80.2427247, 13.0425931], [80.2427468, 13.0427525]]]}}, {"type": "Feature", "properties": {"osm_id": 354574201}, "geometry": {"type": "Polygon", "coordinates": [[[80.2383935, 13.0396925], [80.2385228, 13.0396772], [80.238503, 13.0395191], [80.2383738, 13.0395344], [80.2383935, 13.0396925]]]}}, {"type": "Feature", "properties": {"osm_id": 354574203}, "geometry": {"type": "Polygon", "coordinates": [[[80.2400205, 13.0391215], [80.2401287, 13.0391112], [80.2401204, 13.0390282], [80.2400122, 13.0390385], [80.2400205, 13.0391215]]]}}, {"type": "Feature", "properties": {"osm_id": 354574204}, "geometry": {"type": "Polygon", "coordinates": [[[80.239953, 13.0414655], [80.2400404, 13.0414568], [80.2400276, 13.0413337], [80.2399401, 13.0413424], [80.239953, 13.0414655]]]}}, {"type": "Feature", "properties": {"osm_id": 354574206}, "geometry": {"type": "Polygon", "coordinates": [[[80.23818, 13.0414026], [80.2383049, 13.0413849], [80.2382723, 13.0411662], [80.2381474, 13.0411839], [80.23818, 13.0414026]]]}}, {"type": "Feature", "properties": {"osm_id": 354574210}, "geometry": {"type": "Polygon", "coordinates": [[[80.2387878, 13.0414346], [80.2388904, 13.0414238], [80.2388532, 13.0410865], [80.2387506, 13.0410972], [80.2387878, 13.0414346]]]}}, {"type": "Feature", "properties": {"osm_id": 354574211}, "geometry": {"type": "Polygon", "coordinates": [[[80.2383238, 13.0423852], [80.2385419, 13.0423535], [80.238515, 13.0421781], [80.2382969, 13.0422099], [80.2383238, 13.0423852]]]}}, {"type": "Feature", "properties": {"osm_id": 354574212}, "geometry": {"type": "Polygon", "coordinates": [[[80.2424336, 13.0423016], [80.2425443, 13.0422846], [80.2425098, 13.0420712], [80.2426981, 13.0420423], [80.2426802, 13.0419313], [80.2423812, 13.0419771], [80.2424336, 13.0423016]]]}}, {"type": "Feature", "properties": {"osm_id": 354574220}, "geometry": {"type": "Polygon", "coordinates": [[[80.2396924, 13.0411295], [80.2398039, 13.0411178], [80.2397967, 13.0410518], [80.2398518, 13.041046], [80.2398444, 13.0409796], [80.2396778, 13.040997], [80.2396924, 13.0411295]]]}}, {"type": "Feature", "properties": {"osm_id": 354574225}, "geometry": {"type": "Polygon", "coordinates": [[[80.2412863, 13.0430541], [80.2414011, 13.043041], [80.2413818, 13.0428814], [80.2414747, 13.0428708], [80.2414525, 13.0426866], [80.2412449, 13.0427104], [80.2412863, 13.0430541]]]}}, {"type": "Feature", "properties": {"osm_id": 354574229}, "geometry": {"type": "Polygon", "coordinates": [[[80.2423689, 13.0406921], [80.2424491, 13.040679], [80.2424533, 13.0407029], [80.242574, 13.0406831], [80.242528, 13.0404166], [80.2424051, 13.0404367], [80.2424109, 13.0404706], [80.2423329, 13.0404834], [80.2423689, 13.0406921]]]}}, {"type": "Feature", "properties": {"osm_id": 354574231}, "geometry": {"type": "Polygon", "coordinates": [[[80.2402323, 13.0393156], [80.2402818, 13.0393109], [80.2402767, 13.0392606], [80.2403163, 13.0392568], [80.2403214, 13.039307], [80.240385, 13.0393009], [80.2403748, 13.0392006], [80.2402222, 13.0392153], [80.2402323, 13.0393156]]]}}, {"type": "Feature", "properties": {"osm_id": 354574232}, "geometry": {"type": "Polygon", "coordinates": [[[80.2388996, 13.0424137], [80.2389478, 13.0424093], [80.2389467, 13.042398], [80.2389855, 13.0423944], [80.2389836, 13.0423748], [80.2390253, 13.0423709], [80.2390183, 13.042298], [80.2388896, 13.0423098], [80.2388996, 13.0424137]]]}}, {"type": "Feature", "properties": {"osm_id": 354574233}, "geometry": {"type": "Polygon", "coordinates": [[[80.2410954, 13.0425742], [80.2412249, 13.0425499], [80.2412034, 13.0424412], [80.241176, 13.0424464], [80.2411614, 13.0423729], [80.2410767, 13.0423889], [80.2411005, 13.0425092], [80.2410832, 13.0425124], [80.2410954, 13.0425742]]]}}, {"type": "Feature", "properties": {"osm_id": 354574236}, "geometry": {"type": "Polygon", "coordinates": [[[80.2388435, 13.041915], [80.2389294, 13.0419052], [80.2388806, 13.0414991], [80.2387946, 13.041509], [80.2388198, 13.0417178], [80.2388642, 13.0417128], [80.2388666, 13.0417327], [80.2388222, 13.0417377], [80.2388435, 13.041915]]]}}, {"type": "Feature", "properties": {"osm_id": 354574239}, "geometry": {"type": "Polygon", "coordinates": [[[80.2395837, 13.0414974], [80.2397103, 13.0414842], [80.2397024, 13.0414121], [80.2397168, 13.0414106], [80.2397078, 13.0413285], [80.2396489, 13.0413346], [80.239652, 13.041363], [80.23957, 13.0413715], [80.2395837, 13.0414974]]]}}, {"type": "Feature", "properties": {"osm_id": 354574240}, "geometry": {"type": "Polygon", "coordinates": [[[80.2396081, 13.0421728], [80.2396367, 13.0421686], [80.2396479, 13.0422414], [80.2397041, 13.0422332], [80.2396855, 13.0421115], [80.239714, 13.0421073], [80.2397044, 13.0420451], [80.2395911, 13.0420616], [80.2396081, 13.0421728]]]}}, {"type": "Feature", "properties": {"osm_id": 354574241}, "geometry": {"type": "Polygon", "coordinates": [[[80.2386949, 13.042319], [80.2387759, 13.0423102], [80.2387648, 13.0422129], [80.2387293, 13.0422167], [80.2387246, 13.0421756], [80.2386849, 13.0421799], [80.2386921, 13.0422429], [80.2386862, 13.0422435], [80.2386949, 13.042319]]]}}, {"type": "Feature", "properties": {"osm_id": 354574242}, "geometry": {"type": "Polygon", "coordinates": [[[80.2402883, 13.041723], [80.2404308, 13.0417024], [80.2403738, 13.041328], [80.2402314, 13.0413485], [80.2402452, 13.0414395], [80.2402723, 13.0414356], [80.2403051, 13.0416515], [80.2402781, 13.0416554], [80.2402883, 13.041723]]]}}, {"type": "Feature", "properties": {"osm_id": 354574243}, "geometry": {"type": "Polygon", "coordinates": [[[80.2405667, 13.0425726], [80.2406554, 13.0425622], [80.2406496, 13.0425147], [80.240693, 13.0425097], [80.2406854, 13.0424477], [80.2406488, 13.0424519], [80.2406455, 13.0424257], [80.24055, 13.0424368], [80.2405667, 13.0425726]]]}}, {"type": "Feature", "properties": {"osm_id": 354803257}, "geometry": {"type": "Polygon", "coordinates": [[[80.2387914, 13.0389279], [80.2388655, 13.0389198], [80.238853, 13.038811], [80.2387788, 13.0388192], [80.2387914, 13.0389279]]]}}, {"type": "Feature", "properties": {"osm_id": 354803268}, "geometry": {"type": "Polygon", "coordinates": [[[80.2384589, 13.0382651], [80.2385731, 13.0382553], [80.2385616, 13.0381269], [80.2384473, 13.0381367], [80.2384589, 13.0382651]]]}}, {"type": "Feature", "properties": {"osm_id": 354803284}, "geometry": {"type": "Polygon", "coordinates": [[[80.239556, 13.039014], [80.2396752, 13.0390009], [80.2396502, 13.038785], [80.2395311, 13.0387981], [80.239556, 13.039014]]]}}, {"type": "Feature", "properties": {"osm_id": 354803302}, "geometry": {"type": "Polygon", "coordinates": [[[80.2387373, 13.0396705], [80.23888, 13.0396552], [80.2388651, 13.0395234], [80.2387224, 13.0395387], [80.2387373, 13.0396705]]]}}, {"type": "Feature", "properties": {"osm_id": 354803317}, "geometry": {"type": "Polygon", "coordinates": [[[80.2382747, 13.038293], [80.2384241, 13.0382803], [80.238413, 13.038157], [80.2382636, 13.0381697], [80.2382747, 13.038293]]]}}, {"type": "Feature", "properties": {"osm_id": 354803320}, "geometry": {"type": "Polygon", "coordinates": [[[80.2386923, 13.0387304], [80.2387977, 13.0387188], [80.2387883, 13.0386377], [80.2386829, 13.0386492], [80.2386923, 13.0387304]]]}}, {"type": "Feature", "properties": {"osm_id": 354803345}, "geometry": {"type": "Polygon", "coordinates": [[[80.239208, 13.0387086], [80.2393866, 13.038689], [80.2393703, 13.0385477], [80.2391917, 13.0385673], [80.239208, 13.0387086]]]}}, {"type": "Feature", "properties": {"osm_id": 354803360}, "geometry": {"type": "Polygon", "coordinates": [[[80.2386152, 13.0382414], [80.2387513, 13.0382298], [80.2387404, 13.0381082], [80.2386042, 13.0381198], [80.2386152, 13.0382414]]]}}, {"type": "Feature", "properties": {"osm_id": 354803361}, "geometry": {"type": "Polygon", "coordinates": [[[80.23895, 13.0383851], [80.2390574, 13.038376], [80.2390439, 13.0382262], [80.2389365, 13.0382354], [80.23895, 13.0383851]]]}}, {"type": "Feature", "properties": {"osm_id": 354803368}, "geometry": {"type": "Polygon", "coordinates": [[[80.2382551, 13.0380954], [80.2383484, 13.0380838], [80.238311, 13.0377947], [80.2382778, 13.0377988], [80.2382177, 13.0378061], [80.2382551, 13.0380954]]]}}, {"type": "Feature", "properties": {"osm_id": 354803375}, "geometry": {"type": "Polygon", "coordinates": [[[80.2387953, 13.0400239], [80.2389364, 13.0400084], [80.2388979, 13.039675], [80.2387568, 13.0396904], [80.2387953, 13.0400239]]]}}, {"type": "Feature", "properties": {"osm_id": 354803425}, "geometry": {"type": "Polygon", "coordinates": [[[80.2386278, 13.0384166], [80.2387321, 13.0384076], [80.2387215, 13.0382894], [80.2386173, 13.0382983], [80.2386278, 13.0384166]]]}}, {"type": "Feature", "properties": {"osm_id": 354803427}, "geometry": {"type": "Polygon", "coordinates": [[[80.2387681, 13.0381922], [80.2388919, 13.0381817], [80.2388848, 13.0381019], [80.2387609, 13.0381125], [80.2387681, 13.0381922]]]}}, {"type": "Feature", "properties": {"osm_id": 354803454}, "geometry": {"type": "Polygon", "coordinates": [[[80.2394869, 13.0386731], [80.2395662, 13.0386644], [80.2395578, 13.0385913], [80.2394784, 13.0386], [80.2394869, 13.0386731]]]}}, {"type": "Feature", "properties": {"osm_id": 354803464}, "geometry": {"type": "Polygon", "coordinates": [[[80.2394568, 13.038305], [80.2395513, 13.0382969], [80.2395412, 13.0381861], [80.2394469, 13.0381943], [80.2394568, 13.038305]]]}}, {"type": "Feature", "properties": {"osm_id": 354803468}, "geometry": {"type": "Polygon", "coordinates": [[[80.2389338, 13.0390793], [80.2390242, 13.0390694], [80.2390075, 13.0389248], [80.2389171, 13.0389347], [80.2389338, 13.0390793]]]}}, {"type": "Feature", "properties": {"osm_id": 354803487}, "geometry": {"type": "Polygon", "coordinates": [[[80.2382859, 13.038482], [80.2384316, 13.0384696], [80.2384167, 13.038304], [80.2382709, 13.0383164], [80.2382859, 13.038482]]]}}, {"type": "Feature", "properties": {"osm_id": 354803492}, "geometry": {"type": "Polygon", "coordinates": [[[80.2387063, 13.0386131], [80.2388131, 13.0386014], [80.2387986, 13.0384759], [80.2386918, 13.0384877], [80.2387063, 13.0386131]]]}}, {"type": "Feature", "properties": {"osm_id": 354803507}, "geometry": {"type": "Polygon", "coordinates": [[[80.2392705, 13.0385368], [80.2393588, 13.0385272], [80.2393489, 13.0384414], [80.2392606, 13.0384511], [80.2392705, 13.0385368]]]}}, {"type": "Feature", "properties": {"osm_id": 354803518}, "geometry": {"type": "Polygon", "coordinates": [[[80.2388312, 13.0390938], [80.2389143, 13.0390847], [80.2388984, 13.0389466], [80.2388153, 13.0389557], [80.2388312, 13.0390938]]]}}, {"type": "Feature", "properties": {"osm_id": 354803520}, "geometry": {"type": "Polygon", "coordinates": [[[80.2384299, 13.0391897], [80.2385425, 13.0391774], [80.2385121, 13.0389142], [80.2383995, 13.0389266], [80.2384299, 13.0391897]]]}}, {"type": "Feature", "properties": {"osm_id": 354803532}, "geometry": {"type": "Polygon", "coordinates": [[[80.2386008, 13.038079], [80.2387533, 13.0380553], [80.2387053, 13.0377617], [80.2385527, 13.0377854], [80.2386008, 13.038079]]]}}, {"type": "Feature", "properties": {"osm_id": 354803549}, "geometry": {"type": "Polygon", "coordinates": [[[80.2392557, 13.0390399], [80.2393768, 13.0390266], [80.239348, 13.0387773], [80.2392269, 13.0387906], [80.2392557, 13.0390399]]]}}, {"type": "Feature", "properties": {"osm_id": 354803550}, "geometry": {"type": "Polygon", "coordinates": [[[80.2381168, 13.038325], [80.2382276, 13.0383111], [80.2382089, 13.0381698], [80.238098, 13.0381838], [80.2381168, 13.038325]]]}}, {"type": "Feature", "properties": {"osm_id": 354803554}, "geometry": {"type": "Polygon", "coordinates": [[[80.2383854, 13.038813], [80.2384864, 13.038802], [80.2384591, 13.0385659], [80.2383582, 13.038577], [80.2383854, 13.038813]]]}}, {"type": "Feature", "properties": {"osm_id": 354803620}, "geometry": {"type": "Polygon", "coordinates": [[[80.2384883, 13.0384345], [80.238589, 13.038426], [80.2385781, 13.0383048], [80.2384774, 13.0383133], [80.2384883, 13.0384345]]]}}, {"type": "Feature", "properties": {"osm_id": 354803624}, "geometry": {"type": "Polygon", "coordinates": [[[80.2388601, 13.0385868], [80.2389675, 13.038575], [80.2389571, 13.038485], [80.2388498, 13.0384968], [80.2388601, 13.0385868]]]}}, {"type": "Feature", "properties": {"osm_id": 354803677}, "geometry": {"type": "Polygon", "coordinates": [[[80.2380322, 13.0388822], [80.238165, 13.0388677], [80.2381609, 13.0388324], [80.2381088, 13.0388381], [80.2380994, 13.0387571], [80.2380188, 13.0387659], [80.2380322, 13.0388822]]]}}, {"type": "Feature", "properties": {"osm_id": 354803692}, "geometry": {"type": "Polygon", "coordinates": [[[80.2392595, 13.038324], [80.23942, 13.0383103], [80.23941, 13.0381985], [80.2392494, 13.0382123], [80.2392595, 13.038324]]]}}, {"type": "Feature", "properties": {"osm_id": 354803709}, "geometry": {"type": "Polygon", "coordinates": [[[80.2381241, 13.0392024], [80.2382284, 13.0391862], [80.2382032, 13.0390333], [80.238099, 13.0390495], [80.2381241, 13.0392024]]]}}, {"type": "Feature", "properties": {"osm_id": 354803734}, "geometry": {"type": "Polygon", "coordinates": [[[80.2388713, 13.0387667], [80.239012, 13.0387513], [80.2389935, 13.0385913], [80.2388529, 13.0386068], [80.2388713, 13.0387667]]]}}, {"type": "Feature", "properties": {"osm_id": 354803799}, "geometry": {"type": "Polygon", "coordinates": [[[80.2391856, 13.0385477], [80.2392566, 13.03854], [80.2392463, 13.0384505], [80.2391753, 13.0384583], [80.2391856, 13.0385477]]]}}, {"type": "Feature", "properties": {"osm_id": 354803815}, "geometry": {"type": "Polygon", "coordinates": [[[80.2387985, 13.0383643], [80.2389213, 13.0383539], [80.2389084, 13.0382106], [80.2387856, 13.038221], [80.2387985, 13.0383643]]]}}, {"type": "Feature", "properties": {"osm_id": 354803819}, "geometry": {"type": "Polygon", "coordinates": [[[80.2390911, 13.0382044], [80.2391996, 13.0381952], [80.2391871, 13.0380563], [80.2390786, 13.0380656], [80.2390911, 13.0382044]]]}}, {"type": "Feature", "properties": {"osm_id": 354803829}, "geometry": {"type": "Polygon", "coordinates": [[[80.238904, 13.0388857], [80.2390149, 13.0388736], [80.2390038, 13.0387776], [80.2388929, 13.0387898], [80.238904, 13.0388857]]]}}, {"type": "Feature", "properties": {"osm_id": 354803874}, "geometry": {"type": "Polygon", "coordinates": [[[80.239422, 13.0390162], [80.2395291, 13.0390045], [80.239506, 13.0388045], [80.239399, 13.0388162], [80.239422, 13.0390162]]]}}, {"type": "Feature", "properties": {"osm_id": 354803878}, "geometry": {"type": "Polygon", "coordinates": [[[80.2381378, 13.0384983], [80.2382456, 13.0384847], [80.2382272, 13.0383466], [80.2381196, 13.0383602], [80.2381378, 13.0384983]]]}}, {"type": "Feature", "properties": {"osm_id": 354803883}, "geometry": {"type": "Polygon", "coordinates": [[[80.2392225, 13.0381984], [80.239468, 13.0381775], [80.2394576, 13.0380628], [80.2393598, 13.0380712], [80.2393551, 13.0380198], [80.2392076, 13.0380324], [80.2392225, 13.0381984]]]}}, {"type": "Feature", "properties": {"osm_id": 354803885}, "geometry": {"type": "Polygon", "coordinates": [[[80.2391416, 13.0399646], [80.2392264, 13.0399555], [80.2392206, 13.0399041], [80.2392473, 13.0399012], [80.2392274, 13.0397247], [80.2391158, 13.0397367], [80.2391416, 13.0399646]]]}}, {"type": "Feature", "properties": {"osm_id": 354803887}, "geometry": {"type": "Polygon", "coordinates": [[[80.2390374, 13.0387654], [80.239109, 13.0387576], [80.2390998, 13.0386781], [80.2391528, 13.0386723], [80.2391321, 13.0384931], [80.2390075, 13.0385068], [80.2390374, 13.0387654]]]}}, {"type": "Feature", "properties": {"osm_id": 355091536}, "geometry": {"type": "Polygon", "coordinates": [[[80.239696, 13.0427727], [80.2397703, 13.0427645], [80.2397632, 13.0427033], [80.2398763, 13.0426909], [80.2398834, 13.0427522], [80.2399421, 13.0427458], [80.2399007, 13.0423868], [80.2398367, 13.0423938], [80.2398431, 13.0424493], [80.2397317, 13.0424615], [80.2397253, 13.042406], [80.2396546, 13.0424138], [80.239696, 13.0427727]]]}}, {"type": "Feature", "properties": {"osm_id": 355091630}, "geometry": {"type": "Polygon", "coordinates": [[[80.2401315, 13.0431488], [80.2402613, 13.0431264], [80.2402179, 13.0428875], [80.2400881, 13.0429099], [80.2401315, 13.0431488]]]}}, {"type": "Feature", "properties": {"osm_id": 355091640}, "geometry": {"type": "Polygon", "coordinates": [[[80.2403319, 13.0430416], [80.2405188, 13.0430139], [80.2404937, 13.0428533], [80.2403068, 13.042881], [80.2403319, 13.0430416]]]}}, {"type": "Feature", "properties": {"osm_id": 355091644}, "geometry": {"type": "Polygon", "coordinates": [[[80.2380331, 13.0424175], [80.2381179, 13.0424131], [80.2381137, 13.0423377], [80.238029, 13.0423421], [80.2380331, 13.0424175]]]}}, {"type": "Feature", "properties": {"osm_id": 355091653}, "geometry": {"type": "Polygon", "coordinates": [[[80.2405435, 13.0430087], [80.2407417, 13.042987], [80.2407223, 13.0428186], [80.2405241, 13.0428403], [80.2405435, 13.0430087]]]}}, {"type": "Feature", "properties": {"osm_id": 355091657}, "geometry": {"type": "Polygon", "coordinates": [[[80.2382921, 13.042139], [80.2383887, 13.0421182], [80.2383568, 13.0419777], [80.2382603, 13.0419985], [80.2382921, 13.042139]]]}}, {"type": "Feature", "properties": {"osm_id": 355091662}, "geometry": {"type": "Polygon", "coordinates": [[[80.2398537, 13.0431198], [80.2400347, 13.0430966], [80.2400117, 13.0429267], [80.2398307, 13.0429499], [80.2398537, 13.0431198]]]}}, {"type": "Feature", "properties": {"osm_id": 355091703}, "geometry": {"type": "Polygon", "coordinates": [[[80.2380459, 13.0423105], [80.2381343, 13.0423059], [80.2381293, 13.0422142], [80.2380409, 13.0422188], [80.2380459, 13.0423105]]]}}, {"type": "Feature", "properties": {"osm_id": 355091739}, "geometry": {"type": "Polygon", "coordinates": [[[80.2380189, 13.0422115], [80.238175, 13.0422021], [80.2381697, 13.0421178], [80.2380136, 13.0421271], [80.2380189, 13.0422115]]]}}, {"type": "Feature", "properties": {"osm_id": 355091764}, "geometry": {"type": "Polygon", "coordinates": [[[80.2380243, 13.0425333], [80.2381304, 13.0425277], [80.2381245, 13.0424197], [80.2380371, 13.0424242], [80.2380384, 13.0424476], [80.2380196, 13.0424486], [80.2380243, 13.0425333]]]}}, {"type": "Feature", "properties": {"osm_id": 355626617}, "geometry": {"type": "Polygon", "coordinates": [[[80.2385676, 13.0409603], [80.2386755, 13.040949], [80.2386469, 13.0406905], [80.238539, 13.0407018], [80.2385676, 13.0409603]]]}}, {"type": "Feature", "properties": {"osm_id": 355626630}, "geometry": {"type": "Polygon", "coordinates": [[[80.2381463, 13.0410557], [80.2382814, 13.0410363], [80.2382619, 13.0409066], [80.2381267, 13.040926], [80.2381463, 13.0410557]]]}}, {"type": "Feature", "properties": {"osm_id": 355626634}, "geometry": {"type": "Polygon", "coordinates": [[[80.2380846, 13.0409126], [80.2382091, 13.0408966], [80.2381929, 13.0407939], [80.2380683, 13.04081], [80.2380846, 13.0409126]]]}}, {"type": "Feature", "properties": {"osm_id": 355626635}, "geometry": {"type": "Polygon", "coordinates": [[[80.2394993, 13.0408558], [80.2396367, 13.0408414], [80.2396335, 13.0408128], [80.2396197, 13.0406877], [80.2394823, 13.0407022], [80.2394993, 13.0408558]]]}}, {"type": "Feature", "properties": {"osm_id": 355626642}, "geometry": {"type": "Polygon", "coordinates": [[[80.2391571, 13.040884], [80.2392775, 13.0408713], [80.2392625, 13.040735], [80.239142, 13.0407476], [80.2391571, 13.040884]]]}}, {"type": "Feature", "properties": {"osm_id": 355626665}, "geometry": {"type": "Polygon", "coordinates": [[[80.2398043, 13.0407123], [80.2399423, 13.0406978], [80.2399321, 13.040606], [80.2397942, 13.0406205], [80.2398043, 13.0407123]]]}}, {"type": "Feature", "properties": {"osm_id": 355626668}, "geometry": {"type": "Polygon", "coordinates": [[[80.2390125, 13.040874], [80.2391066, 13.0408641], [80.2390852, 13.0406714], [80.2389912, 13.0406813], [80.2390125, 13.040874]]]}}, {"type": "Feature", "properties": {"osm_id": 355626669}, "geometry": {"type": "Polygon", "coordinates": [[[80.2393781, 13.040844], [80.2394747, 13.0408339], [80.2394639, 13.0407359], [80.2393673, 13.040746], [80.2393781, 13.040844]]]}}, {"type": "Feature", "properties": {"osm_id": 355626672}, "geometry": {"type": "Polygon", "coordinates": [[[80.2403059, 13.0407146], [80.2404693, 13.0406974], [80.2404502, 13.0405246], [80.2402867, 13.0405417], [80.2403059, 13.0407146]]]}}, {"type": "Feature", "properties": {"osm_id": 355626673}, "geometry": {"type": "Polygon", "coordinates": [[[80.2430355, 13.0398736], [80.2431925, 13.039853], [80.2431465, 13.0395201], [80.2429896, 13.0395407], [80.2430355, 13.0398736]]]}}, {"type": "Feature", "properties": {"osm_id": 355626689}, "geometry": {"type": "Polygon", "coordinates": [[[80.2409804, 13.041582], [80.2413154, 13.0415409], [80.2413025, 13.0414406], [80.2409674, 13.0414817], [80.2409804, 13.041582]]]}}, {"type": "Feature", "properties": {"osm_id": 355626697}, "geometry": {"type": "Polygon", "coordinates": [[[80.2386991, 13.0409467], [80.2388231, 13.0409337], [80.2388083, 13.0408001], [80.2387443, 13.0408068], [80.2387312, 13.0406881], [80.2386712, 13.0406944], [80.2386991, 13.0409467]]]}}, {"type": "Feature", "properties": {"osm_id": 355669581}, "geometry": {"type": "Polygon", "coordinates": [[[80.2402714, 13.0400089], [80.2404332, 13.0399896], [80.2404166, 13.039857], [80.2402548, 13.0398763], [80.2402714, 13.0400089]]]}}, {"type": "Feature", "properties": {"osm_id": 364335440}, "geometry": {"type": "Polygon", "coordinates": [[[80.2407929, 13.0388905], [80.240765, 13.0386332], [80.2406558, 13.0386444], [80.2406838, 13.0389018], [80.2407929, 13.0388905]]]}}, {"type": "Feature", "properties": {"osm_id": 364335455}, "geometry": {"type": "Polygon", "coordinates": [[[80.2382234, 13.0388757], [80.2383459, 13.0388604], [80.2383069, 13.038565], [80.2381844, 13.0385804], [80.2382234, 13.0388757]]]}}, {"type": "Feature", "properties": {"osm_id": 364335493}, "geometry": {"type": "Polygon", "coordinates": [[[80.2420588, 13.0387092], [80.2421427, 13.0387001], [80.242126, 13.0385536], [80.2420421, 13.0385627], [80.2420588, 13.0387092]]]}}, {"type": "Feature", "properties": {"osm_id": 364335501}, "geometry": {"type": "Polygon", "coordinates": [[[80.2385407, 13.0387669], [80.2386459, 13.0387568], [80.2386296, 13.0385943], [80.2385243, 13.0386044], [80.2385407, 13.0387669]]]}}, {"type": "Feature", "properties": {"osm_id": 364335511}, "geometry": {"type": "Polygon", "coordinates": [[[80.2385806, 13.0389863], [80.2386852, 13.0389766], [80.2386766, 13.0388879], [80.238572, 13.0388975], [80.2385806, 13.0389863]]]}}, {"type": "Feature", "properties": {"osm_id": 364335534}, "geometry": {"type": "Polygon", "coordinates": [[[80.2414962, 13.0388422], [80.2416075, 13.0388273], [80.2415752, 13.0385982], [80.2414639, 13.0386131], [80.2414962, 13.0388422]]]}}, {"type": "Feature", "properties": {"osm_id": 364335546}, "geometry": {"type": "Polygon", "coordinates": [[[80.2422283, 13.0390039], [80.2423659, 13.0389932], [80.2423542, 13.0388517], [80.2422166, 13.0388625], [80.2422283, 13.0390039]]]}}, {"type": "Feature", "properties": {"osm_id": 364335584}, "geometry": {"type": "Polygon", "coordinates": [[[80.2398231, 13.0389002], [80.2400947, 13.0388708], [80.24008, 13.0387417], [80.2398084, 13.0387711], [80.2398231, 13.0389002]]]}}, {"type": "Feature", "properties": {"osm_id": 1064024297}, "geometry": {"type": "Polygon", "coordinates": [[[80.2384054, 13.0425871], [80.2384093, 13.0424225], [80.2385219, 13.0424251], [80.2385179, 13.0425896], [80.2384054, 13.0425871]]]}}, {"type": "Feature", "properties": {"osm_id": 1111230180}, "geometry": {"type": "Polygon", "coordinates": [[[80.2399577, 13.0396995], [80.2399454, 13.0396121], [80.2402599, 13.0395701], [80.2402722, 13.0396576], [80.2399577, 13.0396995]]]}}, {"type": "Feature", "properties": {"osm_id": 1111230181}, "geometry": {"type": "Polygon", "coordinates": [[[80.2399618, 13.0398042], [80.2399532, 13.0397434], [80.2402853, 13.0396985], [80.2402939, 13.0397594], [80.2399618, 13.0398042]]]}}, {"type": "Feature", "properties": {"osm_id": 1111230182}, "geometry": {"type": "Polygon", "coordinates": [[[80.2390846, 13.0396457], [80.2389674, 13.0396604], [80.2389219, 13.039318], [80.239039, 13.0393032], [80.2390846, 13.0396457]]]}}, {"type": "Feature", "properties": {"osm_id": 1146452727}, "geometry": {"type": "Polygon", "coordinates": [[[80.2399811, 13.0400858], [80.2401364, 13.0400666], [80.2401118, 13.0398853], [80.2399696, 13.0399052], [80.2399604, 13.0399273], [80.2399811, 13.0400858]]]}}, {"type": "Feature", "properties": {"osm_id": 1146452728}, "geometry": {"type": "Polygon", "coordinates": [[[80.2401118, 13.0398853], [80.2402465, 13.039868], [80.2402717, 13.0400536], [80.2402942, 13.0402198], [80.2401595, 13.0402371], [80.2401364, 13.0400666], [80.2401118, 13.0398853]]]}}, {"type": "Feature", "properties": {"osm_id": 1146452729}, "geometry": {"type": "Polygon", "coordinates": [[[80.2402942, 13.0402198], [80.240295, 13.0402262], [80.2403654, 13.0402176], [80.2403567, 13.0401459], [80.2403444, 13.0400443], [80.2402717, 13.0400536], [80.2402942, 13.0402198]]]}}, {"type": "Feature", "properties": {"osm_id": 1146452730}, "geometry": {"type": "Polygon", "coordinates": [[[80.2403654, 13.0402176], [80.2404373, 13.0402092], [80.2404283, 13.0401369], [80.2403567, 13.0401459], [80.2403654, 13.0402176]]]}}, {"type": "Feature", "properties": {"osm_id": 1146452731}, "geometry": {"type": "Polygon", "coordinates": [[[80.2404373, 13.0402092], [80.2404381, 13.0402159], [80.240509, 13.0402075], [80.2404942, 13.0400886], [80.2404863, 13.0400249], [80.2404154, 13.0400333], [80.2404283, 13.0401369], [80.2404373, 13.0402092]]]}}, {"type": "Feature", "properties": {"osm_id": 1146452732}, "geometry": {"type": "Polygon", "coordinates": [[[80.240509, 13.0402075], [80.2405733, 13.0401994], [80.2405587, 13.0400797], [80.2404942, 13.0400886], [80.240509, 13.0402075]]]}}, {"type": "Feature", "properties": {"osm_id": 155211631}, "geometry": {"type": "Polygon", "coordinates": [[[80.233246, 13.0469536], [80.2332097, 13.0469256], [80.2331653, 13.0466725], [80.2331999, 13.0466352], [80.2333627, 13.0466128], [80.2334088, 13.0469312], [80.233246, 13.0469536]]]}}, {"type": "Feature", "properties": {"osm_id": 354573197}, "geometry": {"type": "Polygon", "coordinates": [[[80.2344365, 13.0450507], [80.2344917, 13.0450415], [80.2344852, 13.0450046], [80.2345164, 13.0449994], [80.2345212, 13.0450271], [80.2345862, 13.0450162], [80.2345689, 13.0449176], [80.2345271, 13.0449246], [80.2345254, 13.0449148], [80.2344158, 13.0449331], [80.2344365, 13.0450507]]]}}, {"type": "Feature", "properties": {"osm_id": 354573199}, "geometry": {"type": "Polygon", "coordinates": [[[80.2342485, 13.0441428], [80.2342816, 13.0441383], [80.2342891, 13.04419], [80.2343288, 13.0441846], [80.2343262, 13.044167], [80.234362, 13.0441621], [80.234365, 13.0441825], [80.2344074, 13.0441767], [80.2343892, 13.0440518], [80.2342382, 13.0440726], [80.2342485, 13.0441428]]]}}, {"type": "Feature", "properties": {"osm_id": 354573205}, "geometry": {"type": "Polygon", "coordinates": [[[80.2347087, 13.0439547], [80.2347477, 13.0439492], [80.234746, 13.0439379], [80.2348269, 13.0439267], [80.2348199, 13.0438786], [80.2348313, 13.0438771], [80.2348267, 13.0438451], [80.2348491, 13.043842], [80.2348331, 13.0437317], [80.2346795, 13.0437528], [80.2347087, 13.0439547]]]}}, {"type": "Feature", "properties": {"osm_id": 354573207}, "geometry": {"type": "Polygon", "coordinates": [[[80.234358, 13.0434017], [80.2344682, 13.0433817], [80.2344546, 13.0433106], [80.2344404, 13.0433132], [80.234438, 13.0433007], [80.2344522, 13.0432982], [80.2344369, 13.0432184], [80.2343267, 13.0432385], [80.2343396, 13.0433059], [80.2343704, 13.0433003], [80.234373, 13.0433136], [80.2343421, 13.0433192], [80.234358, 13.0434017]]]}}, {"type": "Feature", "properties": {"osm_id": 354573221}, "geometry": {"type": "Polygon", "coordinates": [[[80.2336299, 13.0451843], [80.2336832, 13.045177], [80.2336737, 13.0451104], [80.2336989, 13.045107], [80.2337051, 13.0451504], [80.2337568, 13.0451433], [80.2337347, 13.0449891], [80.2336983, 13.0449941], [80.2336959, 13.0449769], [80.2336361, 13.0449851], [80.2336389, 13.0450048], [80.2336048, 13.0450094], [80.2336299, 13.0451843]]]}}, {"type": "Feature", "properties": {"osm_id": 354573231}, "geometry": {"type": "Polygon", "coordinates": [[[80.2350077, 13.0445699], [80.2351641, 13.0445437], [80.2351303, 13.0443519], [80.2351125, 13.0443548], [80.2351061, 13.0443187], [80.2350892, 13.0443215], [80.2350768, 13.044251], [80.2350203, 13.0442604], [80.2350327, 13.0443311], [80.235013, 13.0443344], [80.2350184, 13.044365], [80.2349861, 13.0443704], [80.2349989, 13.0444431], [80.2349857, 13.0444453], [80.2350077, 13.0445699]]]}}, {"type": "Feature", "properties": {"osm_id": 354573240}, "geometry": {"type": "Polygon", "coordinates": [[[80.2352181, 13.0444738], [80.2352778, 13.0444639], [80.2352753, 13.0444494], [80.2353063, 13.0444442], [80.2353089, 13.044459], [80.2353719, 13.0444485], [80.2353545, 13.04435], [80.2353303, 13.044354], [80.2353193, 13.0442915], [80.2353435, 13.0442874], [80.2353281, 13.0441997], [80.2351743, 13.0442254], [80.2351907, 13.0443183], [80.2352088, 13.0443153], [80.2352202, 13.0443796], [80.235202, 13.0443826], [80.2352181, 13.0444738]]]}}, {"type": "Feature", "properties": {"osm_id": 354573246}, "geometry": {"type": "Polygon", "coordinates": [[[80.2340854, 13.0440717], [80.2341718, 13.0440599], [80.2341645, 13.0440092], [80.2341517, 13.044011], [80.234145, 13.0439647], [80.2341577, 13.043963], [80.2341532, 13.0439314], [80.2341408, 13.0439331], [80.2341355, 13.0438966], [80.2341479, 13.0438948], [80.2341436, 13.0438653], [80.2340436, 13.043879], [80.2340504, 13.0439258], [80.2340413, 13.0439271], [80.2340557, 13.0440258], [80.2340783, 13.0440226], [80.2340854, 13.0440717]]]}}, {"type": "Feature", "properties": {"osm_id": 354573266}, "geometry": {"type": "Polygon", "coordinates": [[[80.2374427, 13.0474075], [80.2375608, 13.047378], [80.2375047, 13.0471646], [80.2373865, 13.0471941], [80.2374427, 13.0474075]]]}}, {"type": "Feature", "properties": {"osm_id": 354573269}, "geometry": {"type": "Polygon", "coordinates": [[[80.23402, 13.0447988], [80.2341346, 13.0447834], [80.2341196, 13.0446774], [80.234005, 13.0446927], [80.23402, 13.0447988]]]}}, {"type": "Feature", "properties": {"osm_id": 354573295}, "geometry": {"type": "Polygon", "coordinates": [[[80.2336225, 13.0437318], [80.2337281, 13.0437189], [80.2337093, 13.0435719], [80.2336037, 13.0435847], [80.2336225, 13.0437318]]]}}, {"type": "Feature", "properties": {"osm_id": 354573301}, "geometry": {"type": "Polygon", "coordinates": [[[80.2366506, 13.04757], [80.2367997, 13.0475456], [80.2367667, 13.0473546], [80.2366176, 13.047379], [80.2366506, 13.04757]]]}}, {"type": "Feature", "properties": {"osm_id": 354573314}, "geometry": {"type": "Polygon", "coordinates": [[[80.2335729, 13.0441219], [80.2336869, 13.0441061], [80.2336637, 13.0439456], [80.2335496, 13.0439613], [80.2335729, 13.0441219]]]}}, {"type": "Feature", "properties": {"osm_id": 354573327}, "geometry": {"type": "Polygon", "coordinates": [[[80.2336826, 13.0445882], [80.2337611, 13.0445777], [80.2337544, 13.0445301], [80.2336759, 13.0445406], [80.2336826, 13.0445882]]]}}, {"type": "Feature", "properties": {"osm_id": 354573357}, "geometry": {"type": "Polygon", "coordinates": [[[80.2337559, 13.0436778], [80.2338726, 13.0436636], [80.2338538, 13.043517], [80.2337371, 13.0435312], [80.2337559, 13.0436778]]]}}, {"type": "Feature", "properties": {"osm_id": 354573367}, "geometry": {"type": "Polygon", "coordinates": [[[80.2365121, 13.0476124], [80.2365813, 13.0475977], [80.2365325, 13.0473805], [80.2364633, 13.0473953], [80.2365121, 13.0476124]]]}}, {"type": "Feature", "properties": {"osm_id": 354573371}, "geometry": {"type": "Polygon", "coordinates": [[[80.2350607, 13.0435079], [80.2351518, 13.0434913], [80.235122, 13.0433364], [80.235031, 13.043353], [80.2350607, 13.0435079]]]}}, {"type": "Feature", "properties": {"osm_id": 354573374}, "geometry": {"type": "Polygon", "coordinates": [[[80.2331574, 13.0436076], [80.2332658, 13.0435899], [80.2332417, 13.04345], [80.2331333, 13.0434677], [80.2331574, 13.0436076]]]}}, {"type": "Feature", "properties": {"osm_id": 354573387}, "geometry": {"type": "Polygon", "coordinates": [[[80.2337584, 13.0441281], [80.2338511, 13.0441154], [80.2338229, 13.0439209], [80.2337302, 13.0439336], [80.2337584, 13.0441281]]]}}, {"type": "Feature", "properties": {"osm_id": 354573417}, "geometry": {"type": "Polygon", "coordinates": [[[80.2346546, 13.0435537], [80.234774, 13.0435391], [80.2347591, 13.0434228], [80.2346397, 13.0434374], [80.2346546, 13.0435537]]]}}, {"type": "Feature", "properties": {"osm_id": 354573441}, "geometry": {"type": "Polygon", "coordinates": [[[80.2330269, 13.043587], [80.233144, 13.0435678], [80.2331178, 13.0434159], [80.2330008, 13.043435], [80.2330269, 13.043587]]]}}, {"type": "Feature", "properties": {"osm_id": 354573462}, "geometry": {"type": "Polygon", "coordinates": [[[80.2347796, 13.0450161], [80.2348539, 13.0450063], [80.2348291, 13.044829], [80.2347548, 13.0448388], [80.2347796, 13.0450161]]]}}, {"type": "Feature", "properties": {"osm_id": 354573480}, "geometry": {"type": "Polygon", "coordinates": [[[80.2343603, 13.0452901], [80.2344334, 13.0452802], [80.23438, 13.0449085], [80.2343069, 13.0449185], [80.2343603, 13.0452901]]]}}, {"type": "Feature", "properties": {"osm_id": 354573489}, "geometry": {"type": "Polygon", "coordinates": [[[80.2362595, 13.0476692], [80.2363328, 13.0476542], [80.2362875, 13.0474439], [80.2362142, 13.0474589], [80.2362595, 13.0476692]]]}}, {"type": "Feature", "properties": {"osm_id": 354573492}, "geometry": {"type": "Polygon", "coordinates": [[[80.234451, 13.044429], [80.2345545, 13.0444117], [80.2345375, 13.0443152], [80.2344341, 13.0443325], [80.234451, 13.044429]]]}}, {"type": "Feature", "properties": {"osm_id": 354573498}, "geometry": {"type": "Polygon", "coordinates": [[[80.2340026, 13.0453205], [80.2341438, 13.0453013], [80.2341208, 13.045141], [80.2339796, 13.0451603], [80.2340026, 13.0453205]]]}}, {"type": "Feature", "properties": {"osm_id": 354573513}, "geometry": {"type": "Polygon", "coordinates": [[[80.2346817, 13.0450107], [80.2347672, 13.0449993], [80.2347479, 13.0448617], [80.2346625, 13.044873], [80.2346817, 13.0450107]]]}}, {"type": "Feature", "properties": {"osm_id": 354573537}, "geometry": {"type": "Polygon", "coordinates": [[[80.2345092, 13.045279], [80.234604, 13.0452632], [80.2345763, 13.045106], [80.2344816, 13.0451218], [80.2345092, 13.045279]]]}}, {"type": "Feature", "properties": {"osm_id": 354573543}, "geometry": {"type": "Polygon", "coordinates": [[[80.2330039, 13.0431178], [80.2330502, 13.0431102], [80.2330409, 13.0430561], [80.2329946, 13.0430636], [80.2330039, 13.0431178]]]}}, {"type": "Feature", "properties": {"osm_id": 354573569}, "geometry": {"type": "Polygon", "coordinates": [[[80.2380281, 13.0469836], [80.2381105, 13.0469649], [80.2380365, 13.0466556], [80.2379541, 13.0466744], [80.2380281, 13.0469836]]]}}, {"type": "Feature", "properties": {"osm_id": 354573573}, "geometry": {"type": "Polygon", "coordinates": [[[80.234569, 13.0444454], [80.2346184, 13.0444372], [80.2345942, 13.0442992], [80.2345447, 13.0443074], [80.234569, 13.0444454]]]}}, {"type": "Feature", "properties": {"osm_id": 354573577}, "geometry": {"type": "Polygon", "coordinates": [[[80.235426, 13.0457515], [80.2356542, 13.0457168], [80.2356371, 13.04561], [80.2354089, 13.0456447], [80.235426, 13.0457515]]]}}, {"type": "Feature", "properties": {"osm_id": 354573580}, "geometry": {"type": "Polygon", "coordinates": [[[80.2341766, 13.0452821], [80.2343128, 13.0452589], [80.2342878, 13.04512], [80.2341515, 13.0451433], [80.2341766, 13.0452821]]]}}, {"type": "Feature", "properties": {"osm_id": 354573589}, "geometry": {"type": "Polygon", "coordinates": [[[80.2346785, 13.0446953], [80.2347407, 13.0446849], [80.2347181, 13.0445565], [80.2346559, 13.0445669], [80.2346785, 13.0446953]]]}}, {"type": "Feature", "properties": {"osm_id": 354573613}, "geometry": {"type": "Polygon", "coordinates": [[[80.237171, 13.0475038], [80.2372704, 13.0474813], [80.2372382, 13.0473471], [80.2371388, 13.0473697], [80.237171, 13.0475038]]]}}, {"type": "Feature", "properties": {"osm_id": 354573630}, "geometry": {"type": "Polygon", "coordinates": [[[80.2352493, 13.0457893], [80.2353997, 13.0457662], [80.2353774, 13.0456285], [80.235227, 13.0456516], [80.2352493, 13.0457893]]]}}, {"type": "Feature", "properties": {"osm_id": 354573636}, "geometry": {"type": "Polygon", "coordinates": [[[80.2347571, 13.0446715], [80.234819, 13.0446612], [80.234792, 13.0445077], [80.2347301, 13.044518], [80.2347571, 13.0446715]]]}}, {"type": "Feature", "properties": {"osm_id": 354573654}, "geometry": {"type": "Polygon", "coordinates": [[[80.2371472, 13.0473419], [80.2372379, 13.0473213], [80.2372065, 13.0471903], [80.2371158, 13.0472109], [80.2371472, 13.0473419]]]}}, {"type": "Feature", "properties": {"osm_id": 354573657}, "geometry": {"type": "Polygon", "coordinates": [[[80.2338122, 13.0448173], [80.2338882, 13.0448071], [80.2338755, 13.0447171], [80.2337995, 13.0447273], [80.2338122, 13.0448173]]]}}, {"type": "Feature", "properties": {"osm_id": 354573672}, "geometry": {"type": "Polygon", "coordinates": [[[80.2333079, 13.0437657], [80.2334387, 13.0437497], [80.2334207, 13.0436094], [80.2332899, 13.0436253], [80.2333079, 13.0437657]]]}}, {"type": "Feature", "properties": {"osm_id": 354573676}, "geometry": {"type": "Polygon", "coordinates": [[[80.2368221, 13.0472359], [80.236959, 13.0472018], [80.2368801, 13.0469018], [80.2367432, 13.046936], [80.2368221, 13.0472359]]]}}, {"type": "Feature", "properties": {"osm_id": 354573686}, "geometry": {"type": "Polygon", "coordinates": [[[80.2352918, 13.0445854], [80.235359, 13.0445804], [80.2353539, 13.0445154], [80.2352867, 13.0445204], [80.2352918, 13.0445854]]]}}, {"type": "Feature", "properties": {"osm_id": 354573689}, "geometry": {"type": "Polygon", "coordinates": [[[80.2339114, 13.0448374], [80.2339949, 13.0448262], [80.2339781, 13.0447069], [80.2338946, 13.0447181], [80.2339114, 13.0448374]]]}}, {"type": "Feature", "properties": {"osm_id": 354573699}, "geometry": {"type": "Polygon", "coordinates": [[[80.2335149, 13.0432728], [80.233624, 13.0432528], [80.233597, 13.0431125], [80.2334879, 13.0431325], [80.2335149, 13.0432728]]]}}, {"type": "Feature", "properties": {"osm_id": 354573701}, "geometry": {"type": "Polygon", "coordinates": [[[80.2334678, 13.0437332], [80.233588, 13.0437186], [80.2335713, 13.0435888], [80.2334511, 13.0436034], [80.2334678, 13.0437332]]]}}, {"type": "Feature", "properties": {"osm_id": 354573709}, "geometry": {"type": "Polygon", "coordinates": [[[80.2365689, 13.047322], [80.2367253, 13.047283], [80.2367008, 13.0471897], [80.2365443, 13.0472287], [80.2365689, 13.047322]]]}}, {"type": "Feature", "properties": {"osm_id": 354573738}, "geometry": {"type": "Polygon", "coordinates": [[[80.234851, 13.0451813], [80.2349883, 13.0451631], [80.2349684, 13.0450207], [80.2348311, 13.045039], [80.234851, 13.0451813]]]}}, {"type": "Feature", "properties": {"osm_id": 354573739}, "geometry": {"type": "Polygon", "coordinates": [[[80.2334628, 13.0443723], [80.2335695, 13.0443577], [80.233549, 13.0442157], [80.2334423, 13.0442303], [80.2334628, 13.0443723]]]}}, {"type": "Feature", "properties": {"osm_id": 354573744}, "geometry": {"type": "Polygon", "coordinates": [[[80.2339077, 13.0440208], [80.2340099, 13.0440067], [80.233994, 13.0438967], [80.2338918, 13.0439108], [80.2339077, 13.0440208]]]}}, {"type": "Feature", "properties": {"osm_id": 354573748}, "geometry": {"type": "Polygon", "coordinates": [[[80.233032, 13.0433196], [80.2330861, 13.0433108], [80.2330531, 13.0431191], [80.2329991, 13.043128], [80.233032, 13.0433196]]]}}, {"type": "Feature", "properties": {"osm_id": 354573751}, "geometry": {"type": "Polygon", "coordinates": [[[80.2341394, 13.0444536], [80.234265, 13.0444326], [80.2342513, 13.0443546], [80.2341257, 13.0443756], [80.2341394, 13.0444536]]]}}, {"type": "Feature", "properties": {"osm_id": 354573754}, "geometry": {"type": "Polygon", "coordinates": [[[80.233569, 13.0453988], [80.2336475, 13.0453881], [80.2336218, 13.0452086], [80.2335433, 13.0452193], [80.233569, 13.0453988]]]}}, {"type": "Feature", "properties": {"osm_id": 354573761}, "geometry": {"type": "Polygon", "coordinates": [[[80.2348599, 13.0449816], [80.2349562, 13.0449688], [80.2349335, 13.0448072], [80.2348372, 13.04482], [80.2348599, 13.0449816]]]}}, {"type": "Feature", "properties": {"osm_id": 354573765}, "geometry": {"type": "Polygon", "coordinates": [[[80.2332557, 13.044372], [80.2333321, 13.0443615], [80.2333079, 13.0441944], [80.2332315, 13.044205], [80.2332557, 13.044372]]]}}, {"type": "Feature", "properties": {"osm_id": 354573781}, "geometry": {"type": "Polygon", "coordinates": [[[80.234114, 13.0451102], [80.2341939, 13.0450994], [80.2341672, 13.0449131], [80.2340873, 13.0449239], [80.234114, 13.0451102]]]}}, {"type": "Feature", "properties": {"osm_id": 354573796}, "geometry": {"type": "Polygon", "coordinates": [[[80.2343148, 13.0445127], [80.2344503, 13.0444901], [80.2344192, 13.0443138], [80.2342837, 13.0443364], [80.2343148, 13.0445127]]]}}, {"type": "Feature", "properties": {"osm_id": 354573798}, "geometry": {"type": "Polygon", "coordinates": [[[80.2355529, 13.0460767], [80.2357113, 13.0460556], [80.2356927, 13.0459225], [80.2355342, 13.0459435], [80.2355529, 13.0460767]]]}}, {"type": "Feature", "properties": {"osm_id": 354573800}, "geometry": {"type": "Polygon", "coordinates": [[[80.2336778, 13.0453858], [80.2337872, 13.0453709], [80.2337661, 13.0452239], [80.2336567, 13.0452388], [80.2336778, 13.0453858]]]}}, {"type": "Feature", "properties": {"osm_id": 354573814}, "geometry": {"type": "Polygon", "coordinates": [[[80.2371156, 13.0471929], [80.2372111, 13.0471712], [80.2371683, 13.0469924], [80.2370728, 13.0470141], [80.2371156, 13.0471929]]]}}, {"type": "Feature", "properties": {"osm_id": 354573819}, "geometry": {"type": "Polygon", "coordinates": [[[80.2337883, 13.0451176], [80.233949, 13.0450957], [80.2339273, 13.044944], [80.2337665, 13.0449659], [80.2337883, 13.0451176]]]}}, {"type": "Feature", "properties": {"osm_id": 354573829}, "geometry": {"type": "Polygon", "coordinates": [[[80.2352889, 13.0459269], [80.2356463, 13.0458716], [80.2356329, 13.045789], [80.2352754, 13.0458443], [80.2352889, 13.0459269]]]}}, {"type": "Feature", "properties": {"osm_id": 354573837}, "geometry": {"type": "Polygon", "coordinates": [[[80.2348747, 13.0438975], [80.2349416, 13.0438882], [80.2349166, 13.0437156], [80.2348496, 13.0437248], [80.2348747, 13.0438975]]]}}, {"type": "Feature", "properties": {"osm_id": 354573854}, "geometry": {"type": "Polygon", "coordinates": [[[80.2370417, 13.0469874], [80.2371483, 13.0469631], [80.2371129, 13.0468152], [80.2370063, 13.0468394], [80.2370417, 13.0469874]]]}}, {"type": "Feature", "properties": {"osm_id": 354573858}, "geometry": {"type": "Polygon", "coordinates": [[[80.233561, 13.0448229], [80.2336574, 13.0448099], [80.2336347, 13.0446493], [80.2335384, 13.0446622], [80.233561, 13.0448229]]]}}, {"type": "Feature", "properties": {"osm_id": 354573879}, "geometry": {"type": "Polygon", "coordinates": [[[80.2329974, 13.0437529], [80.2331354, 13.0437361], [80.2331187, 13.0436057], [80.2329807, 13.0436225], [80.2329974, 13.0437529]]]}}, {"type": "Feature", "properties": {"osm_id": 354573883}, "geometry": {"type": "Polygon", "coordinates": [[[80.2379703, 13.0473034], [80.2380652, 13.0472797], [80.2380072, 13.0470592], [80.2379123, 13.0470829], [80.2379703, 13.0473034]]]}}, {"type": "Feature", "properties": {"osm_id": 354573891}, "geometry": {"type": "Polygon", "coordinates": [[[80.2336748, 13.0448483], [80.2337871, 13.0448333], [80.2337746, 13.0447447], [80.2336623, 13.0447598], [80.2336748, 13.0448483]]]}}, {"type": "Feature", "properties": {"osm_id": 354573906}, "geometry": {"type": "Polygon", "coordinates": [[[80.2331459, 13.0437722], [80.233282, 13.0437557], [80.2332662, 13.0436323], [80.2331301, 13.0436489], [80.2331459, 13.0437722]]]}}, {"type": "Feature", "properties": {"osm_id": 354573914}, "geometry": {"type": "Polygon", "coordinates": [[[80.2374029, 13.0470956], [80.2374927, 13.0470732], [80.2374148, 13.046777], [80.237325, 13.0467994], [80.2374029, 13.0470956]]]}}, {"type": "Feature", "properties": {"osm_id": 354573939}, "geometry": {"type": "Polygon", "coordinates": [[[80.234673, 13.0452481], [80.2348181, 13.0452288], [80.2347895, 13.0450245], [80.2346444, 13.0450438], [80.234673, 13.0452481]]]}}, {"type": "Feature", "properties": {"osm_id": 354573948}, "geometry": {"type": "Polygon", "coordinates": [[[80.2358882, 13.0441288], [80.2359642, 13.0441149], [80.235937, 13.0439733], [80.235861, 13.0439871], [80.2358882, 13.0441288]]]}}, {"type": "Feature", "properties": {"osm_id": 354573952}, "geometry": {"type": "Polygon", "coordinates": [[[80.2344931, 13.0446878], [80.2345341, 13.044681], [80.2345128, 13.04456], [80.2344718, 13.0445668], [80.2344931, 13.0446878]]]}}, {"type": "Feature", "properties": {"osm_id": 354573953}, "geometry": {"type": "Polygon", "coordinates": [[[80.2334394, 13.0435608], [80.233569, 13.0435431], [80.2335451, 13.0433776], [80.2334155, 13.0433953], [80.2334394, 13.0435608]]]}}, {"type": "Feature", "properties": {"osm_id": 354573954}, "geometry": {"type": "Polygon", "coordinates": [[[80.2333323, 13.0454459], [80.2334686, 13.0454233], [80.2334417, 13.0452689], [80.2333053, 13.0452915], [80.2333323, 13.0454459]]]}}, {"type": "Feature", "properties": {"osm_id": 354573956}, "geometry": {"type": "Polygon", "coordinates": [[[80.2345829, 13.0439271], [80.2346606, 13.0439164], [80.2346382, 13.0437617], [80.2345605, 13.0437724], [80.2345829, 13.0439271]]]}}, {"type": "Feature", "properties": {"osm_id": 354573959}, "geometry": {"type": "Polygon", "coordinates": [[[80.2346071, 13.0450348], [80.2346656, 13.0450271], [80.2346453, 13.0448819], [80.2345868, 13.0448897], [80.2346071, 13.0450348]]]}}, {"type": "Feature", "properties": {"osm_id": 354573962}, "geometry": {"type": "Polygon", "coordinates": [[[80.2344349, 13.0441808], [80.2345577, 13.0441639], [80.2345358, 13.0440129], [80.2344131, 13.0440298], [80.2344349, 13.0441808]]]}}, {"type": "Feature", "properties": {"osm_id": 354573971}, "geometry": {"type": "Polygon", "coordinates": [[[80.2355434, 13.0454285], [80.2356242, 13.0454163], [80.2356014, 13.0452737], [80.2355206, 13.045286], [80.2355434, 13.0454285]]]}}, {"type": "Feature", "properties": {"osm_id": 354573972}, "geometry": {"type": "Polygon", "coordinates": [[[80.2364234, 13.0440309], [80.2365055, 13.044016], [80.236459, 13.043774], [80.236377, 13.0437889], [80.2364234, 13.0440309]]]}}, {"type": "Feature", "properties": {"osm_id": 354573974}, "geometry": {"type": "Polygon", "coordinates": [[[80.2328628, 13.0433593], [80.2330199, 13.0433337], [80.2329854, 13.0431332], [80.2328283, 13.0431588], [80.2328628, 13.0433593]]]}}, {"type": "Feature", "properties": {"osm_id": 354573978}, "geometry": {"type": "Polygon", "coordinates": [[[80.2345465, 13.0446904], [80.2346228, 13.0446777], [80.2346104, 13.0446075], [80.2345341, 13.0446203], [80.2345465, 13.0446904]]]}}, {"type": "Feature", "properties": {"osm_id": 354573979}, "geometry": {"type": "Polygon", "coordinates": [[[80.2353303, 13.044875], [80.2354605, 13.0448577], [80.2354385, 13.0447005], [80.2353083, 13.0447178], [80.2353303, 13.044875]]]}}, {"type": "Feature", "properties": {"osm_id": 354573980}, "geometry": {"type": "Polygon", "coordinates": [[[80.2334742, 13.0454367], [80.2335575, 13.0454254], [80.2335283, 13.0452221], [80.2334451, 13.0452334], [80.2334499, 13.0452671], [80.2334742, 13.0454367]]]}}, {"type": "Feature", "properties": {"osm_id": 354573981}, "geometry": {"type": "Polygon", "coordinates": [[[80.2342294, 13.044011], [80.2343177, 13.0439988], [80.2342939, 13.0438339], [80.2342055, 13.043846], [80.2342294, 13.044011]]]}}, {"type": "Feature", "properties": {"osm_id": 354573987}, "geometry": {"type": "Polygon", "coordinates": [[[80.2332618, 13.0433352], [80.2333146, 13.0433266], [80.2332833, 13.0431444], [80.2332305, 13.043153], [80.2332618, 13.0433352]]]}}, {"type": "Feature", "properties": {"osm_id": 354573990}, "geometry": {"type": "Polygon", "coordinates": [[[80.2375516, 13.047055], [80.2376762, 13.0470267], [80.2376066, 13.0467361], [80.237482, 13.0467644], [80.2375516, 13.047055]]]}}, {"type": "Feature", "properties": {"osm_id": 354573993}, "geometry": {"type": "Polygon", "coordinates": [[[80.2334469, 13.0452003], [80.2336049, 13.0451788], [80.2335831, 13.0450267], [80.2334251, 13.0450482], [80.2334469, 13.0452003]]]}}, {"type": "Feature", "properties": {"osm_id": 354573998}, "geometry": {"type": "Polygon", "coordinates": [[[80.2353305, 13.0461055], [80.235519, 13.0460804], [80.2355033, 13.045968], [80.2353148, 13.045993], [80.2353305, 13.0461055]]]}}, {"type": "Feature", "properties": {"osm_id": 354574002}, "geometry": {"type": "Polygon", "coordinates": [[[80.2347976, 13.0441525], [80.2349077, 13.0441373], [80.2348801, 13.0439468], [80.23477, 13.043962], [80.2347976, 13.0441525]]]}}, {"type": "Feature", "properties": {"osm_id": 354574006}, "geometry": {"type": "Polygon", "coordinates": [[[80.2338894, 13.0434906], [80.2340051, 13.0434695], [80.233979, 13.0433334], [80.2338633, 13.0433544], [80.2338894, 13.0434906]]]}}, {"type": "Feature", "properties": {"osm_id": 354574011}, "geometry": {"type": "Polygon", "coordinates": [[[80.2372303, 13.0471402], [80.2373162, 13.0471207], [80.2372448, 13.0468228], [80.237159, 13.0468423], [80.2372303, 13.0471402]]]}}, {"type": "Feature", "properties": {"osm_id": 354574013}, "geometry": {"type": "Polygon", "coordinates": [[[80.2333512, 13.0448683], [80.2334516, 13.0448548], [80.2334286, 13.044692], [80.2333282, 13.0447054], [80.2333512, 13.0448683]]]}}, {"type": "Feature", "properties": {"osm_id": 354574023}, "geometry": {"type": "Polygon", "coordinates": [[[80.2376247, 13.0473676], [80.2377342, 13.0473403], [80.2376762, 13.0471196], [80.2375667, 13.047147], [80.2376247, 13.0473676]]]}}, {"type": "Feature", "properties": {"osm_id": 354574026}, "geometry": {"type": "Polygon", "coordinates": [[[80.2334958, 13.044871], [80.2335525, 13.0448634], [80.2335238, 13.0446603], [80.2334671, 13.0446679], [80.2334958, 13.044871]]]}}, {"type": "Feature", "properties": {"osm_id": 354574029}, "geometry": {"type": "Polygon", "coordinates": [[[80.2352565, 13.0454658], [80.2353841, 13.0454465], [80.2353601, 13.0452962], [80.2352325, 13.0453155], [80.2352565, 13.0454658]]]}}, {"type": "Feature", "properties": {"osm_id": 354574041}, "geometry": {"type": "Polygon", "coordinates": [[[80.2377658, 13.0472545], [80.2378621, 13.0472305], [80.2378252, 13.0470901], [80.2377289, 13.0471141], [80.2377658, 13.0472545]]]}}, {"type": "Feature", "properties": {"osm_id": 354574043}, "geometry": {"type": "Polygon", "coordinates": [[[80.2338095, 13.0445988], [80.2338801, 13.0445943], [80.233874, 13.0445029], [80.2338034, 13.0445074], [80.2338095, 13.0445988]]]}}, {"type": "Feature", "properties": {"osm_id": 354574051}, "geometry": {"type": "Polygon", "coordinates": [[[80.2341882, 13.0436649], [80.2343403, 13.0436385], [80.2343068, 13.0434551], [80.2341547, 13.0434815], [80.2341882, 13.0436649]]]}}, {"type": "Feature", "properties": {"osm_id": 354574057}, "geometry": {"type": "Polygon", "coordinates": [[[80.233616, 13.0443208], [80.2336993, 13.0443094], [80.233681, 13.044183], [80.2335977, 13.0441945], [80.233616, 13.0443208]]]}}, {"type": "Feature", "properties": {"osm_id": 354574060}, "geometry": {"type": "Polygon", "coordinates": [[[80.2336817, 13.0444953], [80.2337892, 13.0444818], [80.23378, 13.0444125], [80.2336725, 13.044426], [80.2336817, 13.0444953]]]}}, {"type": "Feature", "properties": {"osm_id": 354574072}, "geometry": {"type": "Polygon", "coordinates": [[[80.2343832, 13.0435946], [80.2344807, 13.0435827], [80.2344606, 13.0434265], [80.2343632, 13.0434383], [80.2343832, 13.0435946]]]}}, {"type": "Feature", "properties": {"osm_id": 354574075}, "geometry": {"type": "Polygon", "coordinates": [[[80.2355245, 13.0440921], [80.2356865, 13.0440626], [80.2356735, 13.0439951], [80.2355115, 13.0440246], [80.2355245, 13.0440921]]]}}, {"type": "Feature", "properties": {"osm_id": 354574097}, "geometry": {"type": "Polygon", "coordinates": [[[80.2357523, 13.0441643], [80.2358293, 13.0441503], [80.2358103, 13.0440513], [80.2357333, 13.0440653], [80.2357523, 13.0441643]]]}}, {"type": "Feature", "properties": {"osm_id": 354574103}, "geometry": {"type": "Polygon", "coordinates": [[[80.2343779, 13.0447232], [80.2344802, 13.0447061], [80.234453, 13.0445517], [80.2343507, 13.0445688], [80.2343779, 13.0447232]]]}}, {"type": "Feature", "properties": {"osm_id": 354574105}, "geometry": {"type": "Polygon", "coordinates": [[[80.2351385, 13.0451748], [80.2353069, 13.0451524], [80.2352802, 13.0449621], [80.2351118, 13.0449845], [80.2351385, 13.0451748]]]}}, {"type": "Feature", "properties": {"osm_id": 354574110}, "geometry": {"type": "Polygon", "coordinates": [[[80.2349522, 13.0438835], [80.2350185, 13.0438743], [80.2349943, 13.0437067], [80.234928, 13.0437158], [80.2349522, 13.0438835]]]}}, {"type": "Feature", "properties": {"osm_id": 354574122}, "geometry": {"type": "Polygon", "coordinates": [[[80.2378806, 13.0469906], [80.2379746, 13.0469692], [80.2379021, 13.0466662], [80.2378081, 13.0466876], [80.2378806, 13.0469906]]]}}, {"type": "Feature", "properties": {"osm_id": 354574124}, "geometry": {"type": "Polygon", "coordinates": [[[80.2354709, 13.0454305], [80.2355301, 13.0454215], [80.2355085, 13.0452859], [80.2354492, 13.0452949], [80.2354709, 13.0454305]]]}}, {"type": "Feature", "properties": {"osm_id": 354574126}, "geometry": {"type": "Polygon", "coordinates": [[[80.2333005, 13.045233], [80.2334376, 13.0452143], [80.2334246, 13.045124], [80.2332876, 13.0451426], [80.2333005, 13.045233]]]}}, {"type": "Feature", "properties": {"osm_id": 354574128}, "geometry": {"type": "Polygon", "coordinates": [[[80.2341489, 13.0442352], [80.234234, 13.0442234], [80.2342156, 13.0440969], [80.2341305, 13.0441086], [80.2341489, 13.0442352]]]}}, {"type": "Feature", "properties": {"osm_id": 354574131}, "geometry": {"type": "Polygon", "coordinates": [[[80.2350946, 13.0449385], [80.2351698, 13.0449285], [80.235159, 13.0448513], [80.2350838, 13.0448613], [80.2350946, 13.0449385]]]}}, {"type": "Feature", "properties": {"osm_id": 354574136}, "geometry": {"type": "Polygon", "coordinates": [[[80.2350502, 13.0441049], [80.2351611, 13.0440897], [80.2351309, 13.0438813], [80.23502, 13.0438966], [80.2350502, 13.0441049]]]}}, {"type": "Feature", "properties": {"osm_id": 354574138}, "geometry": {"type": "Polygon", "coordinates": [[[80.2344923, 13.0432575], [80.2346063, 13.0432367], [80.2345951, 13.0431785], [80.2344811, 13.0431993], [80.2344923, 13.0432575]]]}}, {"type": "Feature", "properties": {"osm_id": 354574144}, "geometry": {"type": "Polygon", "coordinates": [[[80.2341888, 13.0434274], [80.2342939, 13.0434082], [80.2342653, 13.0432593], [80.2341602, 13.0432784], [80.2341888, 13.0434274]]]}}, {"type": "Feature", "properties": {"osm_id": 354574163}, "geometry": {"type": "Polygon", "coordinates": [[[80.2377039, 13.0470188], [80.2377916, 13.0469988], [80.2377244, 13.046718], [80.2376367, 13.046738], [80.2377039, 13.0470188]]]}}, {"type": "Feature", "properties": {"osm_id": 354574174}, "geometry": {"type": "Polygon", "coordinates": [[[80.234807, 13.0444332], [80.234913, 13.0444174], [80.2349006, 13.0443385], [80.2347946, 13.0443542], [80.234807, 13.0444332]]]}}, {"type": "Feature", "properties": {"osm_id": 354574175}, "geometry": {"type": "Polygon", "coordinates": [[[80.2352284, 13.0456261], [80.2353669, 13.0456004], [80.2353471, 13.0454991], [80.2352086, 13.0455248], [80.2352284, 13.0456261]]]}}, {"type": "Feature", "properties": {"osm_id": 354574176}, "geometry": {"type": "Polygon", "coordinates": [[[80.2332818, 13.0451203], [80.2334202, 13.0451015], [80.2334105, 13.045034], [80.2332721, 13.0450529], [80.2332818, 13.0451203]]]}}, {"type": "Feature", "properties": {"osm_id": 354574178}, "geometry": {"type": "Polygon", "coordinates": [[[80.2348362, 13.0446766], [80.2349006, 13.0446659], [80.2348771, 13.0445321], [80.2348127, 13.0445428], [80.2348362, 13.0446766]]]}}, {"type": "Feature", "properties": {"osm_id": 354574182}, "geometry": {"type": "Polygon", "coordinates": [[[80.2349219, 13.0441262], [80.2350266, 13.0441118], [80.2349976, 13.0439117], [80.2348929, 13.0439261], [80.2349219, 13.0441262]]]}}, {"type": "Feature", "properties": {"osm_id": 354574187}, "geometry": {"type": "Polygon", "coordinates": [[[80.2340261, 13.0433526], [80.23414, 13.0433319], [80.2341285, 13.0432721], [80.2340146, 13.0432929], [80.2340261, 13.0433526]]]}}, {"type": "Feature", "properties": {"osm_id": 354574189}, "geometry": {"type": "Polygon", "coordinates": [[[80.2372953, 13.0474452], [80.2373955, 13.0474201], [80.237333, 13.0471822], [80.2372327, 13.0472072], [80.2372953, 13.0474452]]]}}, {"type": "Feature", "properties": {"osm_id": 354574192}, "geometry": {"type": "Polygon", "coordinates": [[[80.2340254, 13.0451248], [80.2340964, 13.0451152], [80.2340823, 13.0450167], [80.2340113, 13.0450264], [80.2340254, 13.0451248]]]}}, {"type": "Feature", "properties": {"osm_id": 354574198}, "geometry": {"type": "Polygon", "coordinates": [[[80.2331917, 13.0448773], [80.2332934, 13.0448637], [80.2332765, 13.0447445], [80.2331749, 13.0447581], [80.2331917, 13.0448773]]]}}, {"type": "Feature", "properties": {"osm_id": 354574200}, "geometry": {"type": "Polygon", "coordinates": [[[80.2353871, 13.0455975], [80.2356087, 13.0455638], [80.2355905, 13.0454499], [80.2353689, 13.0454834], [80.2353871, 13.0455975]]]}}, {"type": "Feature", "properties": {"osm_id": 354574202}, "geometry": {"type": "Polygon", "coordinates": [[[80.2349165, 13.0446208], [80.234991, 13.0446083], [80.2349622, 13.0444445], [80.2348877, 13.0444569], [80.2349165, 13.0446208]]]}}, {"type": "Feature", "properties": {"osm_id": 354574208}, "geometry": {"type": "Polygon", "coordinates": [[[80.2347548, 13.0433391], [80.2348122, 13.0433286], [80.234795, 13.0432388], [80.2347375, 13.0432493], [80.2347548, 13.0433391]]]}}, {"type": "Feature", "properties": {"osm_id": 354574213}, "geometry": {"type": "Polygon", "coordinates": [[[80.2348334, 13.0432464], [80.2349889, 13.043218], [80.2349668, 13.0431028], [80.2348372, 13.0431264], [80.2348503, 13.043195], [80.2348244, 13.0431997], [80.2348334, 13.0432464]]]}}, {"type": "Feature", "properties": {"osm_id": 354574214}, "geometry": {"type": "Polygon", "coordinates": [[[80.2345172, 13.043586], [80.2346357, 13.0435715], [80.2346173, 13.0434283], [80.2345572, 13.0434356], [80.2345702, 13.0435374], [80.2345119, 13.0435445], [80.2345172, 13.043586]]]}}, {"type": "Feature", "properties": {"osm_id": 354574215}, "geometry": {"type": "Polygon", "coordinates": [[[80.2346528, 13.0443828], [80.2347871, 13.0443628], [80.2347759, 13.044291], [80.234729, 13.044298], [80.2347342, 13.0443306], [80.2346467, 13.0443436], [80.2346528, 13.0443828]]]}}, {"type": "Feature", "properties": {"osm_id": 354574218}, "geometry": {"type": "Polygon", "coordinates": [[[80.2339643, 13.0442572], [80.2341089, 13.0442374], [80.2340976, 13.0441595], [80.2340616, 13.0441645], [80.2340439, 13.0440424], [80.2339353, 13.0440574], [80.2339643, 13.0442572]]]}}, {"type": "Feature", "properties": {"osm_id": 354574219}, "geometry": {"type": "Polygon", "coordinates": [[[80.2353917, 13.0454523], [80.235464, 13.0454414], [80.2354406, 13.0452947], [80.2353991, 13.045301], [80.2354023, 13.0453212], [80.2353715, 13.0453258], [80.2353917, 13.0454523]]]}}, {"type": "Feature", "properties": {"osm_id": 354574221}, "geometry": {"type": "Polygon", "coordinates": [[[80.2341487, 13.0447692], [80.2343119, 13.044742], [80.2342772, 13.0445447], [80.234168, 13.044563], [80.2341798, 13.0446304], [80.2341258, 13.0446394], [80.2341487, 13.0447692]]]}}, {"type": "Feature", "properties": {"osm_id": 354574224}, "geometry": {"type": "Polygon", "coordinates": [[[80.2363789, 13.0476535], [80.2364858, 13.0476317], [80.2364329, 13.0473866], [80.2363772, 13.047398], [80.2363846, 13.0474322], [80.2363335, 13.0474426], [80.2363789, 13.0476535]]]}}, {"type": "Feature", "properties": {"osm_id": 354574226}, "geometry": {"type": "Polygon", "coordinates": [[[80.2346774, 13.0432295], [80.2348028, 13.0432067], [80.234785, 13.0431143], [80.2347136, 13.0431273], [80.2347174, 13.043147], [80.2346635, 13.0431568], [80.2346774, 13.0432295]]]}}, {"type": "Feature", "properties": {"osm_id": 354574227}, "geometry": {"type": "Polygon", "coordinates": [[[80.2351789, 13.0440583], [80.2352975, 13.0440419], [80.2352906, 13.0439939], [80.235277, 13.0439959], [80.2352704, 13.0439501], [80.2352839, 13.0439481], [80.2352777, 13.0439057], [80.2351592, 13.043922], [80.2351789, 13.0440583]]]}}, {"type": "Feature", "properties": {"osm_id": 354574228}, "geometry": {"type": "Polygon", "coordinates": [[[80.2336667, 13.043213], [80.2337456, 13.0431954], [80.2337576, 13.0432465], [80.2338335, 13.0432296], [80.2337871, 13.0430323], [80.2336675, 13.043059], [80.2336795, 13.0431102], [80.2336444, 13.0431181], [80.2336667, 13.043213]]]}}, {"type": "Feature", "properties": {"osm_id": 354574230}, "geometry": {"type": "Polygon", "coordinates": [[[80.2330809, 13.0441913], [80.2334786, 13.0441365], [80.2334543, 13.0439689], [80.2332888, 13.0439917], [80.2332923, 13.044016], [80.2332345, 13.0440239], [80.233231, 13.0439996], [80.2330566, 13.0440236], [80.2330809, 13.0441913]]]}}, {"type": "Feature", "properties": {"osm_id": 354574237}, "geometry": {"type": "Polygon", "coordinates": [[[80.235645, 13.0446687], [80.2357735, 13.0446453], [80.2357549, 13.0445485], [80.2357992, 13.0445404], [80.2357782, 13.0444311], [80.2357495, 13.0444363], [80.2357319, 13.0443445], [80.2355878, 13.0443708], [80.235645, 13.0446687]]]}}, {"type": "Feature", "properties": {"osm_id": 354574244}, "geometry": {"type": "Polygon", "coordinates": [[[80.2334128, 13.0432883], [80.2334339, 13.0432395], [80.2334623, 13.0432498], [80.2334903, 13.0432075], [80.2334524, 13.0431543], [80.2333221, 13.0431702], [80.2333423, 13.0431836], [80.2333258, 13.0432132], [80.2333337, 13.0432453], [80.2334128, 13.0432883]]]}}, {"type": "Feature", "properties": {"osm_id": 354578080}, "geometry": {"type": "Polygon", "coordinates": [[[80.2364372, 13.0472604], [80.2365358, 13.0472397], [80.2365005, 13.0470805], [80.2364019, 13.0471012], [80.2364372, 13.0472604]]]}}, {"type": "Feature", "properties": {"osm_id": 354578081}, "geometry": {"type": "Polygon", "coordinates": [[[80.2365117, 13.0470908], [80.2365764, 13.0470772], [80.2365526, 13.04697], [80.236488, 13.0469836], [80.2365117, 13.0470908]]]}}, {"type": "Feature", "properties": {"osm_id": 354578082}, "geometry": {"type": "Polygon", "coordinates": [[[80.2363107, 13.0473945], [80.2364267, 13.0473701], [80.2363986, 13.0472432], [80.2362826, 13.0472676], [80.2363107, 13.0473945]]]}}, {"type": "Feature", "properties": {"osm_id": 354578083}, "geometry": {"type": "Polygon", "coordinates": [[[80.2361629, 13.0474459], [80.2362885, 13.0474195], [80.2362619, 13.0472994], [80.2361363, 13.0473258], [80.2361629, 13.0474459]]]}}, {"type": "Feature", "properties": {"osm_id": 354578084}, "geometry": {"type": "Polygon", "coordinates": [[[80.2359111, 13.0473202], [80.2360921, 13.0472822], [80.236079, 13.047223], [80.235898, 13.0472611], [80.2359111, 13.0473202]]]}}, {"type": "Feature", "properties": {"osm_id": 354578085}, "geometry": {"type": "Polygon", "coordinates": [[[80.2359313, 13.0472164], [80.2360907, 13.0471828], [80.2360637, 13.047061], [80.2359043, 13.0470945], [80.2359313, 13.0472164]]]}}, {"type": "Feature", "properties": {"osm_id": 354578086}, "geometry": {"type": "Polygon", "coordinates": [[[80.2360218, 13.0477478], [80.2362134, 13.0477075], [80.2361827, 13.0475692], [80.2359912, 13.0476095], [80.2360218, 13.0477478]]]}}, {"type": "Feature", "properties": {"osm_id": 354578087}, "geometry": {"type": "Polygon", "coordinates": [[[80.2359255, 13.0473983], [80.2361026, 13.0473611], [80.2360878, 13.0472942], [80.2359107, 13.0473315], [80.2359255, 13.0473983]]]}}, {"type": "Feature", "properties": {"osm_id": 354578088}, "geometry": {"type": "Polygon", "coordinates": [[[80.2359414, 13.0474934], [80.2361358, 13.0474525], [80.2361181, 13.0473726], [80.2359237, 13.0474135], [80.2359414, 13.0474934]]]}}, {"type": "Feature", "properties": {"osm_id": 354578089}, "geometry": {"type": "Polygon", "coordinates": [[[80.2359717, 13.0475718], [80.2361703, 13.04753], [80.236155, 13.0474613], [80.2359565, 13.0475031], [80.2359717, 13.0475718]]]}}, {"type": "Feature", "properties": {"osm_id": 354578090}, "geometry": {"type": "Polygon", "coordinates": [[[80.2361542, 13.0472686], [80.2362663, 13.0472447], [80.2362099, 13.0469947], [80.2360979, 13.0470187], [80.2361542, 13.0472686]]]}}, {"type": "Feature", "properties": {"osm_id": 354578091}, "geometry": {"type": "Polygon", "coordinates": [[[80.2362843, 13.0472454], [80.2363735, 13.0472266], [80.2363344, 13.0470501], [80.2362452, 13.0470689], [80.2362843, 13.0472454]]]}}, {"type": "Feature", "properties": {"osm_id": 354579235}, "geometry": {"type": "Polygon", "coordinates": [[[80.2343081, 13.0475323], [80.2344153, 13.0475201], [80.2343939, 13.0473415], [80.2342867, 13.0473536], [80.2343081, 13.0475323]]]}}, {"type": "Feature", "properties": {"osm_id": 354579236}, "geometry": {"type": "Polygon", "coordinates": [[[80.2338667, 13.0480487], [80.2339623, 13.0480379], [80.2339366, 13.0478239], [80.2338411, 13.0478347], [80.2338667, 13.0480487]]]}}, {"type": "Feature", "properties": {"osm_id": 354579237}, "geometry": {"type": "Polygon", "coordinates": [[[80.2344965, 13.0475795], [80.2346582, 13.0475611], [80.2346252, 13.0472851], [80.2344634, 13.0473035], [80.2344965, 13.0475795]]]}}, {"type": "Feature", "properties": {"osm_id": 354579238}, "geometry": {"type": "Polygon", "coordinates": [[[80.2340962, 13.0480004], [80.2341984, 13.0479888], [80.234174, 13.0477846], [80.2340717, 13.0477962], [80.2340962, 13.0480004]]]}}, {"type": "Feature", "properties": {"osm_id": 354579240}, "geometry": {"type": "Polygon", "coordinates": [[[80.2342423, 13.0477538], [80.2343283, 13.047744], [80.2343189, 13.0476652], [80.2342329, 13.0476749], [80.2342423, 13.0477538]]]}}, {"type": "Feature", "properties": {"osm_id": 354579246}, "geometry": {"type": "Polygon", "coordinates": [[[80.2339499, 13.0476613], [80.2340575, 13.0476491], [80.234032, 13.047436], [80.2339244, 13.0474482], [80.2339499, 13.0476613]]]}}, {"type": "Feature", "properties": {"osm_id": 354579247}, "geometry": {"type": "Polygon", "coordinates": [[[80.2336119, 13.04812], [80.233691, 13.048111], [80.2336711, 13.0479451], [80.233592, 13.0479541], [80.2336119, 13.04812]]]}}, {"type": "Feature", "properties": {"osm_id": 354579248}, "geometry": {"type": "Polygon", "coordinates": [[[80.2341539, 13.0476361], [80.2342611, 13.0476239], [80.2342286, 13.0473526], [80.2341215, 13.0473648], [80.2341539, 13.0476361]]]}}, {"type": "Feature", "properties": {"osm_id": 354579249}, "geometry": {"type": "Polygon", "coordinates": [[[80.2337148, 13.048102], [80.2338008, 13.0480922], [80.2337794, 13.0479131], [80.2336933, 13.0479229], [80.2337148, 13.048102]]]}}, {"type": "Feature", "properties": {"osm_id": 354579250}, "geometry": {"type": "Polygon", "coordinates": [[[80.2357309, 13.0476976], [80.2358858, 13.04768], [80.2358764, 13.0476013], [80.2357214, 13.0476189], [80.2357309, 13.0476976]]]}}, {"type": "Feature", "properties": {"osm_id": 354579251}, "geometry": {"type": "Polygon", "coordinates": [[[80.2338242, 13.0477898], [80.2339225, 13.0477786], [80.2339126, 13.047696], [80.2338143, 13.0477072], [80.2338242, 13.0477898]]]}}, {"type": "Feature", "properties": {"osm_id": 354579253}, "geometry": {"type": "Polygon", "coordinates": [[[80.2339654, 13.0477705], [80.2341038, 13.0477548], [80.2340946, 13.047678], [80.2339562, 13.0476937], [80.2339654, 13.0477705]]]}}, {"type": "Feature", "properties": {"osm_id": 354579258}, "geometry": {"type": "Polygon", "coordinates": [[[80.2343822, 13.0477255], [80.2345135, 13.0477106], [80.2345048, 13.0476382], [80.2343735, 13.0476531], [80.2343822, 13.0477255]]]}}, {"type": "Feature", "properties": {"osm_id": 354579259}, "geometry": {"type": "Polygon", "coordinates": [[[80.2353535, 13.0474563], [80.2354462, 13.0474458], [80.235415, 13.0471855], [80.2353223, 13.0471961], [80.2353535, 13.0474563]]]}}, {"type": "Feature", "properties": {"osm_id": 354579260}, "geometry": {"type": "Polygon", "coordinates": [[[80.2335829, 13.0479183], [80.2336594, 13.0479096], [80.2336435, 13.0477769], [80.233567, 13.0477856], [80.2335829, 13.0479183]]]}}, {"type": "Feature", "properties": {"osm_id": 354579261}, "geometry": {"type": "Polygon", "coordinates": [[[80.2355069, 13.0474276], [80.2356444, 13.0474119], [80.23563, 13.0472913], [80.2354924, 13.0473069], [80.2355069, 13.0474276]]]}}, {"type": "Feature", "properties": {"osm_id": 354579262}, "geometry": {"type": "Polygon", "coordinates": [[[80.2336726, 13.0479144], [80.2338062, 13.0478992], [80.2337939, 13.0477962], [80.2336602, 13.0478114], [80.2336726, 13.0479144]]]}}, {"type": "Feature", "properties": {"osm_id": 354579269}, "geometry": {"type": "Polygon", "coordinates": [[[80.2346737, 13.0474941], [80.2347835, 13.0474816], [80.2347632, 13.0473124], [80.2346534, 13.0473249], [80.2346737, 13.0474941]]]}}, {"type": "Feature", "properties": {"osm_id": 354579270}, "geometry": {"type": "Polygon", "coordinates": [[[80.2342108, 13.0479756], [80.2343313, 13.0479619], [80.2343084, 13.04777], [80.2341878, 13.0477837], [80.2342108, 13.0479756]]]}}, {"type": "Feature", "properties": {"osm_id": 354579271}, "geometry": {"type": "Polygon", "coordinates": [[[80.2348695, 13.0475304], [80.2349518, 13.0475211], [80.2349198, 13.0472542], [80.2348375, 13.0472636], [80.2348695, 13.0475304]]]}}, {"type": "Feature", "properties": {"osm_id": 354579272}, "geometry": {"type": "Polygon", "coordinates": [[[80.2343688, 13.04795], [80.2345419, 13.0479237], [80.2345104, 13.0477273], [80.2343373, 13.0477537], [80.2343688, 13.04795]]]}}, {"type": "Feature", "properties": {"osm_id": 354737365}, "geometry": {"type": "Polygon", "coordinates": [[[80.2354742, 13.0480467], [80.235559, 13.048029], [80.2355339, 13.047915], [80.2354491, 13.0479327], [80.2354742, 13.0480467]]]}}, {"type": "Feature", "properties": {"osm_id": 354737575}, "geometry": {"type": "Polygon", "coordinates": [[[80.2350492, 13.0482184], [80.2351448, 13.0481964], [80.2350949, 13.0479903], [80.2349992, 13.0480123], [80.2350492, 13.0482184]]]}}, {"type": "Feature", "properties": {"osm_id": 354737614}, "geometry": {"type": "Polygon", "coordinates": [[[80.2367187, 13.0448272], [80.2368977, 13.0447908], [80.2368709, 13.0446654], [80.2366918, 13.0447018], [80.2367187, 13.0448272]]]}}, {"type": "Feature", "properties": {"osm_id": 354737648}, "geometry": {"type": "Polygon", "coordinates": [[[80.2356299, 13.0480646], [80.2357632, 13.0480367], [80.235728, 13.0478771], [80.2355947, 13.047905], [80.2356299, 13.0480646]]]}}, {"type": "Feature", "properties": {"osm_id": 354737881}, "geometry": {"type": "Polygon", "coordinates": [[[80.2348346, 13.0481511], [80.2349654, 13.0481211], [80.2349326, 13.0479858], [80.2348019, 13.0480159], [80.2348346, 13.0481511]]]}}, {"type": "Feature", "properties": {"osm_id": 354738013}, "geometry": {"type": "Polygon", "coordinates": [[[80.2353164, 13.0481363], [80.2353522, 13.0481288], [80.2353629, 13.0481773], [80.2354385, 13.0481615], [80.2353916, 13.0479485], [80.2352802, 13.0479717], [80.2353164, 13.0481363]]]}}, {"type": "Feature", "properties": {"osm_id": 354745927}, "geometry": {"type": "Polygon", "coordinates": [[[80.2355925, 13.0465522], [80.2356504, 13.0465433], [80.2356482, 13.0465297], [80.2356757, 13.0465255], [80.2356783, 13.0465418], [80.2358103, 13.0465217], [80.2357908, 13.0464009], [80.2356709, 13.0464192], [80.2356728, 13.0464309], [80.2356426, 13.0464355], [80.2356407, 13.0464238], [80.2355735, 13.0464341], [80.2355925, 13.0465522]]]}}, {"type": "Feature", "properties": {"osm_id": 354745933}, "geometry": {"type": "Polygon", "coordinates": [[[80.2355933, 13.0467374], [80.2358292, 13.0467013], [80.2358129, 13.0465999], [80.2355769, 13.046636], [80.2355933, 13.0467374]]]}}, {"type": "Feature", "properties": {"osm_id": 354745940}, "geometry": {"type": "Polygon", "coordinates": [[[80.2364491, 13.0461498], [80.2366137, 13.0461134], [80.2365701, 13.0459267], [80.2364055, 13.0459631], [80.2364491, 13.0461498]]]}}, {"type": "Feature", "properties": {"osm_id": 354745943}, "geometry": {"type": "Polygon", "coordinates": [[[80.2376348, 13.0458846], [80.2377369, 13.045862], [80.237702, 13.0457125], [80.2375999, 13.0457351], [80.2376348, 13.0458846]]]}}, {"type": "Feature", "properties": {"osm_id": 354745950}, "geometry": {"type": "Polygon", "coordinates": [[[80.237646, 13.0464327], [80.2378126, 13.0463964], [80.2377885, 13.0462913], [80.2376219, 13.0463276], [80.237646, 13.0464327]]]}}, {"type": "Feature", "properties": {"osm_id": 354745954}, "geometry": {"type": "Polygon", "coordinates": [[[80.2379038, 13.0464751], [80.2381519, 13.0464269], [80.2381135, 13.046239], [80.2378654, 13.0462871], [80.2379038, 13.0464751]]]}}, {"type": "Feature", "properties": {"osm_id": 354745956}, "geometry": {"type": "Polygon", "coordinates": [[[80.2354714, 13.0468894], [80.2356101, 13.0468682], [80.2356, 13.0468052], [80.2354612, 13.0468265], [80.2354714, 13.0468894]]]}}, {"type": "Feature", "properties": {"osm_id": 354745964}, "geometry": {"type": "Polygon", "coordinates": [[[80.2374101, 13.0456476], [80.2376223, 13.0456006], [80.2375802, 13.0454201], [80.237368, 13.0454671], [80.2374101, 13.0456476]]]}}, {"type": "Feature", "properties": {"osm_id": 354745974}, "geometry": {"type": "Polygon", "coordinates": [[[80.2379541, 13.0461987], [80.2381165, 13.0461633], [80.2380912, 13.0460533], [80.2379288, 13.0460887], [80.2379541, 13.0461987]]]}}, {"type": "Feature", "properties": {"osm_id": 354745975}, "geometry": {"type": "Polygon", "coordinates": [[[80.236223, 13.046216], [80.2363661, 13.0461884], [80.2363227, 13.0459753], [80.2361796, 13.0460029], [80.236223, 13.046216]]]}}, {"type": "Feature", "properties": {"osm_id": 354745990}, "geometry": {"type": "Polygon", "coordinates": [[[80.2378236, 13.0462301], [80.237912, 13.0462108], [80.2378852, 13.0460938], [80.2377967, 13.0461131], [80.2378236, 13.0462301]]]}}, {"type": "Feature", "properties": {"osm_id": 354746007}, "geometry": {"type": "Polygon", "coordinates": [[[80.2366017, 13.0467511], [80.2367383, 13.0467197], [80.2366931, 13.046533], [80.2365565, 13.0465644], [80.2366017, 13.0467511]]]}}, {"type": "Feature", "properties": {"osm_id": 354746037}, "geometry": {"type": "Polygon", "coordinates": [[[80.2354302, 13.0465923], [80.2355244, 13.0465779], [80.2355027, 13.0464433], [80.2354085, 13.0464577], [80.2354302, 13.0465923]]]}}, {"type": "Feature", "properties": {"osm_id": 354746064}, "geometry": {"type": "Polygon", "coordinates": [[[80.2376537, 13.0480415], [80.2377831, 13.0480038], [80.2377296, 13.0478297], [80.2376003, 13.0478673], [80.2376537, 13.0480415]]]}}, {"type": "Feature", "properties": {"osm_id": 354746070}, "geometry": {"type": "Polygon", "coordinates": [[[80.2363354, 13.0481932], [80.2364893, 13.0481551], [80.2364427, 13.0479768], [80.2362888, 13.0480149], [80.2363354, 13.0481932]]]}}, {"type": "Feature", "properties": {"osm_id": 354746077}, "geometry": {"type": "Polygon", "coordinates": [[[80.237377, 13.0463067], [80.2375906, 13.0462601], [80.2375405, 13.046042], [80.2373269, 13.0460885], [80.237377, 13.0463067]]]}}, {"type": "Feature", "properties": {"osm_id": 354746078}, "geometry": {"type": "Polygon", "coordinates": [[[80.2365045, 13.0465154], [80.2366054, 13.0464922], [80.2365567, 13.0462909], [80.2364558, 13.0463141], [80.2365045, 13.0465154]]]}}, {"type": "Feature", "properties": {"osm_id": 354746083}, "geometry": {"type": "Polygon", "coordinates": [[[80.2329526, 13.0481411], [80.2330436, 13.0481296], [80.2330201, 13.0479545], [80.2329291, 13.0479661], [80.2329526, 13.0481411]]]}}, {"type": "Feature", "properties": {"osm_id": 354746091}, "geometry": {"type": "Polygon", "coordinates": [[[80.2373309, 13.0459848], [80.2374941, 13.0459486], [80.2374417, 13.0457239], [80.2372785, 13.04576], [80.2373309, 13.0459848]]]}}, {"type": "Feature", "properties": {"osm_id": 354746094}, "geometry": {"type": "Polygon", "coordinates": [[[80.2369985, 13.0479661], [80.2371282, 13.047937], [80.2371082, 13.0478524], [80.2369786, 13.0478815], [80.2369985, 13.0479661]]]}}, {"type": "Feature", "properties": {"osm_id": 354746096}, "geometry": {"type": "Polygon", "coordinates": [[[80.2372279, 13.0464931], [80.2373534, 13.0464657], [80.2373387, 13.0464018], [80.2372133, 13.0464292], [80.2372279, 13.0464931]]]}}, {"type": "Feature", "properties": {"osm_id": 354746097}, "geometry": {"type": "Polygon", "coordinates": [[[80.2368069, 13.0467213], [80.2369669, 13.0466846], [80.2369151, 13.0464706], [80.2367551, 13.0465073], [80.2368069, 13.0467213]]]}}, {"type": "Feature", "properties": {"osm_id": 354746103}, "geometry": {"type": "Polygon", "coordinates": [[[80.2361631, 13.0459498], [80.2362852, 13.0459269], [80.236242, 13.045708], [80.2361199, 13.0457309], [80.2361631, 13.0459498]]]}}, {"type": "Feature", "properties": {"osm_id": 354746104}, "geometry": {"type": "Polygon", "coordinates": [[[80.237811, 13.047508], [80.2376646, 13.0475478], [80.237746, 13.047832], [80.2378924, 13.0477921], [80.237811, 13.047508]]]}}, {"type": "Feature", "properties": {"osm_id": 354746110}, "geometry": {"type": "Polygon", "coordinates": [[[80.2372609, 13.0466241], [80.2373775, 13.0465987], [80.2373585, 13.0465162], [80.237242, 13.0465416], [80.2372609, 13.0466241]]]}}, {"type": "Feature", "properties": {"osm_id": 354746117}, "geometry": {"type": "Polygon", "coordinates": [[[80.2379662, 13.0478876], [80.2380378, 13.0478682], [80.238015, 13.0477887], [80.2379435, 13.0478082], [80.2379662, 13.0478876]]]}}, {"type": "Feature", "properties": {"osm_id": 354746120}, "geometry": {"type": "Polygon", "coordinates": [[[80.2359094, 13.0461312], [80.2360433, 13.0461087], [80.236027, 13.0460167], [80.2358931, 13.0460392], [80.2359094, 13.0461312]]]}}, {"type": "Feature", "properties": {"osm_id": 354746127}, "geometry": {"type": "Polygon", "coordinates": [[[80.2369138, 13.0457603], [80.236982, 13.0457457], [80.2369387, 13.0455534], [80.2368705, 13.045568], [80.2369138, 13.0457603]]]}}, {"type": "Feature", "properties": {"osm_id": 354746132}, "geometry": {"type": "Polygon", "coordinates": [[[80.2379807, 13.0480316], [80.2380904, 13.0480017], [80.2380599, 13.0478954], [80.2379503, 13.0479252], [80.2379807, 13.0480316]]]}}, {"type": "Feature", "properties": {"osm_id": 354746139}, "geometry": {"type": "Polygon", "coordinates": [[[80.2359417, 13.0462882], [80.2361006, 13.0462587], [80.2360741, 13.0461233], [80.2359152, 13.0461528], [80.2359417, 13.0462882]]]}}, {"type": "Feature", "properties": {"osm_id": 354746142}, "geometry": {"type": "Polygon", "coordinates": [[[80.2373979, 13.0477537], [80.2375067, 13.0477318], [80.2374859, 13.0476333], [80.2373771, 13.0476552], [80.2373979, 13.0477537]]]}}, {"type": "Feature", "properties": {"osm_id": 354746153}, "geometry": {"type": "Polygon", "coordinates": [[[80.2379104, 13.045848], [80.2379915, 13.04583], [80.2379539, 13.0456687], [80.2378728, 13.0456867], [80.2379104, 13.045848]]]}}, {"type": "Feature", "properties": {"osm_id": 354746159}, "geometry": {"type": "Polygon", "coordinates": [[[80.236373, 13.0465529], [80.2364885, 13.0465264], [80.2364513, 13.046373], [80.2363359, 13.0463995], [80.236373, 13.0465529]]]}}, {"type": "Feature", "properties": {"osm_id": 354746163}, "geometry": {"type": "Polygon", "coordinates": [[[80.2354219, 13.0467121], [80.2355452, 13.0466932], [80.2355334, 13.0466202], [80.2354102, 13.0466391], [80.2354219, 13.0467121]]]}}, {"type": "Feature", "properties": {"osm_id": 354746171}, "geometry": {"type": "Polygon", "coordinates": [[[80.237514, 13.0459226], [80.2376157, 13.0459], [80.2375799, 13.0457465], [80.2374782, 13.045769], [80.237514, 13.0459226]]]}}, {"type": "Feature", "properties": {"osm_id": 354746175}, "geometry": {"type": "Polygon", "coordinates": [[[80.2371039, 13.0477762], [80.2372429, 13.0477462], [80.2372192, 13.0476421], [80.2370803, 13.0476721], [80.2371039, 13.0477762]]]}}, {"type": "Feature", "properties": {"osm_id": 354746178}, "geometry": {"type": "Polygon", "coordinates": [[[80.2354403, 13.0467999], [80.235556, 13.0467822], [80.2355432, 13.0467029], [80.2354275, 13.0467206], [80.2354403, 13.0467999]]]}}, {"type": "Feature", "properties": {"osm_id": 354746183}, "geometry": {"type": "Polygon", "coordinates": [[[80.235883, 13.0458588], [80.2359727, 13.0458504], [80.2359635, 13.0457564], [80.2358738, 13.0457647], [80.235883, 13.0458588]]]}}, {"type": "Feature", "properties": {"osm_id": 354746190}, "geometry": {"type": "Polygon", "coordinates": [[[80.2358133, 13.0469053], [80.2359187, 13.0468892], [80.2358964, 13.0467505], [80.2357909, 13.0467666], [80.2358133, 13.0469053]]]}}, {"type": "Feature", "properties": {"osm_id": 354746195}, "geometry": {"type": "Polygon", "coordinates": [[[80.2378106, 13.0460947], [80.2379535, 13.0460635], [80.2379309, 13.0459648], [80.2377879, 13.0459959], [80.2378106, 13.0460947]]]}}, {"type": "Feature", "properties": {"osm_id": 354746208}, "geometry": {"type": "Polygon", "coordinates": [[[80.2356534, 13.0469347], [80.235769, 13.0469195], [80.2357527, 13.0468019], [80.2356372, 13.046817], [80.2356534, 13.0469347]]]}}, {"type": "Feature", "properties": {"osm_id": 354746210}, "geometry": {"type": "Polygon", "coordinates": [[[80.2370077, 13.0457814], [80.2370909, 13.045763], [80.2370393, 13.0455418], [80.2369561, 13.0455602], [80.2370077, 13.0457814]]]}}, {"type": "Feature", "properties": {"osm_id": 354746226}, "geometry": {"type": "Polygon", "coordinates": [[[80.2375865, 13.0461763], [80.2377694, 13.0461365], [80.2377404, 13.0460101], [80.2375575, 13.0460499], [80.2375865, 13.0461763]]]}}, {"type": "Feature", "properties": {"osm_id": 354746236}, "geometry": {"type": "Polygon", "coordinates": [[[80.2353865, 13.046419], [80.235477, 13.0464052], [80.2354518, 13.0462488], [80.2353613, 13.0462626], [80.2353865, 13.046419]]]}}, {"type": "Feature", "properties": {"osm_id": 354746247}, "geometry": {"type": "Polygon", "coordinates": [[[80.2378465, 13.0455832], [80.2379372, 13.0455631], [80.2379165, 13.0454741], [80.2378258, 13.0454942], [80.2378465, 13.0455832]]]}}, {"type": "Feature", "properties": {"osm_id": 354746258}, "geometry": {"type": "Polygon", "coordinates": [[[80.2360675, 13.0468788], [80.2361742, 13.0468543], [80.2361321, 13.04668], [80.2360253, 13.0467045], [80.2360675, 13.0468788]]]}}, {"type": "Feature", "properties": {"osm_id": 354746280}, "geometry": {"type": "Polygon", "coordinates": [[[80.2371566, 13.0463452], [80.2372544, 13.0463239], [80.2372079, 13.0461217], [80.2371102, 13.046143], [80.2371566, 13.0463452]]]}}, {"type": "Feature", "properties": {"osm_id": 354746281}, "geometry": {"type": "Polygon", "coordinates": [[[80.2360501, 13.0466144], [80.2361816, 13.0465944], [80.2361465, 13.0463748], [80.236015, 13.0463948], [80.2360501, 13.0466144]]]}}, {"type": "Feature", "properties": {"osm_id": 354746286}, "geometry": {"type": "Polygon", "coordinates": [[[80.2379794, 13.0460475], [80.2380885, 13.0460202], [80.238064, 13.0459272], [80.2379549, 13.0459544], [80.2379794, 13.0460475]]]}}, {"type": "Feature", "properties": {"osm_id": 354746296}, "geometry": {"type": "Polygon", "coordinates": [[[80.2371524, 13.0480215], [80.2372914, 13.0479861], [80.2372701, 13.0479067], [80.2371311, 13.0479421], [80.2371524, 13.0480215]]]}}, {"type": "Feature", "properties": {"osm_id": 354746299}, "geometry": {"type": "Polygon", "coordinates": [[[80.2366362, 13.0465038], [80.236723, 13.0464839], [80.2366661, 13.0462485], [80.2365793, 13.0462684], [80.2366362, 13.0465038]]]}}, {"type": "Feature", "properties": {"osm_id": 354746304}, "geometry": {"type": "Polygon", "coordinates": [[[80.2359958, 13.0458472], [80.2360954, 13.0458389], [80.2360868, 13.0457422], [80.2359873, 13.0457505], [80.2359958, 13.0458472]]]}}, {"type": "Feature", "properties": {"osm_id": 354746313}, "geometry": {"type": "Polygon", "coordinates": [[[80.2374666, 13.0465715], [80.2376346, 13.0465349], [80.2375893, 13.0463376], [80.2374213, 13.0463742], [80.2374666, 13.0465715]]]}}, {"type": "Feature", "properties": {"osm_id": 354746314}, "geometry": {"type": "Polygon", "coordinates": [[[80.2367631, 13.0464482], [80.2369139, 13.0464136], [80.2368601, 13.0461911], [80.2367092, 13.0462257], [80.2367631, 13.0464482]]]}}, {"type": "Feature", "properties": {"osm_id": 354746316}, "geometry": {"type": "Polygon", "coordinates": [[[80.2369929, 13.0478625], [80.2370769, 13.0478434], [80.2370358, 13.0476721], [80.2369519, 13.0476912], [80.2369929, 13.0478625]]]}}, {"type": "Feature", "properties": {"osm_id": 354746319}, "geometry": {"type": "Polygon", "coordinates": [[[80.2354846, 13.04698], [80.2356442, 13.0469556], [80.2356314, 13.046876], [80.2354718, 13.0469004], [80.2354846, 13.04698]]]}}, {"type": "Feature", "properties": {"osm_id": 354746326}, "geometry": {"type": "Polygon", "coordinates": [[[80.2371179, 13.0457547], [80.2372168, 13.0457328], [80.237166, 13.0455151], [80.2370671, 13.045537], [80.2371179, 13.0457547]]]}}, {"type": "Feature", "properties": {"osm_id": 354746327}, "geometry": {"type": "Polygon", "coordinates": [[[80.2369081, 13.0479561], [80.2369815, 13.0479385], [80.2369228, 13.047705], [80.2368493, 13.0477226], [80.2369081, 13.0479561]]]}}, {"type": "Feature", "properties": {"osm_id": 354746330}, "geometry": {"type": "Polygon", "coordinates": [[[80.2369839, 13.0466627], [80.2371844, 13.046619], [80.237139, 13.0464212], [80.2369385, 13.0464649], [80.2369839, 13.0466627]]]}}, {"type": "Feature", "properties": {"osm_id": 354746331}, "geometry": {"type": "Polygon", "coordinates": [[[80.2361966, 13.0468443], [80.236305, 13.0468194], [80.2362628, 13.0466453], [80.2361545, 13.0466702], [80.2361966, 13.0468443]]]}}, {"type": "Feature", "properties": {"osm_id": 354746336}, "geometry": {"type": "Polygon", "coordinates": [[[80.2360776, 13.0460978], [80.2361561, 13.0460862], [80.2361408, 13.0459878], [80.2360623, 13.0459993], [80.2360776, 13.0460978]]]}}, {"type": "Feature", "properties": {"osm_id": 354746348}, "geometry": {"type": "Polygon", "coordinates": [[[80.2355112, 13.0463752], [80.2357632, 13.0463367], [80.235742, 13.046205], [80.23549, 13.0462435], [80.2355112, 13.0463752]]]}}, {"type": "Feature", "properties": {"osm_id": 354746349}, "geometry": {"type": "Polygon", "coordinates": [[[80.2368235, 13.0457963], [80.2369146, 13.0457761], [80.2368624, 13.0455521], [80.2367713, 13.0455723], [80.2368235, 13.0457963]]]}}, {"type": "Feature", "properties": {"osm_id": 354746367}, "geometry": {"type": "Polygon", "coordinates": [[[80.2372698, 13.0463373], [80.2373518, 13.0463194], [80.237323, 13.0461937], [80.237241, 13.0462116], [80.2372698, 13.0463373]]]}}, {"type": "Feature", "properties": {"osm_id": 354746396}, "geometry": {"type": "Polygon", "coordinates": [[[80.2377877, 13.0457902], [80.2378701, 13.0457719], [80.2378517, 13.0456931], [80.2377693, 13.0457114], [80.2377877, 13.0457902]]]}}, {"type": "Feature", "properties": {"osm_id": 354746402}, "geometry": {"type": "Polygon", "coordinates": [[[80.2374515, 13.0480169], [80.2375992, 13.0479739], [80.2375693, 13.0478766], [80.2374216, 13.0479196], [80.2374515, 13.0480169]]]}}, {"type": "Feature", "properties": {"osm_id": 354746409}, "geometry": {"type": "Polygon", "coordinates": [[[80.2369508, 13.0463869], [80.2369984, 13.0464087], [80.2370364, 13.0463643], [80.2370148, 13.0462184], [80.2369737, 13.0462077], [80.2369274, 13.0462557], [80.2369508, 13.0463869]]]}}, {"type": "Feature", "properties": {"osm_id": 354746411}, "geometry": {"type": "Polygon", "coordinates": [[[80.2366522, 13.0460528], [80.2367425, 13.046033], [80.2367495, 13.0460632], [80.2368434, 13.0460425], [80.2368017, 13.0458628], [80.2366175, 13.0459034], [80.2366522, 13.0460528]]]}}, {"type": "Feature", "properties": {"osm_id": 354746419}, "geometry": {"type": "Polygon", "coordinates": [[[80.2368832, 13.04607], [80.2370141, 13.0460412], [80.2369765, 13.0458792], [80.2368456, 13.0459081], [80.2368624, 13.0459803], [80.2368894, 13.0459743], [80.2368993, 13.0460169], [80.2368723, 13.0460229], [80.2368832, 13.04607]]]}}, {"type": "Feature", "properties": {"osm_id": 354768717}, "geometry": {"type": "Polygon", "coordinates": [[[80.2345235, 13.0466905], [80.2346133, 13.0466746], [80.2345644, 13.0464121], [80.2344746, 13.046428], [80.2344853, 13.0464855], [80.2345167, 13.0464799], [80.2345198, 13.0464965], [80.2344884, 13.0465021], [80.2345104, 13.0466199], [80.2345465, 13.0466135], [80.234549, 13.0466269], [80.2345129, 13.0466333], [80.2345235, 13.0466905]]]}}, {"type": "Feature", "properties": {"osm_id": 354768734}, "geometry": {"type": "Polygon", "coordinates": [[[80.2373298, 13.0447104], [80.237364, 13.04475], [80.2374035, 13.0447176], [80.2374146, 13.0447303], [80.2374535, 13.0446984], [80.2374679, 13.0447151], [80.2375411, 13.0446551], [80.2375476, 13.0446883], [80.2376612, 13.0446671], [80.2376275, 13.0444954], [80.2375139, 13.0445166], [80.2375211, 13.0445534], [80.2373298, 13.0447104]]]}}, {"type": "Feature", "properties": {"osm_id": 354768775}, "geometry": {"type": "Polygon", "coordinates": [[[80.2363742, 13.044533], [80.2364879, 13.0445088], [80.2364642, 13.0444028], [80.2363504, 13.044427], [80.2363742, 13.044533]]]}}, {"type": "Feature", "properties": {"osm_id": 354768784}, "geometry": {"type": "Polygon", "coordinates": [[[80.2350754, 13.0469977], [80.2351645, 13.0469823], [80.2351209, 13.0467437], [80.2350318, 13.0467592], [80.2350754, 13.0469977]]]}}, {"type": "Feature", "properties": {"osm_id": 354768847}, "geometry": {"type": "Polygon", "coordinates": [[[80.2378948, 13.0448352], [80.2382321, 13.0447445], [80.2381998, 13.0446306], [80.2378625, 13.0447214], [80.2378948, 13.0448352]]]}}, {"type": "Feature", "properties": {"osm_id": 354768864}, "geometry": {"type": "Polygon", "coordinates": [[[80.2330612, 13.0452584], [80.2331775, 13.0452384], [80.2331577, 13.0451291], [80.2330414, 13.0451491], [80.2330612, 13.0452584]]]}}, {"type": "Feature", "properties": {"osm_id": 354768922}, "geometry": {"type": "Polygon", "coordinates": [[[80.232932, 13.0457679], [80.233084, 13.0457377], [80.2330589, 13.0456176], [80.2329069, 13.0456478], [80.232932, 13.0457679]]]}}, {"type": "Feature", "properties": {"osm_id": 354768928}, "geometry": {"type": "Polygon", "coordinates": [[[80.2339965, 13.0468078], [80.2341371, 13.0467836], [80.2341211, 13.0466953], [80.2339805, 13.0467195], [80.2339965, 13.0468078]]]}}, {"type": "Feature", "properties": {"osm_id": 354768938}, "geometry": {"type": "Polygon", "coordinates": [[[80.2347085, 13.0470254], [80.2348176, 13.0470064], [80.2347902, 13.0468563], [80.2346811, 13.0468752], [80.2347085, 13.0470254]]]}}, {"type": "Feature", "properties": {"osm_id": 354769021}, "geometry": {"type": "Polygon", "coordinates": [[[80.2341015, 13.0470307], [80.2344619, 13.0469829], [80.2344391, 13.0468197], [80.2340787, 13.0468675], [80.2341015, 13.0470307]]]}}, {"type": "Feature", "properties": {"osm_id": 354769051}, "geometry": {"type": "Polygon", "coordinates": [[[80.2378108, 13.0445553], [80.2381061, 13.0444735], [80.2380759, 13.0443702], [80.2377807, 13.044452], [80.2378108, 13.0445553]]]}}, {"type": "Feature", "properties": {"osm_id": 354769069}, "geometry": {"type": "Polygon", "coordinates": [[[80.2349938, 13.0466483], [80.2351157, 13.0466271], [80.2351036, 13.0465609], [80.2349817, 13.0465821], [80.2349938, 13.0466483]]]}}, {"type": "Feature", "properties": {"osm_id": 354769142}, "geometry": {"type": "Polygon", "coordinates": [[[80.2336041, 13.046694], [80.2337288, 13.0466726], [80.233713, 13.0465854], [80.2335883, 13.0466068], [80.2336041, 13.046694]]]}}, {"type": "Feature", "properties": {"osm_id": 354769186}, "geometry": {"type": "Polygon", "coordinates": [[[80.2331205, 13.045904], [80.2332793, 13.0458733], [80.2332619, 13.045788], [80.2331031, 13.0458187], [80.2331205, 13.045904]]]}}, {"type": "Feature", "properties": {"osm_id": 354769298}, "geometry": {"type": "Polygon", "coordinates": [[[80.2337139, 13.0471119], [80.2338026, 13.0471013], [80.2337879, 13.0469852], [80.2336993, 13.0469958], [80.2337139, 13.0471119]]]}}, {"type": "Feature", "properties": {"osm_id": 354769319}, "geometry": {"type": "Polygon", "coordinates": [[[80.2359995, 13.0449759], [80.2361097, 13.0449554], [80.2360876, 13.044843], [80.2359774, 13.0448636], [80.2359995, 13.0449759]]]}}, {"type": "Feature", "properties": {"osm_id": 354769433}, "geometry": {"type": "Polygon", "coordinates": [[[80.2359995, 13.0455248], [80.2362611, 13.045476], [80.236237, 13.0453534], [80.2359754, 13.0454022], [80.2359995, 13.0455248]]]}}, {"type": "Feature", "properties": {"osm_id": 354769490}, "geometry": {"type": "Polygon", "coordinates": [[[80.2330187, 13.046415], [80.2331489, 13.0463891], [80.2331158, 13.0462309], [80.2329856, 13.0462568], [80.2330187, 13.046415]]]}}, {"type": "Feature", "properties": {"osm_id": 354769500}, "geometry": {"type": "Polygon", "coordinates": [[[80.2363261, 13.0449175], [80.2364632, 13.0448883], [80.236426, 13.0447226], [80.236289, 13.0447518], [80.2363261, 13.0449175]]]}}, {"type": "Feature", "properties": {"osm_id": 354769612}, "geometry": {"type": "Polygon", "coordinates": [[[80.2329319, 13.0459129], [80.2331131, 13.0458769], [80.2330933, 13.0457825], [80.2329122, 13.0458185], [80.2329319, 13.0459129]]]}}, {"type": "Feature", "properties": {"osm_id": 354769633}, "geometry": {"type": "Polygon", "coordinates": [[[80.2369273, 13.0451769], [80.2370844, 13.0451476], [80.237043, 13.0449368], [80.2368859, 13.0449661], [80.2369273, 13.0451769]]]}}, {"type": "Feature", "properties": {"osm_id": 354769674}, "geometry": {"type": "Polygon", "coordinates": [[[80.2362191, 13.0445688], [80.2363249, 13.0445491], [80.2363035, 13.0444405], [80.2361977, 13.0444602], [80.2362191, 13.0445688]]]}}, {"type": "Feature", "properties": {"osm_id": 354769710}, "geometry": {"type": "Polygon", "coordinates": [[[80.236351, 13.0443947], [80.2364505, 13.0443735], [80.2364205, 13.0442401], [80.236321, 13.0442613], [80.236351, 13.0443947]]]}}, {"type": "Feature", "properties": {"osm_id": 354769768}, "geometry": {"type": "Polygon", "coordinates": [[[80.2369575, 13.0454711], [80.2371678, 13.0454318], [80.2371451, 13.0453164], [80.2369348, 13.0453556], [80.2369575, 13.0454711]]]}}, {"type": "Feature", "properties": {"osm_id": 354769818}, "geometry": {"type": "Polygon", "coordinates": [[[80.2330942, 13.0457723], [80.2332596, 13.0457468], [80.2332449, 13.0456565], [80.2330795, 13.045682], [80.2330942, 13.0457723]]]}}, {"type": "Feature", "properties": {"osm_id": 354769826}, "geometry": {"type": "Polygon", "coordinates": [[[80.2375336, 13.0449052], [80.2377491, 13.0448651], [80.2377278, 13.0447569], [80.2375124, 13.0447971], [80.2375336, 13.0449052]]]}}, {"type": "Feature", "properties": {"osm_id": 354769860}, "geometry": {"type": "Polygon", "coordinates": [[[80.236859, 13.0454736], [80.2369448, 13.0454576], [80.2368984, 13.0452218], [80.2368127, 13.0452378], [80.236859, 13.0454736]]]}}, {"type": "Feature", "properties": {"osm_id": 354769905}, "geometry": {"type": "Polygon", "coordinates": [[[80.2358321, 13.0446203], [80.235994, 13.0445901], [80.2359573, 13.0444033], [80.2357954, 13.0444335], [80.2358321, 13.0446203]]]}}, {"type": "Feature", "properties": {"osm_id": 354769909}, "geometry": {"type": "Polygon", "coordinates": [[[80.236887, 13.0446764], [80.2369818, 13.0446587], [80.2369421, 13.0444565], [80.2368472, 13.0444742], [80.236887, 13.0446764]]]}}, {"type": "Feature", "properties": {"osm_id": 354769935}, "geometry": {"type": "Polygon", "coordinates": [[[80.2372816, 13.0453675], [80.2373627, 13.0453524], [80.2373315, 13.0451936], [80.2372504, 13.0452088], [80.2372816, 13.0453675]]]}}, {"type": "Feature", "properties": {"osm_id": 354769958}, "geometry": {"type": "Polygon", "coordinates": [[[80.2362806, 13.0454883], [80.2364111, 13.0454639], [80.2363895, 13.0453541], [80.236259, 13.0453784], [80.2362806, 13.0454883]]]}}, {"type": "Feature", "properties": {"osm_id": 354769980}, "geometry": {"type": "Polygon", "coordinates": [[[80.2332034, 13.0464286], [80.2333858, 13.0464031], [80.2333647, 13.0462603], [80.2331823, 13.0462858], [80.2332034, 13.0464286]]]}}, {"type": "Feature", "properties": {"osm_id": 354769990}, "geometry": {"type": "Polygon", "coordinates": [[[80.2371766, 13.0454212], [80.2372738, 13.0454031], [80.2372304, 13.0451821], [80.2371332, 13.0452003], [80.2371766, 13.0454212]]]}}, {"type": "Feature", "properties": {"osm_id": 354770018}, "geometry": {"type": "Polygon", "coordinates": [[[80.2336874, 13.0469775], [80.2337674, 13.0469637], [80.233753, 13.0468849], [80.233673, 13.0468987], [80.2336874, 13.0469775]]]}}, {"type": "Feature", "properties": {"osm_id": 354770059}, "geometry": {"type": "Polygon", "coordinates": [[[80.2341244, 13.0466016], [80.2342645, 13.0465768], [80.2342524, 13.0465121], [80.2341123, 13.0465368], [80.2341244, 13.0466016]]]}}, {"type": "Feature", "properties": {"osm_id": 354770076}, "geometry": {"type": "Polygon", "coordinates": [[[80.2367042, 13.0452205], [80.236891, 13.0451856], [80.2368499, 13.0449763], [80.236663, 13.0450112], [80.2367042, 13.0452205]]]}}, {"type": "Feature", "properties": {"osm_id": 354770114}, "geometry": {"type": "Polygon", "coordinates": [[[80.2371232, 13.0443644], [80.237251, 13.0443406], [80.2372308, 13.0442379], [80.237103, 13.0442617], [80.2371232, 13.0443644]]]}}, {"type": "Feature", "properties": {"osm_id": 354770181}, "geometry": {"type": "Polygon", "coordinates": [[[80.2362006, 13.0443874], [80.2362927, 13.0443678], [80.2362647, 13.0442428], [80.2361726, 13.0442624], [80.2362006, 13.0443874]]]}}, {"type": "Feature", "properties": {"osm_id": 354770304}, "geometry": {"type": "Polygon", "coordinates": [[[80.2346815, 13.0468492], [80.2347823, 13.0468317], [80.2347641, 13.0467326], [80.2346634, 13.04675], [80.2346815, 13.0468492]]]}}, {"type": "Feature", "properties": {"osm_id": 354770365}, "geometry": {"type": "Polygon", "coordinates": [[[80.2370011, 13.0446188], [80.2371018, 13.0446001], [80.2370733, 13.0444552], [80.2369727, 13.044474], [80.2370011, 13.0446188]]]}}, {"type": "Feature", "properties": {"osm_id": 354770376}, "geometry": {"type": "Polygon", "coordinates": [[[80.2379447, 13.0450117], [80.238362, 13.0449132], [80.2383273, 13.0447737], [80.23791, 13.0448722], [80.2379447, 13.0450117]]]}}, {"type": "Feature", "properties": {"osm_id": 354770381}, "geometry": {"type": "Polygon", "coordinates": [[[80.2330315, 13.0451337], [80.2331449, 13.0451142], [80.2331261, 13.0450107], [80.2330128, 13.0450302], [80.2330315, 13.0451337]]]}}, {"type": "Feature", "properties": {"osm_id": 354770447}, "geometry": {"type": "Polygon", "coordinates": [[[80.2339834, 13.0466646], [80.234111, 13.0466427], [80.2340805, 13.0464742], [80.2339528, 13.0464961], [80.2339834, 13.0466646]]]}}, {"type": "Feature", "properties": {"osm_id": 354770480}, "geometry": {"type": "Polygon", "coordinates": [[[80.2372095, 13.044603], [80.2373116, 13.0447033], [80.2374036, 13.0446145], [80.2373015, 13.0445142], [80.2372095, 13.044603]]]}}, {"type": "Feature", "properties": {"osm_id": 354770545}, "geometry": {"type": "Polygon", "coordinates": [[[80.2337944, 13.046703], [80.2338699, 13.04669], [80.2338521, 13.0465918], [80.2337766, 13.0466048], [80.2337944, 13.046703]]]}}, {"type": "Feature", "properties": {"osm_id": 354770580}, "geometry": {"type": "Polygon", "coordinates": [[[80.2339022, 13.0470924], [80.2340244, 13.0470712], [80.2339941, 13.0469052], [80.2338719, 13.0469263], [80.2339022, 13.0470924]]]}}, {"type": "Feature", "properties": {"osm_id": 354770585}, "geometry": {"type": "Polygon", "coordinates": [[[80.2357913, 13.044407], [80.2359017, 13.0443864], [80.2358822, 13.0442877], [80.2357719, 13.0443083], [80.2357913, 13.044407]]]}}, {"type": "Feature", "properties": {"osm_id": 354770647}, "geometry": {"type": "Polygon", "coordinates": [[[80.2330572, 13.0447724], [80.2331876, 13.04475], [80.2331481, 13.0445319], [80.2330177, 13.0445543], [80.2330572, 13.0447724]]]}}, {"type": "Feature", "properties": {"osm_id": 354770677}, "geometry": {"type": "Polygon", "coordinates": [[[80.2362866, 13.0455896], [80.2364429, 13.0455604], [80.236427, 13.0454796], [80.2362707, 13.0455088], [80.2362866, 13.0455896]]]}}, {"type": "Feature", "properties": {"osm_id": 354770716}, "geometry": {"type": "Polygon", "coordinates": [[[80.2331677, 13.046244], [80.2333501, 13.046207], [80.2333313, 13.0461193], [80.2331489, 13.0461563], [80.2331677, 13.046244]]]}}, {"type": "Feature", "properties": {"osm_id": 354770731}, "geometry": {"type": "Polygon", "coordinates": [[[80.233025, 13.0449285], [80.2331485, 13.0449072], [80.2331345, 13.0448299], [80.233011, 13.0448511], [80.233025, 13.0449285]]]}}, {"type": "Feature", "properties": {"osm_id": 354770767}, "geometry": {"type": "Polygon", "coordinates": [[[80.2351396, 13.0465182], [80.2353076, 13.0464857], [80.2352757, 13.0463296], [80.2351078, 13.0463621], [80.2351396, 13.0465182]]]}}, {"type": "Feature", "properties": {"osm_id": 354770783}, "geometry": {"type": "Polygon", "coordinates": [[[80.2329636, 13.0461907], [80.2331125, 13.0461612], [80.2330882, 13.046045], [80.2329393, 13.0460746], [80.2329636, 13.0461907]]]}}, {"type": "Feature", "properties": {"osm_id": 354770791}, "geometry": {"type": "Polygon", "coordinates": [[[80.2371556, 13.045085], [80.2372842, 13.045061], [80.2372593, 13.0449341], [80.2371307, 13.0449581], [80.2371556, 13.045085]]]}}, {"type": "Feature", "properties": {"osm_id": 354770858}, "geometry": {"type": "Polygon", "coordinates": [[[80.2365763, 13.0446603], [80.2366331, 13.0446482], [80.236606, 13.0445274], [80.2365492, 13.0445395], [80.2365763, 13.0446603]]]}}, {"type": "Feature", "properties": {"osm_id": 354770867}, "geometry": {"type": "Polygon", "coordinates": [[[80.2329675, 13.0460271], [80.2331345, 13.0459939], [80.2331158, 13.0459044], [80.2329488, 13.0459376], [80.2329675, 13.0460271]]]}}, {"type": "Feature", "properties": {"osm_id": 354770976}, "geometry": {"type": "Polygon", "coordinates": [[[80.2348318, 13.0466729], [80.2349411, 13.0466609], [80.2349344, 13.0466024], [80.234825, 13.0466144], [80.2348318, 13.0466729]]]}}, {"type": "Feature", "properties": {"osm_id": 354770994}, "geometry": {"type": "Polygon", "coordinates": [[[80.2369325, 13.0453394], [80.2371431, 13.0453001], [80.2371189, 13.045177], [80.2369083, 13.0452163], [80.2369325, 13.0453394]]]}}, {"type": "Feature", "properties": {"osm_id": 354771034}, "geometry": {"type": "Polygon", "coordinates": [[[80.2367124, 13.0444514], [80.2368559, 13.0444246], [80.2368424, 13.0443555], [80.2366989, 13.0443823], [80.2367124, 13.0444514]]]}}, {"type": "Feature", "properties": {"osm_id": 354771046}, "geometry": {"type": "Polygon", "coordinates": [[[80.2331754, 13.0471851], [80.2334854, 13.0471424], [80.2334701, 13.0470366], [80.2331601, 13.0470793], [80.2331754, 13.0471851]]]}}, {"type": "Feature", "properties": {"osm_id": 354771094}, "geometry": {"type": "Polygon", "coordinates": [[[80.2367239, 13.0454775], [80.2368441, 13.045455], [80.2368065, 13.045264], [80.2366863, 13.0452864], [80.2367239, 13.0454775]]]}}, {"type": "Feature", "properties": {"osm_id": 354771130}, "geometry": {"type": "Polygon", "coordinates": [[[80.2366783, 13.0446751], [80.2368428, 13.0446444], [80.2368109, 13.0444821], [80.2366464, 13.0445127], [80.2366783, 13.0446751]]]}}, {"type": "Feature", "properties": {"osm_id": 354771139}, "geometry": {"type": "Polygon", "coordinates": [[[80.2331473, 13.0460115], [80.2333231, 13.0459834], [80.2333078, 13.0458922], [80.2331319, 13.0459204], [80.2331473, 13.0460115]]]}}, {"type": "Feature", "properties": {"osm_id": 354771154}, "geometry": {"type": "Polygon", "coordinates": [[[80.2329656, 13.0452629], [80.2330409, 13.04525], [80.2330058, 13.0450563], [80.2329305, 13.0450693], [80.2329656, 13.0452629]]]}}, {"type": "Feature", "properties": {"osm_id": 354771161}, "geometry": {"type": "Polygon", "coordinates": [[[80.2376189, 13.0451545], [80.237796, 13.0451215], [80.2377764, 13.0450216], [80.2375993, 13.0450546], [80.2376189, 13.0451545]]]}}, {"type": "Feature", "properties": {"osm_id": 354771179}, "geometry": {"type": "Polygon", "coordinates": [[[80.2345341, 13.0470498], [80.2346542, 13.0470289], [80.234626, 13.0468744], [80.2345059, 13.0468952], [80.2345341, 13.0470498]]]}}, {"type": "Feature", "properties": {"osm_id": 354771194}, "geometry": {"type": "Polygon", "coordinates": [[[80.2338319, 13.0469175], [80.2339504, 13.0468969], [80.2339382, 13.0468299], [80.2338196, 13.0468505], [80.2338319, 13.0469175]]]}}, {"type": "Feature", "properties": {"osm_id": 354771234}, "geometry": {"type": "Polygon", "coordinates": [[[80.2343229, 13.0466802], [80.2343998, 13.0466666], [80.2343777, 13.0465482], [80.2343009, 13.0465618], [80.2343229, 13.0466802]]]}}, {"type": "Feature", "properties": {"osm_id": 354771237}, "geometry": {"type": "Polygon", "coordinates": [[[80.2373275, 13.0450594], [80.23748, 13.045031], [80.2374509, 13.044883], [80.2372984, 13.0449114], [80.2373275, 13.0450594]]]}}, {"type": "Feature", "properties": {"osm_id": 354771260}, "geometry": {"type": "Polygon", "coordinates": [[[80.2370405, 13.0441407], [80.2371697, 13.0441166], [80.2371534, 13.0440333], [80.2370241, 13.0440574], [80.2370405, 13.0441407]]]}}, {"type": "Feature", "properties": {"osm_id": 354771264}, "geometry": {"type": "Polygon", "coordinates": [[[80.2336172, 13.0468372], [80.2337491, 13.0468146], [80.2337262, 13.0466877], [80.2335943, 13.0467103], [80.2336172, 13.0468372]]]}}, {"type": "Feature", "properties": {"osm_id": 354771268}, "geometry": {"type": "Polygon", "coordinates": [[[80.236073, 13.0456321], [80.236258, 13.0455976], [80.2362411, 13.0455116], [80.2360561, 13.0455461], [80.236073, 13.0456321]]]}}, {"type": "Feature", "properties": {"osm_id": 354771311}, "geometry": {"type": "Polygon", "coordinates": [[[80.2370641, 13.0442404], [80.2372058, 13.044214], [80.2371901, 13.0441343], [80.2370485, 13.0441608], [80.2370641, 13.0442404]]]}}, {"type": "Feature", "properties": {"osm_id": 354771318}, "geometry": {"type": "Polygon", "coordinates": [[[80.2347852, 13.0465897], [80.2348878, 13.0465719], [80.2348551, 13.0463926], [80.2347524, 13.0464104], [80.2347852, 13.0465897]]]}}, {"type": "Feature", "properties": {"osm_id": 354771331}, "geometry": {"type": "Polygon", "coordinates": [[[80.2349505, 13.0465737], [80.235098, 13.0465467], [80.2350634, 13.0463672], [80.2349158, 13.0463942], [80.2349505, 13.0465737]]]}}, {"type": "Feature", "properties": {"osm_id": 354771357}, "geometry": {"type": "Polygon", "coordinates": [[[80.2352307, 13.0468628], [80.2353424, 13.0468435], [80.2353207, 13.0467245], [80.2352089, 13.0467439], [80.2352307, 13.0468628]]]}}, {"type": "Feature", "properties": {"osm_id": 354771373}, "geometry": {"type": "Polygon", "coordinates": [[[80.2364848, 13.045285], [80.2366791, 13.0452488], [80.2366397, 13.0450485], [80.2364454, 13.0450848], [80.2364848, 13.045285]]]}}, {"type": "Feature", "properties": {"osm_id": 354771398}, "geometry": {"type": "Polygon", "coordinates": [[[80.236698, 13.0443491], [80.2368401, 13.0443226], [80.2368043, 13.0441407], [80.2366623, 13.0441672], [80.236698, 13.0443491]]]}}, {"type": "Feature", "properties": {"osm_id": 354771420}, "geometry": {"type": "Polygon", "coordinates": [[[80.2375664, 13.0450446], [80.2377846, 13.0450039], [80.2377716, 13.0449381], [80.2376433, 13.0449621], [80.2376323, 13.0449062], [80.2375425, 13.0449229], [80.2375664, 13.0450446]]]}}, {"type": "Feature", "properties": {"osm_id": 354771426}, "geometry": {"type": "Polygon", "coordinates": [[[80.2338809, 13.0467083], [80.2339471, 13.0466966], [80.2339114, 13.0465048], [80.2338257, 13.0465199], [80.2338362, 13.0465762], [80.2338556, 13.0465728], [80.2338809, 13.0467083]]]}}, {"type": "Feature", "properties": {"osm_id": 354771436}, "geometry": {"type": "Polygon", "coordinates": [[[80.2348848, 13.0470119], [80.2350352, 13.0469858], [80.2349838, 13.0467047], [80.2349172, 13.0467162], [80.2349086, 13.0466693], [80.2348248, 13.0466839], [80.2348848, 13.0470119]]]}}, {"type": "Feature", "properties": {"osm_id": 354771464}, "geometry": {"type": "Polygon", "coordinates": [[[80.2369027, 13.0444335], [80.2370642, 13.0444034], [80.2369972, 13.0440627], [80.2368358, 13.0440929], [80.2368662, 13.0442477], [80.2369099, 13.0442396], [80.2369166, 13.0442739], [80.236873, 13.044282], [80.2369027, 13.0444335]]]}}, {"type": "Feature", "properties": {"osm_id": 354771479}, "geometry": {"type": "Polygon", "coordinates": [[[80.2330324, 13.0454916], [80.2331863, 13.0454652], [80.2331503, 13.0452659], [80.2329963, 13.0452924], [80.2330102, 13.045369], [80.2331174, 13.0453506], [80.2331298, 13.0454188], [80.2330226, 13.0454372], [80.2330324, 13.0454916]]]}}, {"type": "Feature", "properties": {"osm_id": 354771486}, "geometry": {"type": "Polygon", "coordinates": [[[80.2360499, 13.0445685], [80.2361476, 13.0445503], [80.2361142, 13.0443802], [80.2360945, 13.0443839], [80.2360853, 13.0443371], [80.2359847, 13.0443559], [80.2360115, 13.0444922], [80.236034, 13.044488], [80.2360499, 13.0445685]]]}}, {"type": "Feature", "properties": {"osm_id": 355091726}, "geometry": {"type": "Polygon", "coordinates": [[[80.2372358, 13.0432253], [80.237416, 13.043319], [80.2374883, 13.0431871], [80.2373081, 13.0430934], [80.2372358, 13.0432253]]]}}, {"type": "Feature", "properties": {"osm_id": 355600623}, "geometry": {"type": "Polygon", "coordinates": [[[80.2352299, 13.0476009], [80.2353302, 13.047587], [80.235309, 13.0474422], [80.2352086, 13.0474562], [80.2352299, 13.0476009]]]}}, {"type": "Feature", "properties": {"osm_id": 355600626}, "geometry": {"type": "Polygon", "coordinates": [[[80.2356693, 13.0473472], [80.2357775, 13.0473327], [80.2357577, 13.0471935], [80.2356496, 13.047208], [80.2356693, 13.0473472]]]}}, {"type": "Feature", "properties": {"osm_id": 355600629}, "geometry": {"type": "Polygon", "coordinates": [[[80.2356758, 13.0474317], [80.235811, 13.0474199], [80.2358056, 13.0473609], [80.2356704, 13.0473727], [80.2356758, 13.0474317]]]}}, {"type": "Feature", "properties": {"osm_id": 355600632}, "geometry": {"type": "Polygon", "coordinates": [[[80.2352897, 13.0477261], [80.235345, 13.0477139], [80.2353236, 13.0476217], [80.2352682, 13.0476339], [80.2352897, 13.0477261]]]}}, {"type": "Feature", "properties": {"osm_id": 355600634}, "geometry": {"type": "Polygon", "coordinates": [[[80.235369, 13.0476507], [80.2354214, 13.0476454], [80.2354081, 13.0475198], [80.2353556, 13.0475251], [80.235369, 13.0476507]]]}}, {"type": "Feature", "properties": {"osm_id": 355600636}, "geometry": {"type": "Polygon", "coordinates": [[[80.2351765, 13.0474096], [80.2352399, 13.0474008], [80.2352157, 13.0472351], [80.2351522, 13.047244], [80.2351765, 13.0474096]]]}}, {"type": "Feature", "properties": {"osm_id": 355600638}, "geometry": {"type": "Polygon", "coordinates": [[[80.2350227, 13.0476612], [80.2351244, 13.0476512], [80.2351092, 13.0475051], [80.2350076, 13.0475151], [80.2350227, 13.0476612]]]}}, {"type": "Feature", "properties": {"osm_id": 355600640}, "geometry": {"type": "Polygon", "coordinates": [[[80.2352132, 13.0477461], [80.2352822, 13.0477334], [80.2352635, 13.0476369], [80.2351945, 13.0476496], [80.2352132, 13.0477461]]]}}, {"type": "Feature", "properties": {"osm_id": 355600673}, "geometry": {"type": "Polygon", "coordinates": [[[80.2357131, 13.0476098], [80.2358633, 13.0475834], [80.2358531, 13.0475285], [80.2357029, 13.0475549], [80.2357131, 13.0476098]]]}}, {"type": "Feature", "properties": {"osm_id": 355600697}, "geometry": {"type": "Polygon", "coordinates": [[[80.2349646, 13.0474954], [80.2350945, 13.0474773], [80.23507, 13.04731], [80.2349401, 13.0473281], [80.2349646, 13.0474954]]]}}, {"type": "Feature", "properties": {"osm_id": 355600714}, "geometry": {"type": "Polygon", "coordinates": [[[80.2353997, 13.0477506], [80.2354971, 13.0477408], [80.2354883, 13.0476579], [80.2353909, 13.0476677], [80.2353997, 13.0477506]]]}}, {"type": "Feature", "properties": {"osm_id": 355600717}, "geometry": {"type": "Polygon", "coordinates": [[[80.2355708, 13.0476787], [80.235657, 13.0476724], [80.2356493, 13.0475736], [80.2355631, 13.0475799], [80.2355708, 13.0476787]]]}}, {"type": "Feature", "properties": {"osm_id": 355600757}, "geometry": {"type": "Polygon", "coordinates": [[[80.2357103, 13.0475335], [80.2358614, 13.0475071], [80.2358492, 13.0474407], [80.2356981, 13.0474671], [80.2357103, 13.0475335]]]}}, {"type": "Feature", "properties": {"osm_id": 355600765}, "geometry": {"type": "Polygon", "coordinates": [[[80.2350359, 13.047748], [80.2351455, 13.0477334], [80.2351362, 13.0476669], [80.2350267, 13.0476815], [80.2350359, 13.047748]]]}}, {"type": "Feature", "properties": {"osm_id": 355600802}, "geometry": {"type": "Polygon", "coordinates": [[[80.2348905, 13.047656], [80.2349629, 13.0476459], [80.2349691, 13.0476881], [80.2350195, 13.0476811], [80.2349998, 13.0475464], [80.2348769, 13.0475635], [80.2348905, 13.047656]]]}}, {"type": "Feature", "properties": {"osm_id": 355626573}, "geometry": {"type": "Polygon", "coordinates": [[[80.2355951, 13.0434478], [80.2356926, 13.0434995], [80.2357023, 13.0434821], [80.2357571, 13.0435111], [80.2357867, 13.043458], [80.235894, 13.0435147], [80.235984, 13.0433534], [80.2358669, 13.0432914], [80.235876, 13.0432751], [80.2357336, 13.0431997], [80.2355951, 13.0434478]]]}}, {"type": "Feature", "properties": {"osm_id": 355626576}, "geometry": {"type": "Polygon", "coordinates": [[[80.2352939, 13.0432604], [80.2354499, 13.0433419], [80.2354791, 13.0432888], [80.2353954, 13.0432451], [80.2354018, 13.0432334], [80.2353683, 13.0432158], [80.2353749, 13.0432038], [80.2353216, 13.0431759], [80.2353002, 13.0432147], [80.2353149, 13.0432223], [80.2352939, 13.0432604]]]}}, {"type": "Feature", "properties": {"osm_id": 355626578}, "geometry": {"type": "Polygon", "coordinates": [[[80.2360757, 13.0433802], [80.2361191, 13.0434034], [80.2361324, 13.0433798], [80.2362393, 13.0434367], [80.2362622, 13.0433959], [80.2362345, 13.0433811], [80.2362539, 13.0433465], [80.2362319, 13.0433347], [80.2362902, 13.0432309], [80.2362314, 13.0431995], [80.2362121, 13.0432339], [80.2361704, 13.0432116], [80.2360757, 13.0433802]]]}}, {"type": "Feature", "properties": {"osm_id": 355626579}, "geometry": {"type": "Polygon", "coordinates": [[[80.2362126, 13.0437557], [80.2363668, 13.0437403], [80.2363628, 13.043702], [80.2364098, 13.0436973], [80.2364004, 13.0436081], [80.2363507, 13.0436131], [80.2363472, 13.0435797], [80.236266, 13.0435878], [80.2362682, 13.0436088], [80.2362339, 13.0436122], [80.2362393, 13.0436638], [80.2362033, 13.0436674], [80.2362126, 13.0437557]]]}}, {"type": "Feature", "properties": {"osm_id": 355626580}, "geometry": {"type": "Polygon", "coordinates": [[[80.2368765, 13.04396], [80.2371109, 13.0439237], [80.2371102, 13.0438645], [80.2370677, 13.0438658], [80.2370676, 13.0438564], [80.2370285, 13.0438575], [80.2370284, 13.0438482], [80.2369871, 13.0438494], [80.2369869, 13.0438313], [80.2369583, 13.0438321], [80.2369582, 13.0438263], [80.2369301, 13.0438271], [80.2369302, 13.0438203], [80.2368752, 13.0438219], [80.2368765, 13.04396]]]}}, {"type": "Feature", "properties": {"osm_id": 355626596}, "geometry": {"type": "Polygon", "coordinates": [[[80.2362459, 13.0440018], [80.2363686, 13.043984], [80.2363426, 13.0438138], [80.2362199, 13.0438315], [80.2362459, 13.0440018]]]}}, {"type": "Feature", "properties": {"osm_id": 355626616}, "geometry": {"type": "Polygon", "coordinates": [[[80.2353959, 13.0430775], [80.2354385, 13.0430997], [80.235479, 13.0430261], [80.2354364, 13.0430038], [80.2353959, 13.0430775]]]}}, {"type": "Feature", "properties": {"osm_id": 355626624}, "geometry": {"type": "Polygon", "coordinates": [[[80.2355366, 13.0439826], [80.2356336, 13.0439699], [80.2356225, 13.0438896], [80.2355255, 13.0439024], [80.2355366, 13.0439826]]]}}, {"type": "Feature", "properties": {"osm_id": 355626629}, "geometry": {"type": "Polygon", "coordinates": [[[80.2352061, 13.0434493], [80.2353565, 13.0433491], [80.2352847, 13.0433005], [80.2351897, 13.0433094], [80.2352061, 13.0434493]]]}}, {"type": "Feature", "properties": {"osm_id": 355626631}, "geometry": {"type": "Polygon", "coordinates": [[[80.2353682, 13.0431719], [80.2354906, 13.0432359], [80.2355212, 13.0431803], [80.2353988, 13.0431163], [80.2353682, 13.0431719]]]}}, {"type": "Feature", "properties": {"osm_id": 355626636}, "geometry": {"type": "Polygon", "coordinates": [[[80.2367141, 13.0437723], [80.236841, 13.0438323], [80.2369248, 13.0436643], [80.2367979, 13.0436042], [80.2367141, 13.0437723]]]}}, {"type": "Feature", "properties": {"osm_id": 355626676}, "geometry": {"type": "Polygon", "coordinates": [[[80.2369738, 13.0437721], [80.2371233, 13.043831], [80.237207, 13.0436295], [80.2370575, 13.0435706], [80.2369738, 13.0437721]]]}}, {"type": "Feature", "properties": {"osm_id": 355626698}, "geometry": {"type": "Polygon", "coordinates": [[[80.2366944, 13.043964], [80.2368304, 13.0439429], [80.2368177, 13.0438652], [80.2367582, 13.0438744], [80.2367501, 13.0438247], [80.2366736, 13.0438365], [80.2366944, 13.043964]]]}}, {"type": "Feature", "properties": {"osm_id": 355626704}, "geometry": {"type": "Polygon", "coordinates": [[[80.2363404, 13.0435088], [80.2364136, 13.0435478], [80.2365119, 13.0433729], [80.2364968, 13.0433648], [80.2365156, 13.0433314], [80.2364779, 13.0433113], [80.2364584, 13.043346], [80.236438, 13.0433351], [80.2363404, 13.0435088]]]}}, {"type": "Feature", "properties": {"osm_id": 355626705}, "geometry": {"type": "Polygon", "coordinates": [[[80.2356481, 13.0438902], [80.2356621, 13.0438879], [80.2356663, 13.0439122], [80.2357481, 13.043899], [80.2357431, 13.0438695], [80.235816, 13.0438578], [80.2358006, 13.0437673], [80.2356318, 13.0437945], [80.2356481, 13.0438902]]]}}, {"type": "Feature", "properties": {"osm_id": 355626706}, "geometry": {"type": "Polygon", "coordinates": [[[80.2357818, 13.0432237], [80.2359382, 13.0433071], [80.2360504, 13.0431073], [80.2358793, 13.0430161], [80.2358415, 13.0430833], [80.2358149, 13.0430692], [80.2357893, 13.0431148], [80.2358306, 13.0431368], [80.2357818, 13.0432237]]]}}, {"type": "Feature", "properties": {"osm_id": 355694434}, "geometry": {"type": "Polygon", "coordinates": [[[80.2362407, 13.0479709], [80.2363531, 13.04795], [80.2363317, 13.0478409], [80.2362193, 13.0478618], [80.2362407, 13.0479709]]]}}, {"type": "Feature", "properties": {"osm_id": 364283514}, "geometry": {"type": "Polygon", "coordinates": [[[80.2365909, 13.0444445], [80.2366329, 13.0444624], [80.2366527, 13.0444596], [80.236688, 13.0444215], [80.2366922, 13.0444066], [80.2366883, 13.044395], [80.2366825, 13.0443673], [80.2366846, 13.0443422], [80.2366755, 13.044332], [80.2366691, 13.0443039], [80.2366578, 13.0442507], [80.2366209, 13.0441064], [80.2364927, 13.0441307], [80.2364732, 13.0442611], [80.2364769, 13.0443], [80.2364912, 13.0443689], [80.2365332, 13.0444189], [80.2365909, 13.0444445]]]}}, {"type": "Feature", "properties": {"osm_id": 364283517}, "geometry": {"type": "Polygon", "coordinates": [[[80.2362152, 13.0465369], [80.2362672, 13.0465298], [80.2362555, 13.0464486], [80.2362035, 13.0464557], [80.2362152, 13.0465369]]]}}, {"type": "Feature", "properties": {"osm_id": 364283533}, "geometry": {"type": "Polygon", "coordinates": [[[80.2365012, 13.0480097], [80.236607, 13.0479884], [80.2365696, 13.0478127], [80.2364638, 13.047834], [80.2365012, 13.0480097]]]}}, {"type": "Feature", "properties": {"osm_id": 364283544}, "geometry": {"type": "Polygon", "coordinates": [[[80.2366365, 13.0458312], [80.2367454, 13.0458087], [80.2367199, 13.0456912], [80.2366109, 13.0457137], [80.2366365, 13.0458312]]]}}, {"type": "Feature", "properties": {"osm_id": 364283555}, "geometry": {"type": "Polygon", "coordinates": [[[80.2364508, 13.045843], [80.2365442, 13.0458234], [80.2365094, 13.0456656], [80.236416, 13.0456852], [80.2364508, 13.045843]]]}}, {"type": "Feature", "properties": {"osm_id": 364283581}, "geometry": {"type": "Polygon", "coordinates": [[[80.2361151, 13.0462397], [80.2361933, 13.0462248], [80.2361707, 13.0461123], [80.2360925, 13.0461272], [80.2361151, 13.0462397]]]}}, {"type": "Feature", "properties": {"osm_id": 364283602}, "geometry": {"type": "Polygon", "coordinates": [[[80.2371283, 13.0458664], [80.2372136, 13.0458492], [80.2371972, 13.0457717], [80.2371119, 13.0457888], [80.2371283, 13.0458664]]]}}, {"type": "Feature", "properties": {"osm_id": 364283685}, "geometry": {"type": "Polygon", "coordinates": [[[80.2363621, 13.0452585], [80.2364437, 13.0452437], [80.2364125, 13.0450797], [80.2363308, 13.0450945], [80.2363621, 13.0452585]]]}}, {"type": "Feature", "properties": {"osm_id": 364283743}, "geometry": {"type": "Polygon", "coordinates": [[[80.2360164, 13.0440733], [80.2361505, 13.0440543], [80.236115, 13.0438162], [80.2359808, 13.0438352], [80.2360164, 13.0440733]]]}}, {"type": "Feature", "properties": {"osm_id": 364283775}, "geometry": {"type": "Polygon", "coordinates": [[[80.2371495, 13.0478816], [80.2372595, 13.0478562], [80.2372379, 13.0477676], [80.2371279, 13.047793], [80.2371495, 13.0478816]]]}}, {"type": "Feature", "properties": {"osm_id": 364283808}, "geometry": {"type": "Polygon", "coordinates": [[[80.2348921, 13.0435489], [80.2350202, 13.0435282], [80.2349921, 13.0433628], [80.234864, 13.0433835], [80.2348921, 13.0435489]]]}}, {"type": "Feature", "properties": {"osm_id": 364283819}, "geometry": {"type": "Polygon", "coordinates": [[[80.2355945, 13.0442424], [80.235707, 13.0442267], [80.2356917, 13.0441222], [80.2355792, 13.0441379], [80.2355945, 13.0442424]]]}}, {"type": "Feature", "properties": {"osm_id": 364283826}, "geometry": {"type": "Polygon", "coordinates": [[[80.236302, 13.0458389], [80.2364044, 13.0458178], [80.2363798, 13.0457043], [80.2362774, 13.0457254], [80.236302, 13.0458389]]]}}, {"type": "Feature", "properties": {"osm_id": 364283835}, "geometry": {"type": "Polygon", "coordinates": [[[80.2358278, 13.0480424], [80.2359368, 13.0480082], [80.2359134, 13.0479373], [80.2358044, 13.0479715], [80.2358278, 13.0480424]]]}}, {"type": "Feature", "properties": {"osm_id": 364283848}, "geometry": {"type": "Polygon", "coordinates": [[[80.2362022, 13.0464398], [80.236266, 13.0464281], [80.2362562, 13.0463775], [80.2361924, 13.0463892], [80.2362022, 13.0464398]]]}}, {"type": "Feature", "properties": {"osm_id": 364283854}, "geometry": {"type": "Polygon", "coordinates": [[[80.2376936, 13.0456203], [80.2378207, 13.0455954], [80.2378056, 13.0455222], [80.2377475, 13.0455336], [80.2377159, 13.0453809], [80.2376469, 13.0453944], [80.2376936, 13.0456203]]]}}, {"type": "Feature", "properties": {"osm_id": 1270672550}, "geometry": {"type": "Polygon", "coordinates": [[[80.2360565, 13.0453315], [80.2362002, 13.0452972], [80.2361703, 13.0451414], [80.2360213, 13.0451704], [80.2360565, 13.0453315]]]}}, {"type": "Feature", "properties": {"osm_id": 214599065}, "geometry": {"type": "Polygon", "coordinates": [[[80.2431131, 13.0438192], [80.2432, 13.0442897], [80.24284, 13.0443528], [80.2427531, 13.0438823], [80.2431131, 13.0438192]]]}}, {"type": "Feature", "properties": {"osm_id": 218144536}, "geometry": {"type": "Polygon", "coordinates": [[[80.2401754, 13.0443263], [80.240394, 13.0444457], [80.2401994, 13.044784], [80.2399808, 13.0446646], [80.2401754, 13.0443263]]]}}, {"type": "Feature", "properties": {"osm_id": 223372181}, "geometry": {"type": "Polygon", "coordinates": [[[80.2424877, 13.0456143], [80.2426131, 13.0456699], [80.242841, 13.0457885], [80.242922, 13.0455913], [80.2425985, 13.0454267], [80.2424877, 13.0456143]]]}}, {"type": "Feature", "properties": {"osm_id": 240501601}, "geometry": {"type": "Polygon", "coordinates": [[[80.2395814, 13.0473651], [80.2396006, 13.047458], [80.2394487, 13.0474879], [80.2394295, 13.047395], [80.2395814, 13.0473651]]]}}, {"type": "Feature", "properties": {"osm_id": 354573195}, "geometry": {"type": "Polygon", "coordinates": [[[80.2424526, 13.0434334], [80.2426543, 13.0434101], [80.2426473, 13.0433532], [80.2426186, 13.0433565], [80.2426152, 13.0433287], [80.2425658, 13.0433344], [80.2425571, 13.0432632], [80.242462, 13.0432742], [80.2424755, 13.0433848], [80.2424471, 13.0433881], [80.2424526, 13.0434334]]]}}, {"type": "Feature", "properties": {"osm_id": 354573226}, "geometry": {"type": "Polygon", "coordinates": [[[80.241087, 13.0436732], [80.2411014, 13.0436713], [80.241107, 13.043711], [80.241133, 13.0437075], [80.2411362, 13.04373], [80.2411636, 13.0437263], [80.2411665, 13.0437472], [80.2412242, 13.0437394], [80.2412136, 13.0436644], [80.2413418, 13.0436472], [80.2413265, 13.0435392], [80.2410729, 13.0435732], [80.241087, 13.0436732]]]}}, {"type": "Feature", "properties": {"osm_id": 354573234}, "geometry": {"type": "Polygon", "coordinates": [[[80.241407, 13.0435084], [80.2414359, 13.0435034], [80.2414477, 13.0435674], [80.2415099, 13.0435566], [80.2415064, 13.0435376], [80.2415725, 13.043526], [80.2415647, 13.0434839], [80.2416027, 13.0434772], [80.2415848, 13.04338], [80.2415513, 13.0433858], [80.2415475, 13.0433648], [80.2415602, 13.0433626], [80.2415533, 13.0433255], [80.2413789, 13.043356], [80.241407, 13.0435084]]]}}, {"type": "Feature", "properties": {"osm_id": 354573279}, "geometry": {"type": "Polygon", "coordinates": [[[80.2381359, 13.0472672], [80.2382387, 13.047238], [80.238172, 13.0470154], [80.2380691, 13.0470446], [80.2381359, 13.0472672]]]}}, {"type": "Feature", "properties": {"osm_id": 354573393}, "geometry": {"type": "Polygon", "coordinates": [[[80.2421799, 13.0432558], [80.2423034, 13.0432417], [80.2422894, 13.043126], [80.242166, 13.0431401], [80.2421799, 13.0432558]]]}}, {"type": "Feature", "properties": {"osm_id": 354573465}, "geometry": {"type": "Polygon", "coordinates": [[[80.2416887, 13.0437202], [80.2417943, 13.0437082], [80.2417441, 13.0432924], [80.2416386, 13.0433044], [80.2416887, 13.0437202]]]}}, {"type": "Feature", "properties": {"osm_id": 354573523}, "geometry": {"type": "Polygon", "coordinates": [[[80.2416108, 13.0431704], [80.2416926, 13.043161], [80.2416741, 13.0430072], [80.2415922, 13.0430165], [80.2416108, 13.0431704]]]}}, {"type": "Feature", "properties": {"osm_id": 354573585}, "geometry": {"type": "Polygon", "coordinates": [[[80.2410244, 13.043399], [80.241272, 13.0433707], [80.2412592, 13.0432641], [80.2410116, 13.0432924], [80.2410244, 13.043399]]]}}, {"type": "Feature", "properties": {"osm_id": 354573632}, "geometry": {"type": "Polygon", "coordinates": [[[80.2413159, 13.0433463], [80.2416114, 13.0432847], [80.2415916, 13.0431947], [80.2412962, 13.0432564], [80.2413159, 13.0433463]]]}}, {"type": "Feature", "properties": {"osm_id": 354573767}, "geometry": {"type": "Polygon", "coordinates": [[[80.2418726, 13.0436721], [80.2419577, 13.0436624], [80.2418984, 13.0431702], [80.2418133, 13.04318], [80.2418726, 13.0436721]]]}}, {"type": "Feature", "properties": {"osm_id": 354573831}, "geometry": {"type": "Polygon", "coordinates": [[[80.2410702, 13.0435369], [80.2412992, 13.0435107], [80.2412851, 13.0433943], [80.2410561, 13.0434205], [80.2410702, 13.0435369]]]}}, {"type": "Feature", "properties": {"osm_id": 354573933}, "geometry": {"type": "Polygon", "coordinates": [[[80.2428178, 13.0433053], [80.2430196, 13.0432787], [80.2429857, 13.0430345], [80.2427839, 13.0430611], [80.2428178, 13.0433053]]]}}, {"type": "Feature", "properties": {"osm_id": 354573951}, "geometry": {"type": "Polygon", "coordinates": [[[80.2428556, 13.0435137], [80.2430397, 13.0434894], [80.2430144, 13.0433069], [80.2428302, 13.0433312], [80.2428556, 13.0435137]]]}}, {"type": "Feature", "properties": {"osm_id": 354574028}, "geometry": {"type": "Polygon", "coordinates": [[[80.2381456, 13.0470135], [80.2383412, 13.046969], [80.238324, 13.0468975], [80.2381285, 13.0469419], [80.2381456, 13.0470135]]]}}, {"type": "Feature", "properties": {"osm_id": 354574047}, "geometry": {"type": "Polygon", "coordinates": [[[80.2414052, 13.0437516], [80.2415684, 13.0437298], [80.2415529, 13.0436197], [80.2413897, 13.0436415], [80.2414052, 13.0437516]]]}}, {"type": "Feature", "properties": {"osm_id": 354574081}, "geometry": {"type": "Polygon", "coordinates": [[[80.2420164, 13.0434835], [80.2420896, 13.0434778], [80.2420819, 13.0433855], [80.2420087, 13.0433913], [80.2420164, 13.0434835]]]}}, {"type": "Feature", "properties": {"osm_id": 354574107}, "geometry": {"type": "Polygon", "coordinates": [[[80.2419748, 13.0433859], [80.242087, 13.0433775], [80.2420798, 13.0432859], [80.2419677, 13.0432942], [80.2419748, 13.0433859]]]}}, {"type": "Feature", "properties": {"osm_id": 354574235}, "geometry": {"type": "Polygon", "coordinates": [[[80.2422265, 13.0434553], [80.2422936, 13.0434476], [80.2422908, 13.0434246], [80.2423236, 13.0434208], [80.2423264, 13.0434438], [80.2423916, 13.0434362], [80.242373, 13.0432837], [80.2422079, 13.0433028], [80.2422265, 13.0434553]]]}}, {"type": "Feature", "properties": {"osm_id": 354745921}, "geometry": {"type": "Polygon", "coordinates": [[[80.2412955, 13.0463527], [80.2413306, 13.0463705], [80.2413108, 13.0464076], [80.2413334, 13.046419], [80.2413032, 13.0464755], [80.2414562, 13.0465531], [80.2414936, 13.0464831], [80.2414615, 13.0464668], [80.2414994, 13.0463959], [80.2413208, 13.0463053], [80.2412955, 13.0463527]]]}}, {"type": "Feature", "properties": {"osm_id": 354745923}, "geometry": {"type": "Polygon", "coordinates": [[[80.2401821, 13.0479012], [80.2402353, 13.0478906], [80.2402518, 13.0479698], [80.2405509, 13.0479104], [80.2405172, 13.0477492], [80.2405603, 13.0477407], [80.2405455, 13.0476702], [80.2401894, 13.0477409], [80.240201, 13.0477965], [80.2401618, 13.0478043], [80.2401821, 13.0479012]]]}}, {"type": "Feature", "properties": {"osm_id": 354745925}, "geometry": {"type": "Polygon", "coordinates": [[[80.239206, 13.0469996], [80.2392931, 13.0469765], [80.2393042, 13.0470161], [80.2396019, 13.0469373], [80.2395556, 13.0467711], [80.2394398, 13.0468017], [80.2394502, 13.046839], [80.2393119, 13.0468756], [80.2393015, 13.0468383], [80.2391707, 13.0468729], [80.239206, 13.0469996]]]}}, {"type": "Feature", "properties": {"osm_id": 354745926}, "geometry": {"type": "Polygon", "coordinates": [[[80.2406072, 13.046401], [80.24076, 13.0463696], [80.2407439, 13.046295], [80.2407171, 13.0463005], [80.2407098, 13.0462671], [80.2407366, 13.0462616], [80.2407135, 13.0461547], [80.2405607, 13.0461861], [80.2405842, 13.0462949], [80.2406219, 13.0462871], [80.2406288, 13.046319], [80.2405911, 13.0463268], [80.2406072, 13.046401]]]}}, {"type": "Feature", "properties": {"osm_id": 354745928}, "geometry": {"type": "Polygon", "coordinates": [[[80.2383307, 13.0462572], [80.2384545, 13.0462284], [80.2384283, 13.0461218], [80.2383736, 13.0461345], [80.238361, 13.046083], [80.2384122, 13.046071], [80.2383978, 13.0460122], [80.2383216, 13.0460299], [80.2383305, 13.0460663], [80.238274, 13.0460794], [80.2383029, 13.046197], [80.2383152, 13.0461942], [80.2383307, 13.0462572]]]}}, {"type": "Feature", "properties": {"osm_id": 354745929}, "geometry": {"type": "Polygon", "coordinates": [[[80.241048, 13.0462695], [80.2411463, 13.0462495], [80.2411343, 13.0461934], [80.2412067, 13.0461787], [80.2411863, 13.0460837], [80.24114, 13.0460931], [80.2411256, 13.0460259], [80.2410743, 13.0460363], [80.2410698, 13.0460154], [80.2410443, 13.0460206], [80.2410355, 13.0459796], [80.2409879, 13.0459893], [80.241048, 13.0462695]]]}}, {"type": "Feature", "properties": {"osm_id": 354745930}, "geometry": {"type": "Polygon", "coordinates": [[[80.2409271, 13.047427], [80.2411372, 13.0473852], [80.2411215, 13.0473101], [80.2410833, 13.0473177], [80.2410781, 13.047293], [80.2410485, 13.0472988], [80.2410431, 13.0472732], [80.2410728, 13.0472673], [80.2410668, 13.0472387], [80.2410916, 13.0472337], [80.2410739, 13.0471487], [80.2408771, 13.0471878], [80.2408956, 13.0472763], [80.2409303, 13.0472694], [80.2409358, 13.0472957], [80.2409557, 13.0472917], [80.2409602, 13.0473132], [80.2409403, 13.0473172], [80.2409463, 13.0473457], [80.2409115, 13.0473526], [80.2409271, 13.047427]]]}}, {"type": "Feature", "properties": {"osm_id": 354745938}, "geometry": {"type": "Polygon", "coordinates": [[[80.2391731, 13.0474786], [80.2392834, 13.0474485], [80.2392114, 13.0471972], [80.2391011, 13.0472272], [80.2391731, 13.0474786]]]}}, {"type": "Feature", "properties": {"osm_id": 354745939}, "geometry": {"type": "Polygon", "coordinates": [[[80.2405235, 13.0461255], [80.2406092, 13.0461049], [80.2405346, 13.0458096], [80.2404489, 13.0458302], [80.2405235, 13.0461255]]]}}, {"type": "Feature", "properties": {"osm_id": 354745942}, "geometry": {"type": "Polygon", "coordinates": [[[80.2404628, 13.0467419], [80.2406149, 13.0467118], [80.2405859, 13.0465729], [80.2404338, 13.046603], [80.2404628, 13.0467419]]]}}, {"type": "Feature", "properties": {"osm_id": 354745945}, "geometry": {"type": "Polygon", "coordinates": [[[80.2384799, 13.0479166], [80.2385819, 13.0478888], [80.2385287, 13.0477033], [80.2384267, 13.047731], [80.2384799, 13.0479166]]]}}, {"type": "Feature", "properties": {"osm_id": 354745947}, "geometry": {"type": "Polygon", "coordinates": [[[80.2424742, 13.0469376], [80.2425982, 13.0470044], [80.2426575, 13.0469001], [80.2425335, 13.0468333], [80.2424742, 13.0469376]]]}}, {"type": "Feature", "properties": {"osm_id": 354745948}, "geometry": {"type": "Polygon", "coordinates": [[[80.239769, 13.0465489], [80.2398591, 13.0465313], [80.2398446, 13.0464607], [80.2397545, 13.0464783], [80.239769, 13.0465489]]]}}, {"type": "Feature", "properties": {"osm_id": 354745952}, "geometry": {"type": "Polygon", "coordinates": [[[80.2398628, 13.0472678], [80.2400791, 13.047219], [80.2400527, 13.0471078], [80.2398363, 13.0471566], [80.2398628, 13.0472678]]]}}, {"type": "Feature", "properties": {"osm_id": 354745958}, "geometry": {"type": "Polygon", "coordinates": [[[80.241779, 13.047429], [80.2418733, 13.0474057], [80.241833, 13.0472509], [80.2417387, 13.0472742], [80.241779, 13.047429]]]}}, {"type": "Feature", "properties": {"osm_id": 354745961}, "geometry": {"type": "Polygon", "coordinates": [[[80.2409151, 13.0470399], [80.2410219, 13.0470188], [80.2409748, 13.0467928], [80.240868, 13.0468139], [80.2409151, 13.0470399]]]}}, {"type": "Feature", "properties": {"osm_id": 354745966}, "geometry": {"type": "Polygon", "coordinates": [[[80.2423383, 13.0470318], [80.2425045, 13.0471214], [80.2425678, 13.0470099], [80.2424016, 13.0469203], [80.2423383, 13.0470318]]]}}, {"type": "Feature", "properties": {"osm_id": 354745968}, "geometry": {"type": "Polygon", "coordinates": [[[80.2417049, 13.0472116], [80.2418345, 13.0471893], [80.2417973, 13.0469836], [80.2416677, 13.0470059], [80.2417049, 13.0472116]]]}}, {"type": "Feature", "properties": {"osm_id": 354745971}, "geometry": {"type": "Polygon", "coordinates": [[[80.2386808, 13.0477165], [80.2388377, 13.0476738], [80.2388153, 13.0475957], [80.2386584, 13.0476384], [80.2386808, 13.0477165]]]}}, {"type": "Feature", "properties": {"osm_id": 354745972}, "geometry": {"type": "Polygon", "coordinates": [[[80.2418069, 13.0475381], [80.2419062, 13.0475135], [80.2418899, 13.0474508], [80.2417906, 13.0474754], [80.2418069, 13.0475381]]]}}, {"type": "Feature", "properties": {"osm_id": 354745977}, "geometry": {"type": "Polygon", "coordinates": [[[80.2391579, 13.0467947], [80.2395412, 13.0467138], [80.2395131, 13.0465874], [80.2391298, 13.0466683], [80.2391579, 13.0467947]]]}}, {"type": "Feature", "properties": {"osm_id": 354745978}, "geometry": {"type": "Polygon", "coordinates": [[[80.2398576, 13.0461636], [80.2399556, 13.0461518], [80.239944, 13.0460612], [80.2398461, 13.0460731], [80.2398576, 13.0461636]]]}}, {"type": "Feature", "properties": {"osm_id": 354745979}, "geometry": {"type": "Polygon", "coordinates": [[[80.2410961, 13.0459848], [80.2412659, 13.0460766], [80.2413237, 13.0459751], [80.2411539, 13.0458833], [80.2410961, 13.0459848]]]}}, {"type": "Feature", "properties": {"osm_id": 354745992}, "geometry": {"type": "Polygon", "coordinates": [[[80.2382992, 13.0456406], [80.2384128, 13.0456123], [80.2383678, 13.0454404], [80.2382541, 13.0454686], [80.2382992, 13.0456406]]]}}, {"type": "Feature", "properties": {"osm_id": 354745997}, "geometry": {"type": "Polygon", "coordinates": [[[80.2413108, 13.0476516], [80.2414214, 13.0476243], [80.2413649, 13.047407], [80.2412541, 13.0474345], [80.2413108, 13.0476516]]]}}, {"type": "Feature", "properties": {"osm_id": 354745998}, "geometry": {"type": "Polygon", "coordinates": [[[80.2421993, 13.0465536], [80.2423866, 13.0466499], [80.242477, 13.046483], [80.2422897, 13.0463867], [80.2421993, 13.0465536]]]}}, {"type": "Feature", "properties": {"osm_id": 354746004}, "geometry": {"type": "Polygon", "coordinates": [[[80.2394466, 13.0476993], [80.2397724, 13.0476247], [80.2397443, 13.0475081], [80.2394185, 13.0475826], [80.2394466, 13.0476993]]]}}, {"type": "Feature", "properties": {"osm_id": 354746020}, "geometry": {"type": "Polygon", "coordinates": [[[80.2400113, 13.0462403], [80.2401589, 13.0462213], [80.240146, 13.0461269], [80.2399984, 13.046146], [80.2400113, 13.0462403]]]}}, {"type": "Feature", "properties": {"osm_id": 354746025}, "geometry": {"type": "Polygon", "coordinates": [[[80.2396063, 13.0479995], [80.2397044, 13.0479811], [80.2396782, 13.0478485], [80.2395801, 13.0478669], [80.2396063, 13.0479995]]]}}, {"type": "Feature", "properties": {"osm_id": 354746052}, "geometry": {"type": "Polygon", "coordinates": [[[80.2414626, 13.0461475], [80.2415954, 13.0462165], [80.2416799, 13.0460621], [80.2415472, 13.0459931], [80.2414626, 13.0461475]]]}}, {"type": "Feature", "properties": {"osm_id": 354746053}, "geometry": {"type": "Polygon", "coordinates": [[[80.2411388, 13.0473624], [80.2412321, 13.0473452], [80.241211, 13.0472373], [80.2411178, 13.0472545], [80.2411388, 13.0473624]]]}}, {"type": "Feature", "properties": {"osm_id": 354746055}, "geometry": {"type": "Polygon", "coordinates": [[[80.2399076, 13.047105], [80.2400013, 13.0470832], [80.2399798, 13.0469958], [80.2398862, 13.0470176], [80.2399076, 13.047105]]]}}, {"type": "Feature", "properties": {"osm_id": 354746057}, "geometry": {"type": "Polygon", "coordinates": [[[80.2385608, 13.0463125], [80.2387049, 13.0462743], [80.2385928, 13.0458734], [80.2384487, 13.0459116], [80.2385608, 13.0463125]]]}}, {"type": "Feature", "properties": {"osm_id": 354746058}, "geometry": {"type": "Polygon", "coordinates": [[[80.2403639, 13.0460882], [80.2404767, 13.0460587], [80.2404219, 13.0458594], [80.2403091, 13.0458888], [80.2403639, 13.0460882]]]}}, {"type": "Feature", "properties": {"osm_id": 354746067}, "geometry": {"type": "Polygon", "coordinates": [[[80.2415557, 13.0472534], [80.2416672, 13.0472342], [80.241635, 13.0470563], [80.2415235, 13.0470754], [80.2415557, 13.0472534]]]}}, {"type": "Feature", "properties": {"osm_id": 354746068}, "geometry": {"type": "Polygon", "coordinates": [[[80.2418374, 13.0467874], [80.2418884, 13.0467731], [80.2418046, 13.0464908], [80.2417537, 13.0465051], [80.2418374, 13.0467874]]]}}, {"type": "Feature", "properties": {"osm_id": 354746071}, "geometry": {"type": "Polygon", "coordinates": [[[80.2411595, 13.0458731], [80.2413255, 13.0459658], [80.2413773, 13.0458777], [80.2412113, 13.045785], [80.2411595, 13.0458731]]]}}, {"type": "Feature", "properties": {"osm_id": 354746072}, "geometry": {"type": "Polygon", "coordinates": [[[80.238401, 13.0476448], [80.2385196, 13.0476125], [80.2384762, 13.0474611], [80.2383576, 13.0474933], [80.238401, 13.0476448]]]}}, {"type": "Feature", "properties": {"osm_id": 354746079}, "geometry": {"type": "Polygon", "coordinates": [[[80.2416681, 13.0468181], [80.2417628, 13.0467993], [80.2417196, 13.0465919], [80.2416249, 13.0466107], [80.2416681, 13.0468181]]]}}, {"type": "Feature", "properties": {"osm_id": 354746087}, "geometry": {"type": "Polygon", "coordinates": [[[80.2403061, 13.04682], [80.2403754, 13.0468063], [80.2403453, 13.0466619], [80.240276, 13.0466756], [80.2403061, 13.04682]]]}}, {"type": "Feature", "properties": {"osm_id": 354746088}, "geometry": {"type": "Polygon", "coordinates": [[[80.238695, 13.046098], [80.2388405, 13.046058], [80.2388142, 13.0459673], [80.2386687, 13.0460073], [80.238695, 13.046098]]]}}, {"type": "Feature", "properties": {"osm_id": 354746092}, "geometry": {"type": "Polygon", "coordinates": [[[80.2381364, 13.0479981], [80.2382415, 13.0479695], [80.2381878, 13.0477823], [80.2380827, 13.0478109], [80.2381364, 13.0479981]]]}}, {"type": "Feature", "properties": {"osm_id": 354746098}, "geometry": {"type": "Polygon", "coordinates": [[[80.2412051, 13.0469581], [80.2413124, 13.0469369], [80.2412565, 13.046669], [80.2411492, 13.0466903], [80.2412051, 13.0469581]]]}}, {"type": "Feature", "properties": {"osm_id": 354746101}, "geometry": {"type": "Polygon", "coordinates": [[[80.238663, 13.0476171], [80.2388155, 13.0475756], [80.2387936, 13.0474989], [80.238641, 13.0475404], [80.238663, 13.0476171]]]}}, {"type": "Feature", "properties": {"osm_id": 354746105}, "geometry": {"type": "Polygon", "coordinates": [[[80.2419958, 13.0476738], [80.2418903, 13.0476999], [80.2419425, 13.0479007], [80.242048, 13.0478746], [80.2419958, 13.0476738]]]}}, {"type": "Feature", "properties": {"osm_id": 354746106}, "geometry": {"type": "Polygon", "coordinates": [[[80.2397105, 13.0479744], [80.2397939, 13.0479588], [80.2397692, 13.0478337], [80.2396858, 13.0478494], [80.2397105, 13.0479744]]]}}, {"type": "Feature", "properties": {"osm_id": 354746108}, "geometry": {"type": "Polygon", "coordinates": [[[80.2422209, 13.0472862], [80.2423714, 13.0473673], [80.2424372, 13.0472515], [80.2422867, 13.0471703], [80.2422209, 13.0472862]]]}}, {"type": "Feature", "properties": {"osm_id": 354746119}, "geometry": {"type": "Polygon", "coordinates": [[[80.2416714, 13.0462685], [80.2417812, 13.0463255], [80.2418766, 13.0461513], [80.2417668, 13.0460943], [80.2416714, 13.0462685]]]}}, {"type": "Feature", "properties": {"osm_id": 354746122}, "geometry": {"type": "Polygon", "coordinates": [[[80.2388878, 13.047102], [80.2389983, 13.0470728], [80.2389405, 13.0468656], [80.23883, 13.0468948], [80.2388878, 13.047102]]]}}, {"type": "Feature", "properties": {"osm_id": 354746123}, "geometry": {"type": "Polygon", "coordinates": [[[80.2415911, 13.0479583], [80.2417842, 13.0479184], [80.2417431, 13.04773], [80.24155, 13.04777], [80.2415911, 13.0479583]]]}}, {"type": "Feature", "properties": {"osm_id": 354746124}, "geometry": {"type": "Polygon", "coordinates": [[[80.2405451, 13.0471085], [80.240623, 13.0470931], [80.2405777, 13.0468759], [80.2404998, 13.0468913], [80.2405451, 13.0471085]]]}}, {"type": "Feature", "properties": {"osm_id": 354746126}, "geometry": {"type": "Polygon", "coordinates": [[[80.2413483, 13.0463066], [80.2415474, 13.04641], [80.2416069, 13.0463013], [80.2414078, 13.0461979], [80.2413483, 13.0463066]]]}}, {"type": "Feature", "properties": {"osm_id": 354746129}, "geometry": {"type": "Polygon", "coordinates": [[[80.2392949, 13.047295], [80.2394113, 13.0472642], [80.2393838, 13.0471656], [80.2392674, 13.0471964], [80.2392949, 13.047295]]]}}, {"type": "Feature", "properties": {"osm_id": 354746130}, "geometry": {"type": "Polygon", "coordinates": [[[80.2417867, 13.0481877], [80.2419057, 13.0481594], [80.2418609, 13.0479804], [80.2417419, 13.0480087], [80.2417867, 13.0481877]]]}}, {"type": "Feature", "properties": {"osm_id": 354746137}, "geometry": {"type": "Polygon", "coordinates": [[[80.2381139, 13.0455991], [80.238165, 13.0455864], [80.2381337, 13.0454667], [80.2380826, 13.0454794], [80.2381139, 13.0455991]]]}}, {"type": "Feature", "properties": {"osm_id": 354746141}, "geometry": {"type": "Polygon", "coordinates": [[[80.2398949, 13.0462636], [80.2399751, 13.0462509], [80.2399612, 13.0461674], [80.239881, 13.0461801], [80.2398949, 13.0462636]]]}}, {"type": "Feature", "properties": {"osm_id": 354746144}, "geometry": {"type": "Polygon", "coordinates": [[[80.240182, 13.0471468], [80.2402949, 13.0471194], [80.2402657, 13.0470054], [80.2401528, 13.0470329], [80.240182, 13.0471468]]]}}, {"type": "Feature", "properties": {"osm_id": 354746148}, "geometry": {"type": "Polygon", "coordinates": [[[80.2392439, 13.0477708], [80.2393625, 13.0477386], [80.2393257, 13.0476102], [80.2392071, 13.0476425], [80.2392439, 13.0477708]]]}}, {"type": "Feature", "properties": {"osm_id": 354746151}, "geometry": {"type": "Polygon", "coordinates": [[[80.238137, 13.045689], [80.2382427, 13.0456627], [80.238224, 13.0455914], [80.2381183, 13.0456176], [80.238137, 13.045689]]]}}, {"type": "Feature", "properties": {"osm_id": 354746155}, "geometry": {"type": "Polygon", "coordinates": [[[80.238383, 13.0474572], [80.2384717, 13.0474331], [80.2384477, 13.0473493], [80.238359, 13.0473734], [80.238383, 13.0474572]]]}}, {"type": "Feature", "properties": {"osm_id": 354746157}, "geometry": {"type": "Polygon", "coordinates": [[[80.2398427, 13.0464153], [80.2399293, 13.0463984], [80.2399126, 13.0463172], [80.239826, 13.0463341], [80.2398427, 13.0464153]]]}}, {"type": "Feature", "properties": {"osm_id": 354746161}, "geometry": {"type": "Polygon", "coordinates": [[[80.2390658, 13.0477864], [80.2392014, 13.0477495], [80.2391423, 13.0475435], [80.2390068, 13.0475804], [80.2390658, 13.0477864]]]}}, {"type": "Feature", "properties": {"osm_id": 354746168}, "geometry": {"type": "Polygon", "coordinates": [[[80.2403872, 13.0467673], [80.2404499, 13.0467549], [80.2404302, 13.0466601], [80.2403675, 13.0466725], [80.2403872, 13.0467673]]]}}, {"type": "Feature", "properties": {"osm_id": 354746169}, "geometry": {"type": "Polygon", "coordinates": [[[80.2386552, 13.0459764], [80.2387913, 13.04594], [80.2387671, 13.0458539], [80.2386309, 13.0458903], [80.2386552, 13.0459764]]]}}, {"type": "Feature", "properties": {"osm_id": 354746173}, "geometry": {"type": "Polygon", "coordinates": [[[80.239741, 13.0464453], [80.2398338, 13.0464272], [80.2398157, 13.046339], [80.2397229, 13.0463571], [80.239741, 13.0464453]]]}}, {"type": "Feature", "properties": {"osm_id": 354746182}, "geometry": {"type": "Polygon", "coordinates": [[[80.2386532, 13.0475065], [80.2387549, 13.0474789], [80.2387046, 13.0473035], [80.2386029, 13.0473312], [80.2386532, 13.0475065]]]}}, {"type": "Feature", "properties": {"osm_id": 354746186}, "geometry": {"type": "Polygon", "coordinates": [[[80.2403044, 13.0463635], [80.2404769, 13.0463281], [80.24045, 13.0462039], [80.2402775, 13.0462393], [80.2403044, 13.0463635]]]}}, {"type": "Feature", "properties": {"osm_id": 354746191}, "geometry": {"type": "Polygon", "coordinates": [[[80.2422833, 13.0471475], [80.2424539, 13.0472395], [80.2425076, 13.047145], [80.242337, 13.047053], [80.2422833, 13.0471475]]]}}, {"type": "Feature", "properties": {"osm_id": 354746192}, "geometry": {"type": "Polygon", "coordinates": [[[80.2393792, 13.0465558], [80.2395563, 13.0465153], [80.2395396, 13.0464458], [80.2393624, 13.0464863], [80.2393792, 13.0465558]]]}}, {"type": "Feature", "properties": {"osm_id": 354746197}, "geometry": {"type": "Polygon", "coordinates": [[[80.2381875, 13.0458953], [80.2383277, 13.0458604], [80.238305, 13.0457736], [80.2381647, 13.0458084], [80.2381875, 13.0458953]]]}}, {"type": "Feature", "properties": {"osm_id": 354746201}, "geometry": {"type": "Polygon", "coordinates": [[[80.2416906, 13.0475476], [80.2417775, 13.0475262], [80.2417195, 13.0473032], [80.2416326, 13.0473247], [80.2416906, 13.0475476]]]}}, {"type": "Feature", "properties": {"osm_id": 354746202}, "geometry": {"type": "Polygon", "coordinates": [[[80.2398503, 13.0460636], [80.2399382, 13.0460512], [80.2399238, 13.0459541], [80.2398359, 13.0459665], [80.2398503, 13.0460636]]]}}, {"type": "Feature", "properties": {"osm_id": 354746203}, "geometry": {"type": "Polygon", "coordinates": [[[80.2407713, 13.0472791], [80.2406708, 13.047299], [80.2407181, 13.0475253], [80.2408186, 13.0475054], [80.2407713, 13.0472791]]]}}, {"type": "Feature", "properties": {"osm_id": 354746205}, "geometry": {"type": "Polygon", "coordinates": [[[80.2390514, 13.0470622], [80.2391487, 13.0470365], [80.2390896, 13.0468245], [80.2389923, 13.0468502], [80.2390514, 13.0470622]]]}}, {"type": "Feature", "properties": {"osm_id": 354746206}, "geometry": {"type": "Polygon", "coordinates": [[[80.2406335, 13.047059], [80.2407502, 13.0470359], [80.2407081, 13.0468336], [80.2405913, 13.0468568], [80.2406335, 13.047059]]]}}, {"type": "Feature", "properties": {"osm_id": 354746213}, "geometry": {"type": "Polygon", "coordinates": [[[80.2394672, 13.0472601], [80.239659, 13.0472085], [80.2396371, 13.047131], [80.2394453, 13.0471826], [80.2394672, 13.0472601]]]}}, {"type": "Feature", "properties": {"osm_id": 354746215}, "geometry": {"type": "Polygon", "coordinates": [[[80.2419211, 13.0482161], [80.2420509, 13.048189], [80.2420005, 13.0479601], [80.2418708, 13.0479872], [80.2419211, 13.0482161]]]}}, {"type": "Feature", "properties": {"osm_id": 354746216}, "geometry": {"type": "Polygon", "coordinates": [[[80.2419945, 13.0471407], [80.2420841, 13.0471253], [80.242056, 13.0469701], [80.2419663, 13.0469855], [80.2419945, 13.0471407]]]}}, {"type": "Feature", "properties": {"osm_id": 354746217}, "geometry": {"type": "Polygon", "coordinates": [[[80.241345, 13.0468721], [80.2414664, 13.046848], [80.2414294, 13.0466703], [80.2413079, 13.0466944], [80.241345, 13.0468721]]]}}, {"type": "Feature", "properties": {"osm_id": 354746230}, "geometry": {"type": "Polygon", "coordinates": [[[80.2397289, 13.0462563], [80.2398175, 13.0462409], [80.2398056, 13.0461758], [80.239717, 13.0461912], [80.2397289, 13.0462563]]]}}, {"type": "Feature", "properties": {"osm_id": 354746232}, "geometry": {"type": "Polygon", "coordinates": [[[80.2408042, 13.0460557], [80.2409254, 13.0460308], [80.240862, 13.0457377], [80.2407408, 13.0457626], [80.2408042, 13.0460557]]]}}, {"type": "Feature", "properties": {"osm_id": 354746243}, "geometry": {"type": "Polygon", "coordinates": [[[80.2389646, 13.0480497], [80.2390531, 13.0480291], [80.2390364, 13.0479606], [80.2389479, 13.0479811], [80.2389646, 13.0480497]]]}}, {"type": "Feature", "properties": {"osm_id": 354746244}, "geometry": {"type": "Polygon", "coordinates": [[[80.2409114, 13.0467464], [80.2410898, 13.0467111], [80.2410476, 13.0465084], [80.2408691, 13.0465437], [80.2409114, 13.0467464]]]}}, {"type": "Feature", "properties": {"osm_id": 354746249}, "geometry": {"type": "Polygon", "coordinates": [[[80.2415778, 13.0473246], [80.2414959, 13.0473448], [80.2415563, 13.0475772], [80.2416382, 13.047557], [80.2415778, 13.0473246]]]}}, {"type": "Feature", "properties": {"osm_id": 354746251}, "geometry": {"type": "Polygon", "coordinates": [[[80.2417968, 13.0463459], [80.2419106, 13.0464067], [80.2420404, 13.0461765], [80.2419266, 13.0461156], [80.2417968, 13.0463459]]]}}, {"type": "Feature", "properties": {"osm_id": 354746264}, "geometry": {"type": "Polygon", "coordinates": [[[80.2424924, 13.0467571], [80.2427034, 13.0468708], [80.2427479, 13.0467925], [80.2425369, 13.0466787], [80.2424924, 13.0467571]]]}}, {"type": "Feature", "properties": {"osm_id": 354746267}, "geometry": {"type": "Polygon", "coordinates": [[[80.2412517, 13.0473125], [80.2413738, 13.047287], [80.2413358, 13.0471136], [80.2412136, 13.047139], [80.2412517, 13.0473125]]]}}, {"type": "Feature", "properties": {"osm_id": 354746268}, "geometry": {"type": "Polygon", "coordinates": [[[80.240018, 13.0470904], [80.2400834, 13.0470745], [80.2400582, 13.046976], [80.2399928, 13.0469919], [80.240018, 13.0470904]]]}}, {"type": "Feature", "properties": {"osm_id": 354746275}, "geometry": {"type": "Polygon", "coordinates": [[[80.2382477, 13.0476994], [80.2383564, 13.0476698], [80.238282, 13.0474103], [80.2381733, 13.0474399], [80.2382477, 13.0476994]]]}}, {"type": "Feature", "properties": {"osm_id": 354746278}, "geometry": {"type": "Polygon", "coordinates": [[[80.2414186, 13.0472907], [80.2415305, 13.0472652], [80.2414917, 13.0471032], [80.2413798, 13.0471286], [80.2414186, 13.0472907]]]}}, {"type": "Feature", "properties": {"osm_id": 354746282}, "geometry": {"type": "Polygon", "coordinates": [[[80.2419464, 13.0467706], [80.2420373, 13.0467437], [80.2419463, 13.046452], [80.2418554, 13.0464789], [80.2419464, 13.0467706]]]}}, {"type": "Feature", "properties": {"osm_id": 354746284}, "geometry": {"type": "Polygon", "coordinates": [[[80.2404391, 13.0475719], [80.2405426, 13.0475528], [80.2405063, 13.0473656], [80.2404028, 13.0473847], [80.2404391, 13.0475719]]]}}, {"type": "Feature", "properties": {"osm_id": 354746287}, "geometry": {"type": "Polygon", "coordinates": [[[80.2402242, 13.0474419], [80.2399419, 13.0474979], [80.2399845, 13.0477017], [80.2402668, 13.0476457], [80.2402242, 13.0474419]]]}}, {"type": "Feature", "properties": {"osm_id": 354746291}, "geometry": {"type": "Polygon", "coordinates": [[[80.2386469, 13.0458643], [80.2387586, 13.0458345], [80.2386962, 13.0456119], [80.2385844, 13.0456417], [80.2386469, 13.0458643]]]}}, {"type": "Feature", "properties": {"osm_id": 354746298}, "geometry": {"type": "Polygon", "coordinates": [[[80.2419306, 13.0469463], [80.2418491, 13.0469603], [80.2418877, 13.0471735], [80.2419692, 13.0471595], [80.2419306, 13.0469463]]]}}, {"type": "Feature", "properties": {"osm_id": 354746300}, "geometry": {"type": "Polygon", "coordinates": [[[80.2415006, 13.04684], [80.2416188, 13.0468166], [80.2415771, 13.0466164], [80.2414588, 13.0466398], [80.2415006, 13.04684]]]}}, {"type": "Feature", "properties": {"osm_id": 354746301}, "geometry": {"type": "Polygon", "coordinates": [[[80.2390274, 13.0475106], [80.2391126, 13.0474875], [80.2390419, 13.0472408], [80.2389567, 13.047264], [80.2390274, 13.0475106]]]}}, {"type": "Feature", "properties": {"osm_id": 354746305}, "geometry": {"type": "Polygon", "coordinates": [[[80.2407324, 13.0460739], [80.2407933, 13.0460614], [80.2407296, 13.0457668], [80.2406686, 13.0457793], [80.2407324, 13.0460739]]]}}, {"type": "Feature", "properties": {"osm_id": 354746306}, "geometry": {"type": "Polygon", "coordinates": [[[80.2382894, 13.0479146], [80.2383809, 13.0478897], [80.2383527, 13.0477913], [80.2382612, 13.0478162], [80.2382894, 13.0479146]]]}}, {"type": "Feature", "properties": {"osm_id": 354746311}, "geometry": {"type": "Polygon", "coordinates": [[[80.2398856, 13.0465552], [80.2400068, 13.0465316], [80.239985, 13.0464254], [80.2398638, 13.046449], [80.2398856, 13.0465552]]]}}, {"type": "Feature", "properties": {"osm_id": 354746317}, "geometry": {"type": "Polygon", "coordinates": [[[80.2392285, 13.0483196], [80.2393243, 13.0482974], [80.2392351, 13.0479316], [80.2391393, 13.0479538], [80.2392285, 13.0483196]]]}}, {"type": "Feature", "properties": {"osm_id": 354746321}, "geometry": {"type": "Polygon", "coordinates": [[[80.2419588, 13.0464123], [80.2421472, 13.0465086], [80.2422336, 13.0463482], [80.2420452, 13.0462519], [80.2419588, 13.0464123]]]}}, {"type": "Feature", "properties": {"osm_id": 354746323}, "geometry": {"type": "Polygon", "coordinates": [[[80.2394789, 13.0480302], [80.2395577, 13.0480154], [80.2395257, 13.0478535], [80.2394469, 13.0478683], [80.2394789, 13.0480302]]]}}, {"type": "Feature", "properties": {"osm_id": 354746324}, "geometry": {"type": "Polygon", "coordinates": [[[80.2407855, 13.047069], [80.2408967, 13.047047], [80.2408442, 13.0467955], [80.2407331, 13.0468175], [80.2407855, 13.047069]]]}}, {"type": "Feature", "properties": {"osm_id": 354746328}, "geometry": {"type": "Polygon", "coordinates": [[[80.2420565, 13.0481684], [80.2421459, 13.04815], [80.2421325, 13.048088], [80.242154, 13.0480836], [80.2421329, 13.0479865], [80.2421103, 13.0479911], [80.2420982, 13.0479358], [80.2420098, 13.047954], [80.2420565, 13.0481684]]]}}, {"type": "Feature", "properties": {"osm_id": 354746333}, "geometry": {"type": "Polygon", "coordinates": [[[80.2387616, 13.0478666], [80.238875, 13.0478357], [80.2388434, 13.0477252], [80.2387299, 13.0477561], [80.2387616, 13.0478666]]]}}, {"type": "Feature", "properties": {"osm_id": 354746341}, "geometry": {"type": "Polygon", "coordinates": [[[80.2397055, 13.0461761], [80.2398277, 13.0461643], [80.2398128, 13.0460185], [80.2396994, 13.0460377], [80.2397055, 13.0461761]]]}}, {"type": "Feature", "properties": {"osm_id": 354746343}, "geometry": {"type": "Polygon", "coordinates": [[[80.2386912, 13.0471046], [80.2387934, 13.0470775], [80.238748, 13.0469144], [80.2386458, 13.0469414], [80.2386912, 13.0471046]]]}}, {"type": "Feature", "properties": {"osm_id": 354746344}, "geometry": {"type": "Polygon", "coordinates": [[[80.2414866, 13.047761], [80.2413758, 13.0477845], [80.2414281, 13.048018], [80.2415389, 13.0479945], [80.2414866, 13.047761]]]}}, {"type": "Feature", "properties": {"osm_id": 354746346}, "geometry": {"type": "Polygon", "coordinates": [[[80.2403698, 13.0471183], [80.2404848, 13.0470955], [80.2404392, 13.0468769], [80.2403242, 13.0468996], [80.2403698, 13.0471183]]]}}, {"type": "Feature", "properties": {"osm_id": 354746356}, "geometry": {"type": "Polygon", "coordinates": [[[80.2381996, 13.0455894], [80.2382665, 13.0455728], [80.2382293, 13.0454307], [80.2381624, 13.0454474], [80.2381996, 13.0455894]]]}}, {"type": "Feature", "properties": {"osm_id": 354746359}, "geometry": {"type": "Polygon", "coordinates": [[[80.2380467, 13.0476564], [80.2381407, 13.0476308], [80.2380995, 13.0474867], [80.2380054, 13.0475123], [80.2380467, 13.0476564]]]}}, {"type": "Feature", "properties": {"osm_id": 354746360}, "geometry": {"type": "Polygon", "coordinates": [[[80.2414701, 13.047339], [80.2413768, 13.0473621], [80.2414412, 13.0476098], [80.2415345, 13.0475868], [80.2414701, 13.047339]]]}}, {"type": "Feature", "properties": {"osm_id": 354746362}, "geometry": {"type": "Polygon", "coordinates": [[[80.2385667, 13.0471771], [80.2386836, 13.0471462], [80.2386239, 13.0469318], [80.238507, 13.0469627], [80.2385667, 13.0471771]]]}}, {"type": "Feature", "properties": {"osm_id": 354746369}, "geometry": {"type": "Polygon", "coordinates": [[[80.2399765, 13.0469233], [80.2400846, 13.0468971], [80.2400455, 13.0467444], [80.2399374, 13.0467706], [80.2399765, 13.0469233]]]}}, {"type": "Feature", "properties": {"osm_id": 354746373}, "geometry": {"type": "Polygon", "coordinates": [[[80.2420862, 13.046732], [80.2421614, 13.0467059], [80.242102, 13.046544], [80.2420268, 13.0465701], [80.2420862, 13.046732]]]}}, {"type": "Feature", "properties": {"osm_id": 354746377}, "geometry": {"type": "Polygon", "coordinates": [[[80.2391771, 13.0476237], [80.2393268, 13.047583], [80.2393024, 13.0474978], [80.2391526, 13.0475385], [80.2391771, 13.0476237]]]}}, {"type": "Feature", "properties": {"osm_id": 354746379}, "geometry": {"type": "Polygon", "coordinates": [[[80.2386489, 13.0468348], [80.2387404, 13.0468139], [80.2386704, 13.0465232], [80.2385789, 13.0465441], [80.2386489, 13.0468348]]]}}, {"type": "Feature", "properties": {"osm_id": 354746388}, "geometry": {"type": "Polygon", "coordinates": [[[80.2404973, 13.0468455], [80.2406509, 13.0468151], [80.2406307, 13.0467183], [80.2404771, 13.0467486], [80.2404973, 13.0468455]]]}}, {"type": "Feature", "properties": {"osm_id": 354746390}, "geometry": {"type": "Polygon", "coordinates": [[[80.2385443, 13.0454123], [80.2384254, 13.0454419], [80.2384839, 13.0456652], [80.2386028, 13.0456357], [80.2385443, 13.0454123]]]}}, {"type": "Feature", "properties": {"osm_id": 354746398}, "geometry": {"type": "Polygon", "coordinates": [[[80.2425688, 13.0466426], [80.242756, 13.0467435], [80.2428215, 13.046628], [80.2426344, 13.0465271], [80.2425688, 13.0466426]]]}}, {"type": "Feature", "properties": {"osm_id": 354746400}, "geometry": {"type": "Polygon", "coordinates": [[[80.2400404, 13.0465352], [80.2401254, 13.0465187], [80.2400917, 13.0463544], [80.2400067, 13.046371], [80.2400404, 13.0465352]]]}}, {"type": "Feature", "properties": {"osm_id": 354746404}, "geometry": {"type": "Polygon", "coordinates": [[[80.2419435, 13.0474646], [80.2420244, 13.0474462], [80.2420628, 13.0473283], [80.2420591, 13.0472084], [80.2419073, 13.0472432], [80.2419435, 13.0474646]]]}}, {"type": "Feature", "properties": {"osm_id": 354746413}, "geometry": {"type": "Polygon", "coordinates": [[[80.2388156, 13.0468215], [80.2389178, 13.0467981], [80.2388455, 13.0464979], [80.2387617, 13.046517], [80.2387984, 13.0466693], [80.2387799, 13.0466735], [80.2388156, 13.0468215]]]}}, {"type": "Feature", "properties": {"osm_id": 354746416}, "geometry": {"type": "Polygon", "coordinates": [[[80.2389965, 13.0467687], [80.23905, 13.0467721], [80.2390832, 13.0467404], [80.239012, 13.0464643], [80.238981, 13.0464441], [80.2389465, 13.0464641], [80.2389318, 13.0465271], [80.2389965, 13.0467687]]]}}, {"type": "Feature", "properties": {"osm_id": 354746417}, "geometry": {"type": "Polygon", "coordinates": [[[80.2407221, 13.0467401], [80.2408705, 13.0467107], [80.2408407, 13.0465676], [80.2407912, 13.0465774], [80.2407836, 13.0465406], [80.2407314, 13.046551], [80.2407397, 13.0465908], [80.2406929, 13.0466001], [80.2407221, 13.0467401]]]}}, {"type": "Feature", "properties": {"osm_id": 354768963}, "geometry": {"type": "Polygon", "coordinates": [[[80.238463, 13.0452124], [80.2386039, 13.0451737], [80.2385706, 13.045059], [80.2384298, 13.0450977], [80.238463, 13.0452124]]]}}, {"type": "Feature", "properties": {"osm_id": 354769424}, "geometry": {"type": "Polygon", "coordinates": [[[80.238349, 13.0452507], [80.2384379, 13.0452263], [80.2384026, 13.0451046], [80.2383137, 13.045129], [80.238349, 13.0452507]]]}}, {"type": "Feature", "properties": {"osm_id": 354769640}, "geometry": {"type": "Polygon", "coordinates": [[[80.2384162, 13.0450866], [80.2385329, 13.0450545], [80.2384897, 13.0449051], [80.2383729, 13.0449372], [80.2384162, 13.0450866]]]}}, {"type": "Feature", "properties": {"osm_id": 354770795}, "geometry": {"type": "Polygon", "coordinates": [[[80.238135, 13.0451402], [80.238246, 13.0451086], [80.2382213, 13.0450263], [80.2381103, 13.0450579], [80.238135, 13.0451402]]]}}, {"type": "Feature", "properties": {"osm_id": 354770827}, "geometry": {"type": "Polygon", "coordinates": [[[80.238266, 13.0451124], [80.2383594, 13.0450858], [80.2383235, 13.0449662], [80.2382301, 13.0449927], [80.238266, 13.0451124]]]}}, {"type": "Feature", "properties": {"osm_id": 354770906}, "geometry": {"type": "Polygon", "coordinates": [[[80.2380311, 13.0451754], [80.2381244, 13.0451489], [80.238096, 13.0450543], [80.2380027, 13.0450809], [80.2380311, 13.0451754]]]}}, {"type": "Feature", "properties": {"osm_id": 354771404}, "geometry": {"type": "Polygon", "coordinates": [[[80.2382237, 13.0452695], [80.2383301, 13.0452411], [80.238302, 13.0451409], [80.2381955, 13.0451692], [80.2382237, 13.0452695]]]}}, {"type": "Feature", "properties": {"osm_id": 355073404}, "geometry": {"type": "Polygon", "coordinates": [[[80.239213, 13.0435741], [80.2395062, 13.0437065], [80.2395215, 13.0436745], [80.2395545, 13.0436894], [80.2396021, 13.0435894], [80.2395682, 13.0435741], [80.2395593, 13.0435927], [80.2395091, 13.04357], [80.2395124, 13.0435631], [80.2394742, 13.0435459], [80.239461, 13.0435735], [80.2392838, 13.0434935], [80.2392783, 13.0435051], [80.2392516, 13.043493], [80.239213, 13.0435741]]]}}, {"type": "Feature", "properties": {"osm_id": 355073586}, "geometry": {"type": "Polygon", "coordinates": [[[80.2384877, 13.0438497], [80.2385857, 13.0439047], [80.238645, 13.0438045], [80.2385469, 13.0437495], [80.2384877, 13.0438497]]]}}, {"type": "Feature", "properties": {"osm_id": 355073643}, "geometry": {"type": "Polygon", "coordinates": [[[80.2395864, 13.0432339], [80.239658, 13.0432316], [80.2396547, 13.04313], [80.239583, 13.0431323], [80.2395864, 13.0432339]]]}}, {"type": "Feature", "properties": {"osm_id": 355073706}, "geometry": {"type": "Polygon", "coordinates": [[[80.2393683, 13.0431363], [80.2394251, 13.0431357], [80.2394238, 13.0430064], [80.2393669, 13.0430069], [80.2393683, 13.0431363]]]}}, {"type": "Feature", "properties": {"osm_id": 355073787}, "geometry": {"type": "Polygon", "coordinates": [[[80.2390708, 13.0442694], [80.2392163, 13.0443429], [80.2393563, 13.0440799], [80.2394045, 13.0439892], [80.2392591, 13.0439158], [80.2390708, 13.0442694]]]}}, {"type": "Feature", "properties": {"osm_id": 355073867}, "geometry": {"type": "Polygon", "coordinates": [[[80.2392234, 13.0437991], [80.2394171, 13.0438902], [80.2394775, 13.0437682], [80.2392838, 13.0436772], [80.2392234, 13.0437991]]]}}, {"type": "Feature", "properties": {"osm_id": 355074215}, "geometry": {"type": "Polygon", "coordinates": [[[80.238739, 13.0434547], [80.2388616, 13.0435181], [80.2389127, 13.0434244], [80.2387901, 13.043361], [80.238739, 13.0434547]]]}}, {"type": "Feature", "properties": {"osm_id": 355074300}, "geometry": {"type": "Polygon", "coordinates": [[[80.2388948, 13.0435163], [80.2390759, 13.0435994], [80.2391219, 13.0435041], [80.2389409, 13.0434211], [80.2388948, 13.0435163]]]}}, {"type": "Feature", "properties": {"osm_id": 355074567}, "geometry": {"type": "Polygon", "coordinates": [[[80.2386463, 13.0435537], [80.2388079, 13.0436444], [80.2388675, 13.0435435], [80.2387059, 13.0434528], [80.2386463, 13.0435537]]]}}, {"type": "Feature", "properties": {"osm_id": 355074624}, "geometry": {"type": "Polygon", "coordinates": [[[80.2385615, 13.0437509], [80.2386834, 13.0438193], [80.2387539, 13.0437001], [80.2386319, 13.0436317], [80.2385615, 13.0437509]]]}}, {"type": "Feature", "properties": {"osm_id": 355074693}, "geometry": {"type": "Polygon", "coordinates": [[[80.2388155, 13.0433498], [80.239146, 13.043466], [80.2392192, 13.0432522], [80.2392161, 13.0430736], [80.2391162, 13.0430753], [80.239086, 13.0432768], [80.2388561, 13.0432073], [80.2388155, 13.0433498]]]}}, {"type": "Feature", "properties": {"osm_id": 355074695}, "geometry": {"type": "Polygon", "coordinates": [[[80.2396468, 13.0438952], [80.2398087, 13.0439774], [80.239852, 13.0438962], [80.239782, 13.0438606], [80.2397589, 13.0439038], [80.2397394, 13.0438939], [80.2397624, 13.0438507], [80.2396902, 13.0438141], [80.2396468, 13.0438952]]]}}, {"type": "Feature", "properties": {"osm_id": 355074719}, "geometry": {"type": "Polygon", "coordinates": [[[80.2398585, 13.0440007], [80.2400117, 13.0440819], [80.2400548, 13.0440047], [80.2399897, 13.0439702], [80.2399646, 13.0440151], [80.2399493, 13.044007], [80.2399744, 13.0439621], [80.2399016, 13.0439235], [80.2398585, 13.0440007]]]}}, {"type": "Feature", "properties": {"osm_id": 355074723}, "geometry": {"type": "Polygon", "coordinates": [[[80.2400356, 13.0441545], [80.2401099, 13.0441922], [80.2401397, 13.0441364], [80.2401049, 13.0441187], [80.2401125, 13.0441045], [80.2401474, 13.0441222], [80.2401745, 13.0440715], [80.2401001, 13.0440338], [80.2400356, 13.0441545]]]}}, {"type": "Feature", "properties": {"osm_id": 355075830}, "geometry": {"type": "Polygon", "coordinates": [[[80.2402953, 13.0440768], [80.2406709, 13.0442468], [80.2407309, 13.044121], [80.2403552, 13.043951], [80.2402953, 13.0440768]]]}}, {"type": "Feature", "properties": {"osm_id": 355091526}, "geometry": {"type": "Polygon", "coordinates": [[[80.2418448, 13.0447521], [80.2419353, 13.0448462], [80.2419437, 13.0448386], [80.2419818, 13.0448782], [80.2419963, 13.0448649], [80.2420057, 13.0448747], [80.2420194, 13.0448623], [80.2420318, 13.0448752], [80.2420735, 13.0448372], [80.241923, 13.0446807], [80.2418448, 13.0447521]]]}}, {"type": "Feature", "properties": {"osm_id": 355091548}, "geometry": {"type": "Polygon", "coordinates": [[[80.2397102, 13.0437587], [80.2401901, 13.0440321], [80.2402481, 13.0439355], [80.2401744, 13.0438935], [80.2401663, 13.0439072], [80.240142, 13.0438933], [80.2401502, 13.0438797], [80.2400144, 13.0438023], [80.2399982, 13.0438294], [80.2399794, 13.0438187], [80.2399956, 13.0437916], [80.2398651, 13.0437173], [80.2398425, 13.0437549], [80.2398166, 13.0437401], [80.239835, 13.0437095], [80.239764, 13.0436691], [80.2397102, 13.0437587]]]}}, {"type": "Feature", "properties": {"osm_id": 355091551}, "geometry": {"type": "Polygon", "coordinates": [[[80.2389208, 13.0461204], [80.2390646, 13.0460847], [80.2390421, 13.0459986], [80.2390308, 13.0460014], [80.2390245, 13.0459774], [80.2390043, 13.0459824], [80.2389978, 13.0459573], [80.239018, 13.0459523], [80.2390099, 13.0459214], [80.2390225, 13.0459183], [80.2390047, 13.0458504], [80.2389177, 13.045872], [80.2388596, 13.0458864], [80.2388698, 13.0459252], [80.2388821, 13.0459222], [80.2388975, 13.0459811], [80.2389096, 13.0459782], [80.2389174, 13.0460081], [80.2389053, 13.0460111], [80.2389202, 13.0460681], [80.2389079, 13.0460712], [80.2389208, 13.0461204]]]}}, {"type": "Feature", "properties": {"osm_id": 355091561}, "geometry": {"type": "Polygon", "coordinates": [[[80.2389177, 13.0451317], [80.2390083, 13.0451755], [80.2390459, 13.0451018], [80.2389552, 13.045058], [80.2389177, 13.0451317]]]}}, {"type": "Feature", "properties": {"osm_id": 355091567}, "geometry": {"type": "Polygon", "coordinates": [[[80.2399539, 13.0434924], [80.2400306, 13.0435277], [80.240064, 13.0434588], [80.2399873, 13.0434235], [80.2399539, 13.0434924]]]}}, {"type": "Feature", "properties": {"osm_id": 355091578}, "geometry": {"type": "Polygon", "coordinates": [[[80.2390998, 13.0447332], [80.2392555, 13.0448018], [80.2393125, 13.0446791], [80.2391569, 13.0446104], [80.2390998, 13.0447332]]]}}, {"type": "Feature", "properties": {"osm_id": 355091579}, "geometry": {"type": "Polygon", "coordinates": [[[80.2383139, 13.0446648], [80.2384345, 13.0447265], [80.2385954, 13.0444278], [80.2384749, 13.0443662], [80.2383139, 13.0446648]]]}}, {"type": "Feature", "properties": {"osm_id": 355091580}, "geometry": {"type": "Polygon", "coordinates": [[[80.2398085, 13.0434281], [80.2399129, 13.0434761], [80.239947, 13.0434058], [80.2398426, 13.0433577], [80.2398085, 13.0434281]]]}}, {"type": "Feature", "properties": {"osm_id": 355091582}, "geometry": {"type": "Polygon", "coordinates": [[[80.2401804, 13.0433912], [80.2402697, 13.0434198], [80.2402914, 13.0433555], [80.2402021, 13.0433269], [80.2401804, 13.0433912]]]}}, {"type": "Feature", "properties": {"osm_id": 355091585}, "geometry": {"type": "Polygon", "coordinates": [[[80.2399913, 13.0437411], [80.2401465, 13.0438125], [80.2401843, 13.0437345], [80.2400291, 13.043663], [80.2399913, 13.0437411]]]}}, {"type": "Feature", "properties": {"osm_id": 355091588}, "geometry": {"type": "Polygon", "coordinates": [[[80.2405842, 13.0448551], [80.2408709, 13.0449885], [80.2409492, 13.0448289], [80.2406625, 13.0446955], [80.2405842, 13.0448551]]]}}, {"type": "Feature", "properties": {"osm_id": 355091589}, "geometry": {"type": "Polygon", "coordinates": [[[80.2390235, 13.0449185], [80.2391522, 13.0449753], [80.2392168, 13.0448362], [80.2390881, 13.0447794], [80.2390235, 13.0449185]]]}}, {"type": "Feature", "properties": {"osm_id": 355091590}, "geometry": {"type": "Polygon", "coordinates": [[[80.2419151, 13.0454596], [80.2420079, 13.0455031], [80.2420367, 13.0454447], [80.2419439, 13.0454012], [80.2419151, 13.0454596]]]}}, {"type": "Feature", "properties": {"osm_id": 355091591}, "geometry": {"type": "Polygon", "coordinates": [[[80.2423002, 13.0455338], [80.2423821, 13.0453895], [80.2422769, 13.0453328], [80.242195, 13.0454771], [80.2423002, 13.0455338]]]}}, {"type": "Feature", "properties": {"osm_id": 355091595}, "geometry": {"type": "Polygon", "coordinates": [[[80.2419912, 13.0453717], [80.2421061, 13.0454352], [80.2421441, 13.0453699], [80.2420291, 13.0453065], [80.2419912, 13.0453717]]]}}, {"type": "Feature", "properties": {"osm_id": 355091596}, "geometry": {"type": "Polygon", "coordinates": [[[80.238667, 13.0449125], [80.2388233, 13.044992], [80.2390033, 13.0446561], [80.2388471, 13.0445766], [80.238667, 13.0449125]]]}}, {"type": "Feature", "properties": {"osm_id": 355091597}, "geometry": {"type": "Polygon", "coordinates": [[[80.2418541, 13.0456594], [80.241939, 13.0456991], [80.2420113, 13.0455525], [80.2419264, 13.0455128], [80.2418541, 13.0456594]]]}}, {"type": "Feature", "properties": {"osm_id": 355091599}, "geometry": {"type": "Polygon", "coordinates": [[[80.2429935, 13.045145], [80.2430422, 13.0451705], [80.2430978, 13.0450697], [80.243049, 13.0450442], [80.2429935, 13.045145]]]}}, {"type": "Feature", "properties": {"osm_id": 355091603}, "geometry": {"type": "Polygon", "coordinates": [[[80.2384772, 13.044829], [80.238604, 13.0449042], [80.238807, 13.044547], [80.2386751, 13.0444765], [80.2384772, 13.044829]]]}}, {"type": "Feature", "properties": {"osm_id": 355091608}, "geometry": {"type": "Polygon", "coordinates": [[[80.2405084, 13.0436424], [80.2405879, 13.0436337], [80.2405791, 13.0435577], [80.2404997, 13.0435664], [80.2405084, 13.0436424]]]}}, {"type": "Feature", "properties": {"osm_id": 355091617}, "geometry": {"type": "Polygon", "coordinates": [[[80.2422926, 13.0445737], [80.2424124, 13.0445593], [80.2424012, 13.0444706], [80.2422813, 13.044485], [80.2422926, 13.0445737]]]}}, {"type": "Feature", "properties": {"osm_id": 355091619}, "geometry": {"type": "Polygon", "coordinates": [[[80.2420356, 13.044042], [80.2421735, 13.0440252], [80.2421603, 13.0439221], [80.2420224, 13.0439389], [80.2420356, 13.044042]]]}}, {"type": "Feature", "properties": {"osm_id": 355091620}, "geometry": {"type": "Polygon", "coordinates": [[[80.2395875, 13.0453005], [80.2397638, 13.0454152], [80.2398204, 13.0453327], [80.2396442, 13.0452179], [80.2395875, 13.0453005]]]}}, {"type": "Feature", "properties": {"osm_id": 355091623}, "geometry": {"type": "Polygon", "coordinates": [[[80.239781, 13.0433114], [80.2401684, 13.0434078], [80.2401906, 13.0433228], [80.2398032, 13.0432265], [80.239781, 13.0433114]]]}}, {"type": "Feature", "properties": {"osm_id": 355091624}, "geometry": {"type": "Polygon", "coordinates": [[[80.2428125, 13.0448409], [80.2431075, 13.044966], [80.2431318, 13.0449115], [80.2428368, 13.0447864], [80.2428125, 13.0448409]]]}}, {"type": "Feature", "properties": {"osm_id": 355091627}, "geometry": {"type": "Polygon", "coordinates": [[[80.2418642, 13.0443738], [80.2420381, 13.0443378], [80.2419406, 13.0438904], [80.2417667, 13.0439264], [80.2418642, 13.0443738]]]}}, {"type": "Feature", "properties": {"osm_id": 355091629}, "geometry": {"type": "Polygon", "coordinates": [[[80.2391746, 13.0461599], [80.2392541, 13.04621], [80.2393403, 13.0460803], [80.2392609, 13.0460301], [80.2391746, 13.0461599]]]}}, {"type": "Feature", "properties": {"osm_id": 355091635}, "geometry": {"type": "Polygon", "coordinates": [[[80.2428133, 13.0462559], [80.2429666, 13.0463277], [80.2430682, 13.0461219], [80.2429149, 13.0460501], [80.2428133, 13.0462559]]]}}, {"type": "Feature", "properties": {"osm_id": 355091637}, "geometry": {"type": "Polygon", "coordinates": [[[80.2413589, 13.0443168], [80.2414768, 13.0442944], [80.2414523, 13.044172], [80.2413344, 13.0441945], [80.2413589, 13.0443168]]]}}, {"type": "Feature", "properties": {"osm_id": 355091639}, "geometry": {"type": "Polygon", "coordinates": [[[80.239051, 13.0458666], [80.2393393, 13.0460495], [80.2394352, 13.0459061], [80.2391468, 13.0457232], [80.239051, 13.0458666]]]}}, {"type": "Feature", "properties": {"osm_id": 355091643}, "geometry": {"type": "Polygon", "coordinates": [[[80.2429169, 13.0452855], [80.2429623, 13.0453093], [80.2429962, 13.0452478], [80.2429509, 13.045224], [80.2429169, 13.0452855]]]}}, {"type": "Feature", "properties": {"osm_id": 355091647}, "geometry": {"type": "Polygon", "coordinates": [[[80.2415408, 13.0452673], [80.241644, 13.0453156], [80.2416668, 13.0452693], [80.2415637, 13.045221], [80.2415408, 13.0452673]]]}}, {"type": "Feature", "properties": {"osm_id": 355091648}, "geometry": {"type": "Polygon", "coordinates": [[[80.2420933, 13.0447779], [80.2421632, 13.0447142], [80.2420334, 13.0445792], [80.2419635, 13.044643], [80.2420933, 13.0447779]]]}}, {"type": "Feature", "properties": {"osm_id": 355091650}, "geometry": {"type": "Polygon", "coordinates": [[[80.2429535, 13.0452129], [80.2430104, 13.0452427], [80.2430436, 13.0451826], [80.2429867, 13.0451528], [80.2429535, 13.0452129]]]}}, {"type": "Feature", "properties": {"osm_id": 355091655}, "geometry": {"type": "Polygon", "coordinates": [[[80.2428648, 13.0453561], [80.2429853, 13.0454261], [80.2430219, 13.0453663], [80.2429013, 13.0452964], [80.2428648, 13.0453561]]]}}, {"type": "Feature", "properties": {"osm_id": 355091658}, "geometry": {"type": "Polygon", "coordinates": [[[80.241626, 13.0451591], [80.241813, 13.0452466], [80.2418492, 13.0451731], [80.2416623, 13.0450856], [80.241626, 13.0451591]]]}}, {"type": "Feature", "properties": {"osm_id": 355091659}, "geometry": {"type": "Polygon", "coordinates": [[[80.2418871, 13.0445397], [80.2420767, 13.044507], [80.2420553, 13.0443891], [80.2418656, 13.0444217], [80.2418871, 13.0445397]]]}}, {"type": "Feature", "properties": {"osm_id": 355091660}, "geometry": {"type": "Polygon", "coordinates": [[[80.2392105, 13.0457241], [80.2395056, 13.0458935], [80.2395585, 13.0457862], [80.2392671, 13.0456187], [80.2392105, 13.0457241]]]}}, {"type": "Feature", "properties": {"osm_id": 355091661}, "geometry": {"type": "Polygon", "coordinates": [[[80.2421391, 13.0449469], [80.2422444, 13.0449824], [80.2423009, 13.0448637], [80.2421746, 13.0449056], [80.2421391, 13.0449469]]]}}, {"type": "Feature", "properties": {"osm_id": 355091666}, "geometry": {"type": "Polygon", "coordinates": [[[80.2426764, 13.0450824], [80.2428173, 13.0451589], [80.2429196, 13.0449801], [80.2427787, 13.0449036], [80.2426764, 13.0450824]]]}}, {"type": "Feature", "properties": {"osm_id": 355091669}, "geometry": {"type": "Polygon", "coordinates": [[[80.242182, 13.0447031], [80.2422755, 13.0446814], [80.2422254, 13.0444769], [80.2421319, 13.0444986], [80.242182, 13.0447031]]]}}, {"type": "Feature", "properties": {"osm_id": 355091670}, "geometry": {"type": "Polygon", "coordinates": [[[80.2428641, 13.0478705], [80.2429858, 13.0478617], [80.2429788, 13.0477688], [80.242857, 13.0477775], [80.2428641, 13.0478705]]]}}, {"type": "Feature", "properties": {"osm_id": 355091671}, "geometry": {"type": "Polygon", "coordinates": [[[80.2423221, 13.0446983], [80.2424171, 13.0446865], [80.2424051, 13.0445941], [80.24231, 13.0446058], [80.2423221, 13.0446983]]]}}, {"type": "Feature", "properties": {"osm_id": 355091672}, "geometry": {"type": "Polygon", "coordinates": [[[80.241785, 13.0451059], [80.2419231, 13.0451705], [80.2419651, 13.0450854], [80.241827, 13.0450207], [80.241785, 13.0451059]]]}}, {"type": "Feature", "properties": {"osm_id": 355091674}, "geometry": {"type": "Polygon", "coordinates": [[[80.2393442, 13.0454508], [80.2397155, 13.0456639], [80.2397896, 13.0455413], [80.2394183, 13.0453282], [80.2393442, 13.0454508]]]}}, {"type": "Feature", "properties": {"osm_id": 355091675}, "geometry": {"type": "Polygon", "coordinates": [[[80.2429677, 13.0453238], [80.2430324, 13.0453576], [80.2430659, 13.0452967], [80.2430013, 13.0452629], [80.2429677, 13.0453238]]]}}, {"type": "Feature", "properties": {"osm_id": 355091677}, "geometry": {"type": "Polygon", "coordinates": [[[80.2393877, 13.0451932], [80.2395318, 13.0452634], [80.2396754, 13.0449836], [80.2395313, 13.0449134], [80.2393877, 13.0451932]]]}}, {"type": "Feature", "properties": {"osm_id": 355091678}, "geometry": {"type": "Polygon", "coordinates": [[[80.2397535, 13.0436411], [80.2399715, 13.0437414], [80.2400096, 13.0436628], [80.2397916, 13.0435625], [80.2397535, 13.0436411]]]}}, {"type": "Feature", "properties": {"osm_id": 355091683}, "geometry": {"type": "Polygon", "coordinates": [[[80.2422595, 13.0444285], [80.2424032, 13.044407], [80.2423815, 13.0442694], [80.2422378, 13.0442908], [80.2422595, 13.0444285]]]}}, {"type": "Feature", "properties": {"osm_id": 355091685}, "geometry": {"type": "Polygon", "coordinates": [[[80.2392239, 13.0454011], [80.2392668, 13.0454257], [80.239341, 13.045303], [80.2392981, 13.0452784], [80.2392239, 13.0454011]]]}}, {"type": "Feature", "properties": {"osm_id": 355091688}, "geometry": {"type": "Polygon", "coordinates": [[[80.2411601, 13.0447258], [80.2412509, 13.0447164], [80.2412356, 13.0445755], [80.2411448, 13.0445849], [80.2411601, 13.0447258]]]}}, {"type": "Feature", "properties": {"osm_id": 355091689}, "geometry": {"type": "Polygon", "coordinates": [[[80.2389693, 13.0450406], [80.2391437, 13.0451175], [80.2391874, 13.0450235], [80.239013, 13.0449466], [80.2389693, 13.0450406]]]}}, {"type": "Feature", "properties": {"osm_id": 355091692}, "geometry": {"type": "Polygon", "coordinates": [[[80.2387461, 13.0463463], [80.2388504, 13.0463205], [80.2388024, 13.0461365], [80.2386981, 13.0461624], [80.2387461, 13.0463463]]]}}, {"type": "Feature", "properties": {"osm_id": 355091693}, "geometry": {"type": "Polygon", "coordinates": [[[80.2402099, 13.0435731], [80.2403031, 13.0436161], [80.2403406, 13.0435388], [80.2402473, 13.0434959], [80.2402099, 13.0435731]]]}}, {"type": "Feature", "properties": {"osm_id": 355091694}, "geometry": {"type": "Polygon", "coordinates": [[[80.2388108, 13.0453085], [80.2391118, 13.0456634], [80.2392017, 13.0455507], [80.2388554, 13.0452577], [80.2388108, 13.0453085]]]}}, {"type": "Feature", "properties": {"osm_id": 355091696}, "geometry": {"type": "Polygon", "coordinates": [[[80.2416848, 13.0450487], [80.2417746, 13.0450907], [80.2418266, 13.0449851], [80.2417369, 13.0449431], [80.2416848, 13.0450487]]]}}, {"type": "Feature", "properties": {"osm_id": 355091698}, "geometry": {"type": "Polygon", "coordinates": [[[80.2421156, 13.0444565], [80.242243, 13.0444388], [80.2422213, 13.0442904], [80.2420939, 13.0443081], [80.2421156, 13.0444565]]]}}, {"type": "Feature", "properties": {"osm_id": 355091700}, "geometry": {"type": "Polygon", "coordinates": [[[80.2411654, 13.0443187], [80.2412487, 13.0443055], [80.2412379, 13.0442407], [80.2411546, 13.0442539], [80.2411654, 13.0443187]]]}}, {"type": "Feature", "properties": {"osm_id": 355091702}, "geometry": {"type": "Polygon", "coordinates": [[[80.2412934, 13.0454063], [80.241356, 13.0454416], [80.2414664, 13.0452555], [80.2414038, 13.0452202], [80.2412934, 13.0454063]]]}}, {"type": "Feature", "properties": {"osm_id": 355091704}, "geometry": {"type": "Polygon", "coordinates": [[[80.2391802, 13.0451476], [80.2393123, 13.0452059], [80.2394105, 13.0449945], [80.2392784, 13.0449363], [80.2391802, 13.0451476]]]}}, {"type": "Feature", "properties": {"osm_id": 355091706}, "geometry": {"type": "Polygon", "coordinates": [[[80.2400572, 13.0435363], [80.2401363, 13.0435727], [80.2401789, 13.043485], [80.2400998, 13.0434486], [80.2400572, 13.0435363]]]}}, {"type": "Feature", "properties": {"osm_id": 355091709}, "geometry": {"type": "Polygon", "coordinates": [[[80.2409747, 13.0443405], [80.2411235, 13.0443119], [80.2410971, 13.0441819], [80.2409483, 13.0442105], [80.2409747, 13.0443405]]]}}, {"type": "Feature", "properties": {"osm_id": 355091711}, "geometry": {"type": "Polygon", "coordinates": [[[80.2423952, 13.0450648], [80.2424803, 13.0450999], [80.2425511, 13.0449366], [80.2424661, 13.0449015], [80.2423952, 13.0450648]]]}}, {"type": "Feature", "properties": {"osm_id": 355091713}, "geometry": {"type": "Polygon", "coordinates": [[[80.2411692, 13.0453186], [80.2412562, 13.0453634], [80.2415326, 13.044854], [80.2414456, 13.0448092], [80.2411692, 13.0453186]]]}}, {"type": "Feature", "properties": {"osm_id": 355091715}, "geometry": {"type": "Polygon", "coordinates": [[[80.2393019, 13.0449025], [80.2394431, 13.0449648], [80.2395051, 13.0448313], [80.2393639, 13.044769], [80.2393019, 13.0449025]]]}}, {"type": "Feature", "properties": {"osm_id": 355091717}, "geometry": {"type": "Polygon", "coordinates": [[[80.2401586, 13.0438392], [80.2402967, 13.0439028], [80.2403394, 13.0438148], [80.2402013, 13.0437512], [80.2401586, 13.0438392]]]}}, {"type": "Feature", "properties": {"osm_id": 355091718}, "geometry": {"type": "Polygon", "coordinates": [[[80.2420938, 13.045011], [80.2422317, 13.0450679], [80.2422558, 13.0450125], [80.2421179, 13.0449555], [80.2420938, 13.045011]]]}}, {"type": "Feature", "properties": {"osm_id": 355091722}, "geometry": {"type": "Polygon", "coordinates": [[[80.2389381, 13.0457782], [80.2390297, 13.045725], [80.2389661, 13.0456115], [80.238859, 13.0456839], [80.2389381, 13.0457782]]]}}, {"type": "Feature", "properties": {"osm_id": 355091723}, "geometry": {"type": "Polygon", "coordinates": [[[80.2422667, 13.0452545], [80.2423593, 13.0453106], [80.2424254, 13.045207], [80.2423328, 13.045151], [80.2422667, 13.0452545]]]}}, {"type": "Feature", "properties": {"osm_id": 355091725}, "geometry": {"type": "Polygon", "coordinates": [[[80.240951, 13.0452055], [80.2411953, 13.0448817], [80.2410936, 13.0448089], [80.2408493, 13.0451327], [80.240951, 13.0452055]]]}}, {"type": "Feature", "properties": {"osm_id": 355091727}, "geometry": {"type": "Polygon", "coordinates": [[[80.2424947, 13.0452435], [80.2426613, 13.0453293], [80.2427622, 13.0451433], [80.2425956, 13.0450575], [80.2424947, 13.0452435]]]}}, {"type": "Feature", "properties": {"osm_id": 355091733}, "geometry": {"type": "Polygon", "coordinates": [[[80.2422685, 13.0450057], [80.2423678, 13.0450476], [80.2424339, 13.0448993], [80.2423346, 13.0448573], [80.2422685, 13.0450057]]]}}, {"type": "Feature", "properties": {"osm_id": 355091736}, "geometry": {"type": "Polygon", "coordinates": [[[80.2420717, 13.0451852], [80.2422307, 13.0452608], [80.242277, 13.0451684], [80.242118, 13.0450928], [80.2420717, 13.0451852]]]}}, {"type": "Feature", "properties": {"osm_id": 355091738}, "geometry": {"type": "Polygon", "coordinates": [[[80.2405516, 13.0434172], [80.2406814, 13.0434067], [80.2406722, 13.0432984], [80.2405424, 13.0433089], [80.2405516, 13.0434172]]]}}, {"type": "Feature", "properties": {"osm_id": 355091741}, "geometry": {"type": "Polygon", "coordinates": [[[80.2392359, 13.0453566], [80.2393005, 13.0452624], [80.2390696, 13.045112], [80.239005, 13.0452062], [80.2392359, 13.0453566]]]}}, {"type": "Feature", "properties": {"osm_id": 355091742}, "geometry": {"type": "Polygon", "coordinates": [[[80.2425632, 13.0449974], [80.2426666, 13.0450534], [80.2427319, 13.0449389], [80.2426285, 13.0448829], [80.2425632, 13.0449974]]]}}, {"type": "Feature", "properties": {"osm_id": 355091750}, "geometry": {"type": "Polygon", "coordinates": [[[80.2404457, 13.0438735], [80.2406273, 13.0439461], [80.2407621, 13.0439567], [80.2407769, 13.0438445], [80.2404512, 13.0438221], [80.2404457, 13.0438735]]]}}, {"type": "Feature", "properties": {"osm_id": 355091752}, "geometry": {"type": "Polygon", "coordinates": [[[80.2420047, 13.0458211], [80.2420919, 13.0458676], [80.2421922, 13.0456892], [80.2421681, 13.0456764], [80.2422014, 13.045617], [80.2421382, 13.0455833], [80.2420047, 13.0458211]]]}}, {"type": "Feature", "properties": {"osm_id": 355091755}, "geometry": {"type": "Polygon", "coordinates": [[[80.2405963, 13.0436274], [80.2407683, 13.0436135], [80.2407626, 13.0435465], [80.2407143, 13.0435504], [80.2407119, 13.0435221], [80.2405882, 13.043532], [80.2405963, 13.0436274]]]}}, {"type": "Feature", "properties": {"osm_id": 355091760}, "geometry": {"type": "Polygon", "coordinates": [[[80.2423191, 13.0440691], [80.2423695, 13.0440614], [80.242361, 13.0440077], [80.2423986, 13.0440019], [80.2423804, 13.0438878], [80.2422923, 13.0439011], [80.2423191, 13.0440691]]]}}, {"type": "Feature", "properties": {"osm_id": 355091769}, "geometry": {"type": "Polygon", "coordinates": [[[80.2424528, 13.0446051], [80.2424863, 13.0446023], [80.2424892, 13.0446366], [80.2425688, 13.04463], [80.242555, 13.0444712], [80.242469, 13.0444783], [80.242472, 13.0445125], [80.2424449, 13.0445147], [80.2424528, 13.0446051]]]}}, {"type": "Feature", "properties": {"osm_id": 355091771}, "geometry": {"type": "Polygon", "coordinates": [[[80.2395134, 13.0443178], [80.2395515, 13.0443371], [80.2395464, 13.0443465], [80.2395686, 13.0443578], [80.2395612, 13.0443718], [80.2396666, 13.0444252], [80.2397545, 13.0442604], [80.2395887, 13.0441765], [80.2395134, 13.0443178]]]}}, {"type": "Feature", "properties": {"osm_id": 355091773}, "geometry": {"type": "Polygon", "coordinates": [[[80.2395243, 13.0440835], [80.2395612, 13.0441022], [80.2395472, 13.0441284], [80.2396028, 13.0441565], [80.2396176, 13.0441286], [80.2396393, 13.0441396], [80.239692, 13.0440408], [80.2395779, 13.0439831], [80.2395243, 13.0440835]]]}}, {"type": "Feature", "properties": {"osm_id": 355091777}, "geometry": {"type": "Polygon", "coordinates": [[[80.2389744, 13.0462872], [80.2391155, 13.0462522], [80.2390856, 13.0461376], [80.239012, 13.0461558], [80.2390201, 13.0461867], [80.238997, 13.0461924], [80.2389889, 13.0461616], [80.2389445, 13.0461726], [80.2389744, 13.0462872]]]}}, {"type": "Feature", "properties": {"osm_id": 355091778}, "geometry": {"type": "Polygon", "coordinates": [[[80.2402812, 13.0442626], [80.2404482, 13.0443403], [80.2404669, 13.0443023], [80.240518, 13.0443261], [80.2405383, 13.0442846], [80.240511, 13.0442719], [80.2405285, 13.0442363], [80.2403377, 13.0441474], [80.2402812, 13.0442626]]]}}, {"type": "Feature", "properties": {"osm_id": 355091781}, "geometry": {"type": "Polygon", "coordinates": [[[80.2426593, 13.047965], [80.2428235, 13.0479532], [80.2428081, 13.0477488], [80.2427479, 13.0477531], [80.2427489, 13.0477669], [80.2427128, 13.0477695], [80.2427117, 13.0477557], [80.2426438, 13.0477606], [80.2426593, 13.047965]]]}}, {"type": "Feature", "properties": {"osm_id": 355091782}, "geometry": {"type": "Polygon", "coordinates": [[[80.2396771, 13.044468], [80.2398424, 13.0445657], [80.2400218, 13.0442775], [80.2398602, 13.0441821], [80.2398167, 13.044252], [80.2398369, 13.0442639], [80.2397333, 13.0444303], [80.2397094, 13.0444162], [80.2396771, 13.044468]]]}}, {"type": "Feature", "properties": {"osm_id": 355091783}, "geometry": {"type": "Polygon", "coordinates": [[[80.238664, 13.0455916], [80.2387373, 13.0455467], [80.2387047, 13.0454557], [80.2386814, 13.0454731], [80.2386541, 13.0454384], [80.2386774, 13.045421], [80.2386147, 13.045345], [80.2385292, 13.0453609], [80.238664, 13.0455916]]]}}, {"type": "Feature", "properties": {"osm_id": 355091784}, "geometry": {"type": "Polygon", "coordinates": [[[80.2406054, 13.0437903], [80.2407898, 13.0438029], [80.2407966, 13.0437091], [80.2407675, 13.0437071], [80.240769, 13.0436857], [80.2407272, 13.0436745], [80.2406868, 13.0436859], [80.2406819, 13.0437189], [80.2406109, 13.043714], [80.2406054, 13.0437903]]]}}, {"type": "Feature", "properties": {"osm_id": 355615140}, "geometry": {"type": "Polygon", "coordinates": [[[80.2405442, 13.0457262], [80.2406959, 13.0454898], [80.2406219, 13.0454447], [80.2404702, 13.0456812], [80.2405442, 13.0457262]]]}}, {"type": "Feature", "properties": {"osm_id": 355615450}, "geometry": {"type": "Polygon", "coordinates": [[[80.2400567, 13.0455314], [80.2402067, 13.0456227], [80.24024, 13.0454299], [80.2401639, 13.0453809], [80.2400567, 13.0455314]]]}}, {"type": "Feature", "properties": {"osm_id": 355615528}, "geometry": {"type": "Polygon", "coordinates": [[[80.2406158, 13.04568], [80.2406487, 13.045707], [80.2409514, 13.0456552], [80.2409666, 13.0456206], [80.2407233, 13.04549], [80.2406158, 13.04568]]]}}, {"type": "Feature", "properties": {"osm_id": 355626590}, "geometry": {"type": "Polygon", "coordinates": [[[80.2428597, 13.04477], [80.2429952, 13.044708], [80.2429645, 13.0446443], [80.2430129, 13.0446222], [80.2430323, 13.0446625], [80.2430818, 13.0446398], [80.2430641, 13.0446032], [80.2431135, 13.0445806], [80.2430774, 13.0445057], [80.2429856, 13.0445477], [80.2429675, 13.0445102], [80.2430037, 13.0444936], [80.2429929, 13.0444712], [80.2429725, 13.0444806], [80.2429692, 13.0444738], [80.2429466, 13.0444841], [80.2429446, 13.04448], [80.2429267, 13.0444882], [80.2429225, 13.0444794], [80.2428652, 13.0445056], [80.2428715, 13.0445188], [80.2427938, 13.0445543], [80.2427866, 13.0445394], [80.2427554, 13.0445537], [80.2428597, 13.04477]]]}}, {"type": "Feature", "properties": {"osm_id": 355673987}, "geometry": {"type": "Polygon", "coordinates": [[[80.2410179, 13.0445046], [80.2412448, 13.0444802], [80.2412261, 13.044348], [80.2409656, 13.044384], [80.2409612, 13.0444436], [80.2409777, 13.0444796], [80.2410179, 13.0445046]]]}}, {"type": "Feature", "properties": {"osm_id": 634530921}, "geometry": {"type": "Polygon", "coordinates": [[[80.242747, 13.045811], [80.242662, 13.0459605], [80.242809, 13.0460399], [80.2427284, 13.0461815], [80.242689, 13.0461602], [80.2426707, 13.0461924], [80.2425875, 13.0461475], [80.2426145, 13.0461], [80.2425934, 13.0460887], [80.2425802, 13.0460451], [80.2425003, 13.046068], [80.2424666, 13.0459564], [80.2425691, 13.045927], [80.2425613, 13.0459012], [80.2424929, 13.0458643], [80.2425378, 13.0457853], [80.2425763, 13.0458061], [80.2426143, 13.0457393], [80.242747, 13.045811]]]}}, {"type": "Feature", "properties": {"osm_id": 740995907}, "geometry": {"type": "Polygon", "coordinates": [[[80.238689, 13.0439414], [80.2388036, 13.0440043], [80.2389042, 13.0438306], [80.2387896, 13.0437676], [80.238689, 13.0439414]]]}}, {"type": "Feature", "properties": {"osm_id": 1154911822}, "geometry": {"type": "Polygon", "coordinates": [[[80.241496, 13.0451421], [80.2415551, 13.0451711], [80.2416423, 13.0450026], [80.2415831, 13.0449735], [80.241496, 13.0451421]]]}}, {"type": "Feature", "properties": {"osm_id": 1270672548}, "geometry": {"type": "Polygon", "coordinates": [[[80.2392991, 13.0433941], [80.2394984, 13.0434481], [80.2395107, 13.04333], [80.2393011, 13.04331], [80.2392991, 13.0433941]]]}}, {"type": "Feature", "properties": {"osm_id": 1270672549}, "geometry": {"type": "Polygon", "coordinates": [[[80.2395353, 13.0434701], [80.2396339, 13.0434761], [80.2396545, 13.043362], [80.2395435, 13.043358], [80.2395353, 13.0434701]]]}}]}