{"type": "FeatureCollection", "features": [{"type": "Feature", "geometry": {"type": "Polygon", "coordinates": [[[80.23591149168362, 13.044683926293132], [80.23594059154291, 13.044805343931344], [80.23585665440663, 13.044824436049694], [80.23582755454734, 13.044703018420861], [80.23591149168362, 13.044683926293132]]]}, "properties": {"source": "microsoft", "height": -1.0, "confidence": -1.0}}, {"type": "Feature", "geometry": {"type": "Polygon", "coordinates": [[[80.2359529250078, 13.039096556827388], [80.23583239459226, 13.039092160050714], [80.23583861269898, 13.038930377607983], [80.23595914311451, 13.038934774387513], [80.2359529250078, 13.039096556827388]]]}, "properties": {"source": "microsoft", "height": -1.0, "confidence": -1.0}}, {"type": "Feature", "geometry": {"type": "Polygon", "coordinates": [[[80.23785623089994, 13.045865654231491], [80.23757902027792, 13.045916384179407], [80.23754786160787, 13.045754855500903], [80.23776807565343, 13.045714555984091], [80.23777732588357, 13.045762509829345], [80.23779805191138, 13.045758716934046], [80.23778928853544, 13.045713286974916], [80.23788514641411, 13.045695744830155], [80.2378995181153, 13.045770248744006], [80.23783993154231, 13.045781157241578], [80.23785623089994, 13.045865654231491]]]}, "properties": {"source": "microsoft", "height": -1.0, "confidence": -1.0}}, {"type": "Feature", "geometry": {"type": "Polygon", "coordinates": [[[80.23853132880043, 13.045737311947335], [80.23862173216367, 13.045714332857727], [80.23866007254709, 13.045857445886654], [80.23852044263738, 13.04589294707624], [80.23850045594148, 13.045818322808245], [80.23854967985643, 13.045805810880381], [80.23853132880043, 13.045737311947335]]]}, "properties": {"source": "microsoft", "height": -1.0, "confidence": -1.0}}, {"type": "Feature", "geometry": {"type": "Polygon", "coordinates": [[[80.23911231183708, 13.044751663029459], [80.23917221397228, 13.044616042484577], [80.23933386992658, 13.04468380660127], [80.23927395546235, 13.044819432962143], [80.23911231183708, 13.044751663029459]]]}, "properties": {"source": "microsoft", "height": -1.0, "confidence": -1.0}}, {"type": "Feature", "geometry": {"type": "Polygon", "coordinates": [[[80.24114148276524, 13.046490765059403], [80.24123193698316, 13.046473625945353], [80.24124573112842, 13.046542691870798], [80.24130258731938, 13.046531914980548], [80.24132521504731, 13.046645209746856], [80.24117790582528, 13.046673131675988], [80.24114148276524, 13.046490765059403]]]}, "properties": {"source": "microsoft", "height": -1.0, "confidence": -1.0}}, {"type": "Feature", "geometry": {"type": "Polygon", "coordinates": [[[80.23315771426125, 13.037980113124206], [80.23328784807762, 13.037967468935491], [80.23330655853009, 13.038150236067722], [80.23320829489889, 13.038159790347493], [80.23319938406422, 13.038072747699616], [80.23316751455819, 13.038075844234385], [80.23315771426125, 13.037980113124206]]]}, "properties": {"source": "microsoft", "height": -1.0, "confidence": -1.0}}, {"type": "Feature", "geometry": {"type": "Polygon", "coordinates": [[[80.23343881521761, 13.037901343645316], [80.23355416977287, 13.037879643005738], [80.23359029152925, 13.038061950039278], [80.2334749480975, 13.038083640705679], [80.23343881521761, 13.037901343645316]]]}, "properties": {"source": "microsoft", "height": -1.0, "confidence": -1.0}}, {"type": "Feature", "geometry": {"type": "Polygon", "coordinates": [[[80.2343342958435, 13.039243270161691], [80.23439255965563, 13.039273784246234], [80.23435676343577, 13.03933865454303], [80.23429849962359, 13.039308140466488], [80.2343342958435, 13.039243270161691]]]}, "properties": {"source": "microsoft", "height": -1.0, "confidence": -1.0}}, {"type": "Feature", "geometry": {"type": "Polygon", "coordinates": [[[80.23462431676973, 13.046714333661114], [80.23453144670756, 13.04672375579456], [80.2345016023017, 13.046444582604565], [80.23459447236391, 13.04643516046049], [80.23462431676973, 13.046714333661114]]]}, "properties": {"source": "microsoft", "height": -1.0, "confidence": -1.0}}, {"type": "Feature", "geometry": {"type": "Polygon", "coordinates": [[[80.23523091635441, 13.046790149507942], [80.23533901921712, 13.046755654715483], [80.23539568188359, 13.04692417974384], [80.23528756584842, 13.046958671344456], [80.23523091635441, 13.046790149507942]]]}, "properties": {"source": "microsoft", "height": -1.0, "confidence": -1.0}}, {"type": "Feature", "geometry": {"type": "Polygon", "coordinates": [[[80.23628554788532, 13.041324628033806], [80.23641705374983, 13.041312325932509], [80.23644222428945, 13.041567504811695], [80.23631070113572, 13.041579817485385], [80.23628554788532, 13.041324628033806]]]}, "properties": {"source": "microsoft", "height": -1.0, "confidence": -1.0}}, {"type": "Feature", "geometry": {"type": "Polygon", "coordinates": [[[80.2379166861993, 13.042187924817753], [80.23790135621061, 13.042076205059317], [80.23800544638146, 13.04206264936279], [80.238020783298, 13.042174361127465], [80.2379166861993, 13.042187924817753]]]}, "properties": {"source": "microsoft", "height": -1.0, "confidence": -1.0}}, {"type": "Feature", "geometry": {"type": "Polygon", "coordinates": [[[80.23879576432539, 13.046916435256989], [80.23884504015076, 13.047138617937861], [80.23874509923603, 13.04715965328954], [80.23869582341065, 13.046937470627597], [80.23879576432539, 13.046916435256989]]]}, "properties": {"source": "microsoft", "height": -1.0, "confidence": -1.0}}, {"type": "Feature", "geometry": {"type": "Polygon", "coordinates": [[[80.23941980299905, 13.040097091858868], [80.23950627690496, 13.040084155742264], [80.23951694910252, 13.040151864101759], [80.2394304742887, 13.040164794454455], [80.23941980299905, 13.040097091858868]]]}, "properties": {"source": "microsoft", "height": -1.0, "confidence": -1.0}}, {"type": "Feature", "geometry": {"type": "Polygon", "coordinates": [[[80.24171011441744, 13.047217709195337], [80.24167449769048, 13.047022683775126], [80.24179504688038, 13.047001790337035], [80.24181492915638, 13.047110701979335], [80.24178798449691, 13.047115371992845], [80.24179704233211, 13.047164969699466], [80.24183344158372, 13.047158663511311], [80.24184704849908, 13.047233170457815], [80.24176905104414, 13.047246688868796], [80.2417621127207, 13.04720869692035], [80.24171011441744, 13.047217709195337]]]}, "properties": {"source": "microsoft", "height": -1.0, "confidence": -1.0}}, {"type": "Feature", "geometry": {"type": "Polygon", "coordinates": [[[80.23310416287345, 13.043092665268901], [80.23303450438347, 13.043094949794778], [80.2330292731713, 13.04294356675426], [80.23309893166126, 13.042941282226977], [80.23310416287345, 13.043092665268901]]]}, "properties": {"source": "microsoft", "height": -1.0, "confidence": -1.0}}, {"type": "Feature", "geometry": {"type": "Polygon", "coordinates": [[[80.23620846448537, 13.04726005213682], [80.23615046973046, 13.047274314926568], [80.23611482267927, 13.047136755588014], [80.2361753389453, 13.047121872668683], [80.23616006163769, 13.047062918639455], [80.23620292732613, 13.04705237656853], [80.23626403655668, 13.047288192611092], [80.23621864935717, 13.047299354793182], [80.23620846448537, 13.04726005213682]]]}, "properties": {"source": "microsoft", "height": -1.0, "confidence": -1.0}}, {"type": "Feature", "geometry": {"type": "Polygon", "coordinates": [[[80.23632178100127, 13.04048518142092], [80.23644217294424, 13.040471004846438], [80.23646326206301, 13.040640981933947], [80.23650291586738, 13.040636312562128], [80.23651186276624, 13.040708424019883], [80.2363518341603, 13.040727267932454], [80.23632178100127, 13.04048518142092]]]}, "properties": {"source": "microsoft", "height": -1.0, "confidence": -1.0}}, {"type": "Feature", "geometry": {"type": "Polygon", "coordinates": [[[80.23737899405229, 13.042557015476902], [80.23755673012272, 13.04263584714171], [80.23749199478462, 13.042774367828173], [80.2373142587142, 13.042695536207518], [80.23737899405229, 13.042557015476902]]]}, "properties": {"source": "microsoft", "height": -1.0, "confidence": -1.0}}, {"type": "Feature", "geometry": {"type": "Polygon", "coordinates": [[[80.23883576458542, 13.037723830098386], [80.23900433682554, 13.037715761287146], [80.2390122247443, 13.03787216766365], [80.23903095499321, 13.037871271129617], [80.23903726532822, 13.037996396160068], [80.23884996283923, 13.038005361495678], [80.23883576458542, 13.037723830098386]]]}, "properties": {"source": "microsoft", "height": -1.0, "confidence": -1.0}}, {"type": "Feature", "geometry": {"type": "Polygon", "coordinates": [[[80.23905437372464, 13.044942394219845], [80.23912856863421, 13.044784796232506], [80.23926153254298, 13.044844204634373], [80.23918733763345, 13.045001802583883], [80.23905437372464, 13.044942394219845]]]}, "properties": {"source": "microsoft", "height": -1.0, "confidence": -1.0}}, {"type": "Feature", "geometry": {"type": "Polygon", "coordinates": [[[80.23905970334543, 13.041035120860172], [80.23909096142135, 13.041433925855031], [80.23896166890987, 13.041443534888927], [80.23895922767969, 13.04141235999478], [80.23880722638712, 13.041423656748762], [80.23878037285533, 13.041080732669329], [80.2389149728038, 13.041070729171423], [80.23891303698942, 13.041046031137938], [80.23905970334543, 13.041035120860172]]]}, "properties": {"source": "microsoft", "height": -1.0, "confidence": -1.0}}, {"type": "Feature", "geometry": {"type": "Polygon", "coordinates": [[[80.24007957914185, 13.041743135263403], [80.23999379338659, 13.041741222583681], [80.23999802679924, 13.041561018256232], [80.24008381255446, 13.04156293093736], [80.24007957914185, 13.041743135263403]]]}, "properties": {"source": "microsoft", "height": -1.0, "confidence": -1.0}}, {"type": "Feature", "geometry": {"type": "Polygon", "coordinates": [[[80.2409019914029, 13.044601349830785], [80.24090024942858, 13.044703228177298], [80.24077958364433, 13.04470126184836], [80.24078132561866, 13.044599383501051], [80.2409019914029, 13.044601349830785]]]}, "properties": {"source": "microsoft", "height": -1.0, "confidence": -1.0}}, {"type": "Feature", "geometry": {"type": "Polygon", "coordinates": [[[80.24146110896359, 13.044824973587069], [80.24155305102722, 13.044872673292744], [80.24126260982838, 13.045403981933731], [80.24117066776473, 13.045356282330545], [80.24146110896359, 13.044824973587069]]]}, "properties": {"source": "microsoft", "height": -1.0, "confidence": -1.0}}, {"type": "Feature", "geometry": {"type": "Polygon", "coordinates": [[[80.24183903172563, 13.041613243102844], [80.24200130550405, 13.041611118737876], [80.24200395832696, 13.041804447804864], [80.24189668923567, 13.041805852089169], [80.24189711942316, 13.041837202734257], [80.24184213087453, 13.041837922601871], [80.24183903172563, 13.041613243102844]]]}, "properties": {"source": "microsoft", "height": -1.0, "confidence": -1.0}}, {"type": "Feature", "geometry": {"type": "Polygon", "coordinates": [[[80.23518745233923, 13.04101567477035], [80.23490868546264, 13.041043216431376], [80.23490018376674, 13.040961490381207], [80.23517895260052, 13.040933967525206], [80.23518745233923, 13.04101567477035]]]}, "properties": {"source": "microsoft", "height": -1.0, "confidence": -1.0}}, {"type": "Feature", "geometry": {"type": "Polygon", "coordinates": [[[80.23869260903919, 13.046305532617438], [80.2385477783079, 13.046332708298621], [80.23846558553564, 13.045916989456288], [80.23861041626697, 13.045889813729431], [80.23869260903919, 13.046305532617438]]]}, "properties": {"source": "microsoft", "height": -1.0, "confidence": -1.0}}, {"type": "Feature", "geometry": {"type": "Polygon", "coordinates": [[[80.24011683523325, 13.04760885338385], [80.24003527524414, 13.047619941846136], [80.24000626868134, 13.04741746135916], [80.24008782867047, 13.047406372887792], [80.24011683523325, 13.04760885338385]]]}, "properties": {"source": "microsoft", "height": -1.0, "confidence": -1.0}}, {"type": "Feature", "geometry": {"type": "Polygon", "coordinates": [[[80.24219997478619, 13.043877723786295], [80.24221339385701, 13.04400861690452], [80.24207942238537, 13.044021651922463], [80.2420659949317, 13.043890768761898], [80.24219997478619, 13.043877723786295]]]}, "properties": {"source": "microsoft", "height": -1.0, "confidence": -1.0}}, {"type": "Feature", "geometry": {"type": "Polygon", "coordinates": [[[80.24298014729779, 13.0394781181339], [80.24298710630687, 13.039634606767251], [80.24293891713643, 13.039636643922648], [80.24293938107036, 13.039647076494617], [80.2429795387124, 13.039645378865174], [80.24298475796923, 13.03976274527011], [80.24295648578408, 13.039763940451621], [80.2429599708992, 13.039842184453065], [80.2428115438487, 13.039848459072658], [80.24279542214433, 13.039485927234495], [80.24298014729779, 13.0394781181339]]]}, "properties": {"source": "microsoft", "height": -1.0, "confidence": -1.0}}, {"type": "Feature", "geometry": {"type": "Polygon", "coordinates": [[[80.23475681485463, 13.04491084915881], [80.23470600957997, 13.04491359614039], [80.23470936823752, 13.044972475328137], [80.23463984549963, 13.044976239080299], [80.23462899810501, 13.04478607800192], [80.23467712923126, 13.044783472325364], [80.23467950674241, 13.044825151478776], [80.2347169420628, 13.04482312484177], [80.23471530752386, 13.044794470424321], [80.23475006889281, 13.04479258854687], [80.23475681485463, 13.04491084915881]]]}, "properties": {"source": "microsoft", "height": -1.0, "confidence": -1.0}}, {"type": "Feature", "geometry": {"type": "Polygon", "coordinates": [[[80.23518933923103, 13.045126482131721], [80.23518001917603, 13.044957123975152], [80.23532711843336, 13.044949451321386], [80.23533643848836, 13.045118809483213], [80.23518933923103, 13.045126482131721]]]}, "properties": {"source": "microsoft", "height": -1.0, "confidence": -1.0}}, {"type": "Feature", "geometry": {"type": "Polygon", "coordinates": [[[80.23519169619018, 13.044518413613602], [80.23513089470433, 13.044525577230843], [80.2351318538397, 13.044533303209107], [80.23507105235382, 13.044540466825921], [80.23503505464096, 13.044250499731078], [80.23515665862716, 13.044236180652234], [80.23519169619018, 13.044518413613602]]]}, "properties": {"source": "microsoft", "height": -1.0, "confidence": -1.0}}, {"type": "Feature", "geometry": {"type": "Polygon", "coordinates": [[[80.2353005616571, 13.045609002678631], [80.23543605573377, 13.04560374607641], [80.23544203839815, 13.04574984098474], [80.23530653384216, 13.045755097990408], [80.2353005616571, 13.045609002678631]]]}, "properties": {"source": "microsoft", "height": -1.0, "confidence": -1.0}}, {"type": "Feature", "geometry": {"type": "Polygon", "coordinates": [[[80.23601713251655, 13.041396841545676], [80.23605181868744, 13.04160832338303], [80.23594458588552, 13.041625015564946], [80.23590989971463, 13.04141353374186], [80.23601713251655, 13.041396841545676]]]}, "properties": {"source": "microsoft", "height": -1.0, "confidence": -1.0}}, {"type": "Feature", "geometry": {"type": "Polygon", "coordinates": [[[80.23613351312298, 13.041303426166422], [80.236021921799, 13.041314032695524], [80.23602891578211, 13.041383919689252], [80.23592529526698, 13.041393768605943], [80.23589524704323, 13.041093513245812], [80.23603466926149, 13.041080261434743], [80.23603400353241, 13.04107361393848], [80.23610979413868, 13.041066415355758], [80.23613351312298, 13.041303426166422]]]}, "properties": {"source": "microsoft", "height": -1.0, "confidence": -1.0}}, {"type": "Feature", "geometry": {"type": "Polygon", "coordinates": [[[80.2369001827964, 13.041081071884705], [80.23689949350683, 13.041175136184904], [80.23678008047416, 13.041174305699087], [80.23678168160583, 13.040953642925075], [80.23689842847648, 13.040954446908927], [80.23689773918653, 13.041048511304282], [80.23686019015521, 13.041048252720884], [80.23685995171147, 13.04108079208811], [80.2369001827964, 13.041081071884705]]]}, "properties": {"source": "microsoft", "height": -1.0, "confidence": -1.0}}, {"type": "Feature", "geometry": {"type": "Polygon", "coordinates": [[[80.23799621892326, 13.047018714573838], [80.23788165667195, 13.047044545844429], [80.23781005120922, 13.046743158425002], [80.23792461522201, 13.046717334537007], [80.23799621892326, 13.047018714573838]]]}, "properties": {"source": "microsoft", "height": -1.0, "confidence": -1.0}}, {"type": "Feature", "geometry": {"type": "Polygon", "coordinates": [[[80.24031439592214, 13.04272446143385], [80.24021798265706, 13.042728123022727], [80.24021006218194, 13.042529834722515], [80.24030647544703, 13.042526173130696], [80.24031439592214, 13.04272446143385]]]}, "properties": {"source": "microsoft", "height": -1.0, "confidence": -1.0}}, {"type": "Feature", "geometry": {"type": "Polygon", "coordinates": [[[80.24113913660577, 13.038482474249065], [80.24099600899102, 13.038497727676642], [80.24097617800041, 13.038321005343462], [80.24101169724322, 13.038317222398177], [80.24101604643411, 13.038355955089614], [80.24106640615044, 13.038350591573675], [80.24106073394401, 13.038300076469383], [80.24111798408539, 13.038293975189987], [80.24113913660577, 13.038482474249065]]]}, "properties": {"source": "microsoft", "height": -1.0, "confidence": -1.0}}, {"type": "Feature", "geometry": {"type": "Polygon", "coordinates": [[[80.23354675573641, 13.044826415589725], [80.23343305184842, 13.044853890919356], [80.23338667333832, 13.044671736387045], [80.23350037722633, 13.044644261037192], [80.23354675573641, 13.044826415589725]]]}, "properties": {"source": "microsoft", "height": -1.0, "confidence": -1.0}}, {"type": "Feature", "geometry": {"type": "Polygon", "coordinates": [[[80.23569025034426, 13.043674194036612], [80.23589365191896, 13.043649619010907], [80.23590525859763, 13.043740791334073], [80.2359290330109, 13.043737920525814], [80.23594606882598, 13.043871739527205], [80.23567781302545, 13.04390413193552], [80.23566326789835, 13.043789813184972], [80.23570433753247, 13.043784851144721], [80.23569025034426, 13.043674194036612]]]}, "properties": {"source": "microsoft", "height": -1.0, "confidence": -1.0}}, {"type": "Feature", "geometry": {"type": "Polygon", "coordinates": [[[80.23580630089523, 13.047463883382761], [80.23568232323117, 13.047470333049233], [80.23567016710719, 13.047248863458634], [80.23579416063714, 13.047242412960998], [80.23580630089523, 13.047463883382761]]]}, "properties": {"source": "microsoft", "height": -1.0, "confidence": -1.0}}, {"type": "Feature", "geometry": {"type": "Polygon", "coordinates": [[[80.23693380750414, 13.044768860626988], [80.2367648130185, 13.04479815080849], [80.23674076016391, 13.044666444058024], [80.23690975464956, 13.044637153860947], [80.23693380750414, 13.044768860626988]]]}, "properties": {"source": "microsoft", "height": -1.0, "confidence": -1.0}}, {"type": "Feature", "geometry": {"type": "Polygon", "coordinates": [[[80.23766671857638, 13.040180457087104], [80.23753269250258, 13.040183737781717], [80.23752849284644, 13.040020449208669], [80.23748560442766, 13.040021496109176], [80.23748405967314, 13.039961433841327], [80.2376609744006, 13.039957115375685], [80.23766671857638, 13.040180457087104]]]}, "properties": {"source": "microsoft", "height": -1.0, "confidence": -1.0}}, {"type": "Feature", "geometry": {"type": "Polygon", "coordinates": [[[80.23973782397432, 13.046315314921586], [80.23972780015478, 13.046226162498243], [80.23982056454224, 13.046216264050827], [80.23983058906452, 13.04630542272767], [80.23973782397432, 13.046315314921586]]]}, "properties": {"source": "microsoft", "height": -1.0, "confidence": -1.0}}, {"type": "Feature", "geometry": {"type": "Polygon", "coordinates": [[[80.2414835582005, 13.046441329219647], [80.24145860266678, 13.046485404943127], [80.24150178972182, 13.046508611242515], [80.2414580343471, 13.046585890661433], [80.24129557356784, 13.04649858229628], [80.24133527437816, 13.046428463902572], [80.24128591920473, 13.046401939828627], [80.24131492303323, 13.04635071410884], [80.2414835582005, 13.046441329219647]]]}, "properties": {"source": "microsoft", "height": -1.0, "confidence": -1.0}}, {"type": "Feature", "geometry": {"type": "Polygon", "coordinates": [[[80.24216837490033, 13.044759785702269], [80.2421010079308, 13.044821845231255], [80.2419638805677, 13.044680563600807], [80.24206725691974, 13.044585338640843], [80.24217705534272, 13.04469846345215], [80.24214104724611, 13.044731632241252], [80.24216837490033, 13.044759785702269]]]}, "properties": {"source": "microsoft", "height": -1.0, "confidence": -1.0}}, {"type": "Feature", "geometry": {"type": "Polygon", "coordinates": [[[80.2430587517999, 13.038949336233216], [80.24299864838041, 13.038950545175098], [80.24299806086718, 13.038922823287905], [80.2430581622088, 13.038921610289734], [80.2430587517999, 13.038949336233216]]]}, "properties": {"source": "microsoft", "height": -1.0, "confidence": -1.0}}, {"type": "Feature", "geometry": {"type": "Polygon", "coordinates": [[[80.23506547411927, 13.046754439847135], [80.23510103598367, 13.046988146871072], [80.23495310031112, 13.047009510201505], [80.23491752352021, 13.046775815440867], [80.23506547411927, 13.046754439847135]]]}, "properties": {"source": "microsoft", "height": -1.0, "confidence": -1.0}}, {"type": "Feature", "geometry": {"type": "Polygon", "coordinates": [[[80.23530938900716, 13.038646314861978], [80.2354670764592, 13.038742833911016], [80.23540857378298, 13.038833537302153], [80.23525089130271, 13.038737010580164], [80.23530938900716, 13.038646314861978]]]}, "properties": {"source": "microsoft", "height": -1.0, "confidence": -1.0}}, {"type": "Feature", "geometry": {"type": "Polygon", "coordinates": [[[80.2357224035482, 13.0406788613153], [80.23575720222706, 13.040677340410681], [80.23576236608692, 13.040789475206068], [80.2356312018359, 13.040795207843885], [80.23562303573195, 13.040617878380758], [80.23571940130411, 13.040613666643836], [80.2357224035482, 13.0406788613153]]]}, "properties": {"source": "microsoft", "height": -1.0, "confidence": -1.0}}, {"type": "Feature", "geometry": {"type": "Polygon", "coordinates": [[[80.23647413464812, 13.039032591165423], [80.23646051291067, 13.038898021059836], [80.23653489144931, 13.038890875389825], [80.23653148601494, 13.038857232851015], [80.23675462163081, 13.038835795836803], [80.23677164880264, 13.039004008499646], [80.23647413464812, 13.039032591165423]]]}, "properties": {"source": "microsoft", "height": -1.0, "confidence": -1.0}}, {"type": "Feature", "geometry": {"type": "Polygon", "coordinates": [[[80.2368961193535, 13.045308688027944], [80.23695480039201, 13.0453044189383], [80.23696496861588, 13.045436941456458], [80.23690628757733, 13.0454412105438], [80.2368961193535, 13.045308688027944]]]}, "properties": {"source": "microsoft", "height": -1.0, "confidence": -1.0}}, {"type": "Feature", "geometry": {"type": "Polygon", "coordinates": [[[80.23839739469459, 13.044263981274284], [80.2383674243475, 13.04436104189277], [80.23827011621235, 13.044332525780845], [80.2383000948327, 13.04423546094148], [80.23839739469459, 13.044263981274284]]]}, "properties": {"source": "microsoft", "height": -1.0, "confidence": -1.0}}, {"type": "Feature", "geometry": {"type": "Polygon", "coordinates": [[[80.2398492999614, 13.043401674772994], [80.23998999429558, 13.043453659063772], [80.23995530961697, 13.04354275084593], [80.2398146152828, 13.043490766573882], [80.2398492999614, 13.043401674772994]]]}, "properties": {"source": "microsoft", "height": -1.0, "confidence": -1.0}}, {"type": "Feature", "geometry": {"type": "Polygon", "coordinates": [[[80.23987031092469, 13.043930558751896], [80.2398271071521, 13.04401023118379], [80.23966563882722, 13.043927132404392], [80.23970884259982, 13.04384745994571], [80.23987031092469, 13.043930558751896]]]}, "properties": {"source": "microsoft", "height": -1.0, "confidence": -1.0}}, {"type": "Feature", "geometry": {"type": "Polygon", "coordinates": [[[80.24133765222963, 13.044233719175878], [80.24145940117987, 13.044229801015803], [80.24146602533762, 13.044425562579349], [80.2413442904361, 13.044429480284194], [80.24133765222963, 13.044233719175878]]]}, "properties": {"source": "microsoft", "height": -1.0, "confidence": -1.0}}, {"type": "Feature", "geometry": {"type": "Polygon", "coordinates": [[[80.24200754581196, 13.039242807913254], [80.24210781824927, 13.039239560340462], [80.24211348229699, 13.039405541864824], [80.24201319771595, 13.039408782990918], [80.24200754581196, 13.039242807913254]]]}, "properties": {"source": "microsoft", "height": -1.0, "confidence": -1.0}}, {"type": "Feature", "geometry": {"type": "Polygon", "coordinates": [[[80.23456235123686, 13.038588201450153], [80.23447576385108, 13.038607660725972], [80.23441349120253, 13.038344671428987], [80.23450007858831, 13.038325212132477], [80.23456235123686, 13.038588201450153]]]}, "properties": {"source": "microsoft", "height": -1.0, "confidence": -1.0}}, {"type": "Feature", "geometry": {"type": "Polygon", "coordinates": [[[80.23597681161394, 13.041937787672694], [80.23598218422732, 13.042077570412559], [80.23581209790426, 13.04208377484278], [80.23580673487484, 13.041943980160383], [80.23597681161394, 13.041937787672694]]]}, "properties": {"source": "microsoft", "height": -1.0, "confidence": -1.0}}, {"type": "Feature", "geometry": {"type": "Polygon", "coordinates": [[[80.23803691024318, 13.042543909660282], [80.23793775378158, 13.04254674244099], [80.23792903040028, 13.042256946777954], [80.23802818686188, 13.042254113993934], [80.23803691024318, 13.042543909660282]]]}, "properties": {"source": "microsoft", "height": -1.0, "confidence": -1.0}}, {"type": "Feature", "geometry": {"type": "Polygon", "coordinates": [[[80.23827817307189, 13.038473571143768], [80.23816563922868, 13.038477131440459], [80.23816080074839, 13.038332292917758], [80.23827333433556, 13.038328724954056], [80.23827817307189, 13.038473571143768]]]}, "properties": {"source": "microsoft", "height": -1.0, "confidence": -1.0}}, {"type": "Feature", "geometry": {"type": "Polygon", "coordinates": [[[80.23844699022139, 13.039849585341742], [80.23854306879481, 13.039832598535853], [80.2385569643412, 13.039907220405198], [80.23846088458677, 13.039924200863652], [80.23844699022139, 13.039849585341742]]]}, "properties": {"source": "microsoft", "height": -1.0, "confidence": -1.0}}, {"type": "Feature", "geometry": {"type": "Polygon", "coordinates": [[[80.23868432240998, 13.044449752176874], [80.2386798272293, 13.044447826476187], [80.23870799377332, 13.044385426558975], [80.2388653210391, 13.044452835079255], [80.23868544514687, 13.044851330190639], [80.23853261294582, 13.044785847733834], [80.23868432240998, 13.044449752176874]]]}, "properties": {"source": "microsoft", "height": -1.0, "confidence": -1.0}}, {"type": "Feature", "geometry": {"type": "Polygon", "coordinates": [[[80.24297453190371, 13.042465978535319], [80.24312844869287, 13.042459597845522], [80.24313891306768, 13.042699561425522], [80.24305859200132, 13.042702891168304], [80.24305495221877, 13.042619425602794], [80.24298136771883, 13.042622476079401], [80.24297453190371, 13.042465978535319]]]}, "properties": {"source": "microsoft", "height": -1.0, "confidence": -1.0}}, {"type": "Feature", "geometry": {"type": "Polygon", "coordinates": [[[80.23698013509178, 13.0400387850612], [80.23701436439882, 13.040277132396213], [80.23691439722772, 13.040290757884662], [80.23688016792069, 13.040052410562765], [80.23698013509178, 13.0400387850612]]]}, "properties": {"source": "microsoft", "height": -1.0, "confidence": -1.0}}, {"type": "Feature", "geometry": {"type": "Polygon", "coordinates": [[[80.24154316343233, 13.047988453158695], [80.24141503035274, 13.048015413508068], [80.2413677455967, 13.047802140149955], [80.24149588052694, 13.047775188124419], [80.24154316343233, 13.047988453158695]]]}, "properties": {"source": "microsoft", "height": -1.0, "confidence": -1.0}}, {"type": "Feature", "geometry": {"type": "Polygon", "coordinates": [[[80.23400111978923, 13.042779430238525], [80.23408404040077, 13.042775195546625], [80.23408894811449, 13.042866400351272], [80.23400602750299, 13.042870635041623], [80.23400111978923, 13.042779430238525]]]}, "properties": {"source": "microsoft", "height": -1.0, "confidence": -1.0}}, {"type": "Feature", "geometry": {"type": "Polygon", "coordinates": [[[80.23593414615736, 13.045858263631985], [80.23601721869481, 13.045855816748329], [80.23601981142944, 13.045939355739861], [80.235936738892, 13.045941802622707], [80.23593414615736, 13.045858263631985]]]}, "properties": {"source": "microsoft", "height": -1.0, "confidence": -1.0}}, {"type": "Feature", "geometry": {"type": "Polygon", "coordinates": [[[80.23619780276755, 13.03917662545085], [80.23629417254439, 13.039172459501899], [80.23630593211226, 13.039430643068926], [80.23620956233543, 13.039434809013486], [80.23619780276755, 13.03917662545085]]]}, "properties": {"source": "microsoft", "height": -1.0, "confidence": -1.0}}, {"type": "Feature", "geometry": {"type": "Polygon", "coordinates": [[[80.23693103684924, 13.041698587963296], [80.2368346640971, 13.041702721143139], [80.23682747522429, 13.041543634920785], [80.23692384797643, 13.041539501738285], [80.23693103684924, 13.041698587963296]]]}, "properties": {"source": "microsoft", "height": -1.0, "confidence": -1.0}}, {"type": "Feature", "geometry": {"type": "Polygon", "coordinates": [[[80.23761237305358, 13.042143849311458], [80.23773025526137, 13.042139959108624], [80.23773378738488, 13.042241750293243], [80.2376159051771, 13.042245640494457], [80.23761237305358, 13.042143849311458]]]}, "properties": {"source": "microsoft", "height": -1.0, "confidence": -1.0}}, {"type": "Feature", "geometry": {"type": "Polygon", "coordinates": [[[80.23779876369053, 13.037894605224523], [80.23790859157324, 13.037890748612767], [80.23791515715864, 13.038068206389951], [80.23780532927593, 13.038072062998921], [80.23779876369053, 13.037894605224523]]]}, "properties": {"source": "microsoft", "height": -1.0, "confidence": -1.0}}, {"type": "Feature", "geometry": {"type": "Polygon", "coordinates": [[[80.23865195520426, 13.03970148585148], [80.23875191685278, 13.039694922243896], [80.2387787588024, 13.040082503247802], [80.23867876943545, 13.04008906866514], [80.23865195520426, 13.03970148585148]]]}, "properties": {"source": "microsoft", "height": -1.0, "confidence": -1.0}}, {"type": "Feature", "geometry": {"type": "Polygon", "coordinates": [[[80.23871503850845, 13.044901063198083], [80.23890748921893, 13.044530913047524], [80.23903556400398, 13.044594110064466], [80.23901610269618, 13.044631540994189], [80.23904171765321, 13.044644180393732], [80.23886872825054, 13.044976899502984], [80.23871503850845, 13.044901063198083]]]}, "properties": {"source": "microsoft", "height": -1.0, "confidence": -1.0}}, {"type": "Feature", "geometry": {"type": "Polygon", "coordinates": [[[80.24033755249216, 13.039961048574185], [80.24034347092906, 13.040055958699384], [80.24028587532646, 13.040059371346516], [80.24029669066253, 13.040232610179643], [80.24016988220323, 13.04024011516617], [80.24015316058626, 13.039971961570757], [80.24033755249216, 13.039961048574185]]]}, "properties": {"source": "microsoft", "height": -1.0, "confidence": -1.0}}, {"type": "Feature", "geometry": {"type": "Polygon", "coordinates": [[[80.24039083504542, 13.04378209975448], [80.24044695881376, 13.043785383049055], [80.24044069247516, 13.043886923531716], [80.24038456870682, 13.043883640238477], [80.24039083504542, 13.04378209975448]]]}, "properties": {"source": "microsoft", "height": -1.0, "confidence": -1.0}}, {"type": "Feature", "geometry": {"type": "Polygon", "coordinates": [[[80.24168141098177, 13.04440138626498], [80.2416171638671, 13.044398617759626], [80.24162017889773, 13.044332318967278], [80.2416844258136, 13.044335091845298], [80.24168141098177, 13.04440138626498]]]}, "properties": {"source": "microsoft", "height": -1.0, "confidence": -1.0}}, {"type": "Feature", "geometry": {"type": "Polygon", "coordinates": [[[80.24230725854284, 13.042903584195344], [80.24221074622614, 13.042905663638749], [80.24220778162764, 13.042775076898593], [80.24230429394434, 13.042772997454108], [80.24230725854284, 13.042903584195344]]]}, "properties": {"source": "microsoft", "height": -1.0, "confidence": -1.0}}, {"type": "Feature", "geometry": {"type": "Polygon", "coordinates": [[[80.2426512970542, 13.03892243898116], [80.24245851709132, 13.03894109111593], [80.24243608019034, 13.038721152319951], [80.24237921067228, 13.03872665464911], [80.24235399422123, 13.038479294755064], [80.24245492198223, 13.038469522741892], [80.24246800527251, 13.03859786285598], [80.2425992334524, 13.03858516605375], [80.24261454333777, 13.038735242041753], [80.24263204115316, 13.038733549065654], [80.2426512970542, 13.03892243898116]]]}, "properties": {"source": "microsoft", "height": -1.0, "confidence": -1.0}}, {"type": "Feature", "geometry": {"type": "Polygon", "coordinates": [[[80.24307769862736, 13.042095081641591], [80.24311087271496, 13.042289918920986], [80.24296469105306, 13.042313541079608], [80.24293151861707, 13.042118713518988], [80.24307769862736, 13.042095081641591]]]}, "properties": {"source": "microsoft", "height": -1.0, "confidence": -1.0}}, {"type": "Feature", "geometry": {"type": "Polygon", "coordinates": [[[80.23500596346373, 13.040043647274544], [80.23488829425328, 13.040049881265347], [80.23488291327219, 13.03995348377947], [80.23500058248268, 13.039947249786195], [80.23500596346373, 13.040043647274544]]]}, "properties": {"source": "microsoft", "height": -1.0, "confidence": -1.0}}, {"type": "Feature", "geometry": {"type": "Polygon", "coordinates": [[[80.23631539479479, 13.040093524556099], [80.23628654484408, 13.03988716360469], [80.23650100919811, 13.03985869254214], [80.2365298757121, 13.040065065942642], [80.23631539479479, 13.040093524556099]]]}, "properties": {"source": "microsoft", "height": -1.0, "confidence": -1.0}}, {"type": "Feature", "geometry": {"type": "Polygon", "coordinates": [[[80.23304779020671, 13.045151546937191], [80.23298930950551, 13.045156961777764], [80.23297870604588, 13.04504819805993], [80.23303718674708, 13.045042783216985], [80.23304779020671, 13.045151546937191]]]}, "properties": {"source": "microsoft", "height": -1.0, "confidence": -1.0}}, {"type": "Feature", "geometry": {"type": "Polygon", "coordinates": [[[80.23792260179283, 13.04568636665769], [80.23800751620345, 13.045659491008962], [80.23805679205661, 13.045807246698857], [80.23797187939248, 13.045834127568313], [80.23792260179283, 13.04568636665769]]]}, "properties": {"source": "microsoft", "height": -1.0, "confidence": -1.0}}, {"type": "Feature", "geometry": {"type": "Polygon", "coordinates": [[[80.24023112929608, 13.039515324894396], [80.24022905340797, 13.039418684442026], [80.2403014413509, 13.039417208664716], [80.24030351723898, 13.039513849117668], [80.24023112929608, 13.039515324894396]]]}, "properties": {"source": "microsoft", "height": -1.0, "confidence": -1.0}}, {"type": "Feature", "geometry": {"type": "Polygon", "coordinates": [[[80.23458138023813, 13.045074660550043], [80.23464077547585, 13.045068221493693], [80.23464560639707, 13.045110539226144], [80.23458621370547, 13.045116973955828], [80.23458138023813, 13.045074660550043]]]}, "properties": {"source": "microsoft", "height": -1.0, "confidence": -1.0}}, {"type": "Feature", "geometry": {"type": "Polygon", "coordinates": [[[80.24192466402744, 13.038795754255688], [80.24181223860943, 13.038807697338683], [80.24179749766252, 13.038675997451676], [80.24182665526962, 13.038672900003533], [80.24181810473021, 13.038596506976148], [80.24177412586418, 13.038601181904781], [80.2417692091356, 13.03855728257598], [80.2418964404104, 13.03854375796071], [80.24192466402744, 13.038795754255688]]]}, "properties": {"source": "microsoft", "height": -1.0, "confidence": -1.0}}, {"type": "Feature", "geometry": {"type": "Polygon", "coordinates": [[[80.23887168123623, 13.040703175652908], [80.23898576057736, 13.040691515887985], [80.23899884235003, 13.040812991447837], [80.2388847630089, 13.04082465120706], [80.23887168123623, 13.040703175652908]]]}, "properties": {"source": "microsoft", "height": -1.0, "confidence": -1.0}}, {"type": "Feature", "geometry": {"type": "Polygon", "coordinates": [[[80.23995870413029, 13.039299198493211], [80.2401595838589, 13.039259340745957], [80.24018108922866, 13.039362208770584], [80.23998020950005, 13.039402066501296], [80.23995870413029, 13.039299198493211]]]}, "properties": {"source": "microsoft", "height": -1.0, "confidence": -1.0}}, {"type": "Feature", "geometry": {"type": "Polygon", "coordinates": [[[80.24029368946944, 13.0471778824475], [80.24017740082269, 13.047179246199931], [80.24017649161729, 13.047106093790944], [80.2402927855188, 13.047104729976468], [80.24029368946944, 13.0471778824475]]]}, "properties": {"source": "microsoft", "height": -1.0, "confidence": -1.0}}, {"type": "Feature", "geometry": {"type": "Polygon", "coordinates": [[[80.23330718278885, 13.04276033174861], [80.23316770792007, 13.04276033174861], [80.23316770792007, 13.042640133114645], [80.23330718278885, 13.042640133114645], [80.23330718278885, 13.04276033174861]]]}, "properties": {"source": "microsoft", "height": -1.0, "confidence": -1.0}}, {"type": "Feature", "geometry": {"type": "Polygon", "coordinates": [[[80.23397377625132, 13.038427092951082], [80.23388805649674, 13.038430097153409], [80.23388285274731, 13.038289174308076], [80.23396857250188, 13.038286170104044], [80.23397377625132, 13.038427092951082]]]}, "properties": {"source": "microsoft", "height": -1.0, "confidence": -1.0}}, {"type": "Feature", "geometry": {"type": "Polygon", "coordinates": [[[80.2345882542803, 13.041272400400985], [80.23459703037567, 13.041533423105136], [80.23449789500192, 13.041536586505714], [80.23448911890651, 13.041275563804902], [80.2345882542803, 13.041272400400985]]]}, "properties": {"source": "microsoft", "height": -1.0, "confidence": -1.0}}, {"type": "Feature", "geometry": {"type": "Polygon", "coordinates": [[[80.23491331639936, 13.03962322889521], [80.23500301570886, 13.03940161429027], [80.23509022248543, 13.039435120673943], [80.2350005093979, 13.039656729955098], [80.23491331639936, 13.03962322889521]]]}, "properties": {"source": "microsoft", "height": -1.0, "confidence": -1.0}}, {"type": "Feature", "geometry": {"type": "Polygon", "coordinates": [[[80.23487260169907, 13.042519607108801], [80.2351300012491, 13.042480697983407], [80.2351410885925, 13.04248424802637], [80.23518216485778, 13.0424780388404], [80.23523049032076, 13.042493508816293], [80.23523605864293, 13.042477000238534], [80.23532077670097, 13.042504120233076], [80.23533186564842, 13.042502444001556], [80.23538649754491, 13.042519932794889], [80.23532841673654, 13.042692090019827], [80.23525150934452, 13.042667470399095], [80.23524449261664, 13.042623415971676], [80.2351342663732, 13.04258813029827], [80.23512220126577, 13.042512379661545], [80.23507546191301, 13.04265094921891], [80.23502741147402, 13.042658212632503], [80.2350359458914, 13.042711795843516], [80.23496038590869, 13.042723217659358], [80.23490207159882, 13.042704550065068], [80.23487260169907, 13.042519607108801]]]}, "properties": {"source": "microsoft", "height": -1.0, "confidence": -1.0}}, {"type": "Feature", "geometry": {"type": "Polygon", "coordinates": [[[80.23553573146756, 13.046047949463883], [80.23536935771492, 13.046068232084664], [80.23535567133425, 13.045961686414756], [80.2355220436522, 13.04594139261647], [80.23553573146756, 13.046047949463883]]]}, "properties": {"source": "microsoft", "height": -1.0, "confidence": -1.0}}, {"type": "Feature", "geometry": {"type": "Polygon", "coordinates": [[[80.23556321599094, 13.045928952072188], [80.23572661808572, 13.04590249186576], [80.23574726764582, 13.046023462278356], [80.23558385894377, 13.046049934683367], [80.23556321599094, 13.045928952072188]]]}, "properties": {"source": "microsoft", "height": -1.0, "confidence": -1.0}}, {"type": "Feature", "geometry": {"type": "Polygon", "coordinates": [[[80.23623313071936, 13.039892396073498], [80.23626748274214, 13.04011469489663], [80.23610369037124, 13.040138706120032], [80.23606935396508, 13.039916405029146], [80.23623313071936, 13.039892396073498]]]}, "properties": {"source": "microsoft", "height": -1.0, "confidence": -1.0}}, {"type": "Feature", "geometry": {"type": "Polygon", "coordinates": [[[80.23793807883408, 13.047094092028402], [80.23803640334013, 13.047084840557389], [80.23805924658004, 13.047315245205311], [80.23796092207398, 13.047324496667684], [80.23793807883408, 13.047094092028402]]]}, "properties": {"source": "microsoft", "height": -1.0, "confidence": -1.0}}, {"type": "Feature", "geometry": {"type": "Polygon", "coordinates": [[[80.23830730942223, 13.040115902025775], [80.23830147578006, 13.03995542440704], [80.23845149133915, 13.039950248704756], [80.23845732535267, 13.04011073654273], [80.23830730942223, 13.040115902025775]]]}, "properties": {"source": "microsoft", "height": -1.0, "confidence": -1.0}}, {"type": "Feature", "geometry": {"type": "Polygon", "coordinates": [[[80.23895497739632, 13.043348331654542], [80.23909862471959, 13.04338864504929], [80.23908934965759, 13.043420011165168], [80.23894570233436, 13.04337969777552], [80.23895497739632, 13.043348331654542]]]}, "properties": {"source": "microsoft", "height": -1.0, "confidence": -1.0}}, {"type": "Feature", "geometry": {"type": "Polygon", "coordinates": [[[80.2395228094383, 13.03905220115233], [80.2394209645204, 13.03905496495149], [80.23941495617046, 13.038844829534739], [80.23951680128677, 13.03884207267211], [80.2395228094383, 13.03905220115233]]]}, "properties": {"source": "microsoft", "height": -1.0, "confidence": -1.0}}, {"type": "Feature", "geometry": {"type": "Polygon", "coordinates": [[[80.24070235372108, 13.03925585978513], [80.24058719093357, 13.039260202096727], [80.24058356950944, 13.039168881874602], [80.24069873229695, 13.039164539561384], [80.24070235372108, 13.03925585978513]]]}, "properties": {"source": "microsoft", "height": -1.0, "confidence": -1.0}}, {"type": "Feature", "geometry": {"type": "Polygon", "coordinates": [[[80.24151661975263, 13.047083883865497], [80.24152134686621, 13.047117215889472], [80.24163356278261, 13.04710210495027], [80.24166193956286, 13.047302095113253], [80.2414181122466, 13.04733492874999], [80.24138502245154, 13.047101604693466], [80.24151661975263, 13.047083883865497]]]}, "properties": {"source": "microsoft", "height": -1.0, "confidence": -1.0}}, {"type": "Feature", "geometry": {"type": "Polygon", "coordinates": [[[80.24202233005191, 13.048186072556803], [80.24193279915474, 13.048197963871857], [80.24190443703924, 13.047995307288915], [80.24202556707655, 13.047979219025848], [80.24203813257077, 13.048069003614245], [80.24200653343058, 13.048073200551002], [80.24202233005191, 13.048186072556803]]]}, "properties": {"source": "microsoft", "height": -1.0, "confidence": -1.0}}, {"type": "Feature", "geometry": {"type": "Polygon", "coordinates": [[[80.23571374960923, 13.042104817970142], [80.23559740366028, 13.04227215307914], [80.23550822332727, 13.042213298802835], [80.2356245746184, 13.04204597325986], [80.23571374960923, 13.042104817970142]]]}, "properties": {"source": "microsoft", "height": -1.0, "confidence": -1.0}}, {"type": "Feature", "geometry": {"type": "Polygon", "coordinates": [[[80.23637277273203, 13.047279131435701], [80.23629490411024, 13.04729888710466], [80.2362814569026, 13.047248571619761], [80.23635932685326, 13.047228820918988], [80.23637277273203, 13.047279131435701]]]}, "properties": {"source": "microsoft", "height": -1.0, "confidence": -1.0}}, {"type": "Feature", "geometry": {"type": "Polygon", "coordinates": [[[80.23424407971673, 13.047797973753447], [80.2342318024066, 13.047827016795765], [80.2341974030824, 13.047813216410091], [80.23420968039254, 13.047784173366125], [80.23424407971673, 13.047797973753447]]]}, "properties": {"source": "microsoft", "height": -1.0, "confidence": -1.0}}, {"type": "Feature", "geometry": {"type": "Polygon", "coordinates": [[[80.23856510196418, 13.039797028032908], [80.23842861392498, 13.039803309789448], [80.23840497115505, 13.039315758149499], [80.23854145919424, 13.039309476380595], [80.23856510196418, 13.039797028032908]]]}, "properties": {"source": "microsoft", "height": -1.0, "confidence": -1.0}}, {"type": "Feature", "geometry": {"type": "Polygon", "coordinates": [[[80.24103263169955, 13.041290913745186], [80.24098815000083, 13.041297777251344], [80.24097405956354, 13.041211108411972], [80.24101854126222, 13.041204244903412], [80.24103263169955, 13.041290913745186]]]}, "properties": {"source": "microsoft", "height": -1.0, "confidence": -1.0}}, {"type": "Feature", "geometry": {"type": "Polygon", "coordinates": [[[80.23716539766284, 13.041507349400177], [80.23712263013743, 13.041509798875907], [80.23712263013743, 13.041509798875907], [80.23703174914598, 13.041515004011785], [80.23702844909023, 13.041460319461407], [80.23698568156483, 13.041462768937592], [80.23697232419626, 13.041241426588655], [80.23708191598011, 13.041235149800244], [80.23708474459933, 13.041282022315386], [80.23715156885774, 13.041278195006015], [80.23716539766284, 13.041507349400177]]]}, "properties": {"source": "microsoft", "height": -1.0, "confidence": -1.0}}, {"type": "Feature", "geometry": {"type": "Polygon", "coordinates": [[[80.24229063372583, 13.039358371063742], [80.24230922271805, 13.039467733304647], [80.24217347034352, 13.03948963337308], [80.24215488135128, 13.03938027114188], [80.24229063372583, 13.039358371063742]]]}, "properties": {"source": "microsoft", "height": -1.0, "confidence": -1.0}}, {"type": "Feature", "geometry": {"type": "Polygon", "coordinates": [[[80.24249024044514, 13.039564109314398], [80.24266173153032, 13.03954752868772], [80.24269139330211, 13.039838904194738], [80.24251992176615, 13.039855471220136], [80.24249024044514, 13.039564109314398]]]}, "properties": {"source": "microsoft", "height": -1.0, "confidence": -1.0}}, {"type": "Feature", "geometry": {"type": "Polygon", "coordinates": [[[80.2384466428176, 13.046209951331349], [80.23845618653206, 13.046281912803082], [80.23833219357776, 13.046297527560455], [80.23832264986335, 13.046225566093256], [80.2384466428176, 13.046209951331349]]]}, "properties": {"source": "microsoft", "height": -1.0, "confidence": -1.0}}, {"type": "Feature", "geometry": {"type": "Polygon", "coordinates": [[[80.24286622904623, 13.04148814381908], [80.24298656981159, 13.041481743713376], [80.24300467258446, 13.041804796044332], [80.24288433181907, 13.041811196141666], [80.24286622904623, 13.04148814381908]]]}, "properties": {"source": "microsoft", "height": -1.0, "confidence": -1.0}}, {"type": "Feature", "geometry": {"type": "Polygon", "coordinates": [[[80.24291075491662, 13.04279605885354], [80.24291553585383, 13.042837341575193], [80.24295261480974, 13.042833266178036], [80.2429711409414, 13.042993236661943], [80.24279104315565, 13.043013031434683], [80.24276773608676, 13.042811778244541], [80.24291075491662, 13.04279605885354]]]}, "properties": {"source": "microsoft", "height": -1.0, "confidence": -1.0}}, {"type": "Feature", "geometry": {"type": "Polygon", "coordinates": [[[80.24032257979657, 13.039091934870015], [80.24041519681394, 13.039088556334008], [80.2404188552678, 13.039183920037203], [80.24032624484954, 13.039187292016592], [80.24032257979657, 13.039091934870015]]]}, "properties": {"source": "microsoft", "height": -1.0, "confidence": -1.0}}, {"type": "Feature", "geometry": {"type": "Polygon", "coordinates": [[[80.24107324046622, 13.042621199751267], [80.24093329702248, 13.042638346366331], [80.24091071503119, 13.042463428188455], [80.24105065847495, 13.04244628156124], [80.24107324046622, 13.042621199751267]]]}, "properties": {"source": "microsoft", "height": -1.0, "confidence": -1.0}}, {"type": "Feature", "geometry": {"type": "Polygon", "coordinates": [[[80.24254397099723, 13.04299851931431], [80.2423269831332, 13.043005990747773], [80.24232376392341, 13.042917259218527], [80.24254075178744, 13.042909787782364], [80.24254397099723, 13.04299851931431]]]}, "properties": {"source": "microsoft", "height": -1.0, "confidence": -1.0}}, {"type": "Feature", "geometry": {"type": "Polygon", "coordinates": [[[80.23316857171707, 13.04360738998156], [80.23330256885106, 13.043611181556557], [80.2332982773415, 13.043754775311243], [80.23316428020752, 13.043750983738448], [80.23316857171707, 13.04360738998156]]]}, "properties": {"source": "microsoft", "height": -1.0, "confidence": -1.0}}, {"type": "Feature", "geometry": {"type": "Polygon", "coordinates": [[[80.23577041327636, 13.041443184801182], [80.23579089266134, 13.04164238961647], [80.23573512566068, 13.041647830838087], [80.23571464627574, 13.041448626027176], [80.23577041327636, 13.041443184801182]]]}, "properties": {"source": "microsoft", "height": -1.0, "confidence": -1.0}}, {"type": "Feature", "geometry": {"type": "Polygon", "coordinates": [[[80.23730345126903, 13.041695471738123], [80.23729345582284, 13.04149614331655], [80.23738443349679, 13.041491807291678], [80.23739442925333, 13.041691141905162], [80.23730345126903, 13.041695471738123]]]}, "properties": {"source": "microsoft", "height": -1.0, "confidence": -1.0}}, {"type": "Feature", "geometry": {"type": "Polygon", "coordinates": [[[80.23828511511404, 13.04561275775768], [80.23822775817268, 13.04562811521788], [80.23818662336839, 13.045482350147424], [80.2382439803097, 13.0454669926782], [80.23828511511404, 13.04561275775768]]]}, "properties": {"source": "microsoft", "height": -1.0, "confidence": -1.0}}, {"type": "Feature", "geometry": {"type": "Polygon", "coordinates": [[[80.23912679599682, 13.038158158968471], [80.2391304210773, 13.038197034059607], [80.23906763303972, 13.038202591017978], [80.23906400518935, 13.038163716172889], [80.23912679599682, 13.038158158968471]]]}, "properties": {"source": "microsoft", "height": -1.0, "confidence": -1.0}}, {"type": "Feature", "geometry": {"type": "Polygon", "coordinates": [[[80.23959048064374, 13.04137969436502], [80.23972038589801, 13.04137560224224], [80.23972554330692, 13.04153098839096], [80.23959562660795, 13.041535072013517], [80.23959048064374, 13.04137969436502]]]}, "properties": {"source": "microsoft", "height": -1.0, "confidence": -1.0}}, {"type": "Feature", "geometry": {"type": "Polygon", "coordinates": [[[80.23996822067151, 13.042795489970871], [80.23970469572062, 13.042817931974753], [80.23967188644393, 13.042452291001752], [80.23973447072711, 13.04244696126446], [80.23973633372547, 13.042467706740553], [80.23980021817417, 13.042462266280268], [80.23980254692208, 13.042488198123465], [80.23991564299942, 13.042478566754923], [80.23992994564169, 13.042637961724594], [80.23995390230995, 13.04263591991996], [80.23996822067151, 13.042795489970871]]]}, "properties": {"source": "microsoft", "height": -1.0, "confidence": -1.0}}, {"type": "Feature", "geometry": {"type": "Polygon", "coordinates": [[[80.2331753603138, 13.045909800998146], [80.23334127592116, 13.045902051923875], [80.23334576629736, 13.045993296482692], [80.23317985068998, 13.046001045554107], [80.2331753603138, 13.045909800998146]]]}, "properties": {"source": "microsoft", "height": -1.0, "confidence": -1.0}}, {"type": "Feature", "geometry": {"type": "Polygon", "coordinates": [[[80.24118090530995, 13.038660359552864], [80.24118622663485, 13.038848356590762], [80.24108438013769, 13.038851092657708], [80.24107905881279, 13.038663095621885], [80.24118090530995, 13.038660359552864]]]}, "properties": {"source": "microsoft", "height": -1.0, "confidence": -1.0}}, {"type": "Feature", "geometry": {"type": "Polygon", "coordinates": [[[80.24201038953241, 13.044954788667809], [80.24197037239621, 13.045048277985344], [80.2417670160807, 13.044965668150567], [80.24180703321692, 13.044872178801796], [80.24201038953241, 13.044954788667809]]]}, "properties": {"source": "microsoft", "height": -1.0, "confidence": -1.0}}, {"type": "Feature", "geometry": {"type": "Polygon", "coordinates": [[[80.24243673730454, 13.044725186602136], [80.24236435262046, 13.044726736312072], [80.24236349261007, 13.044688612963029], [80.24230451258781, 13.04468987970931], [80.24230101264448, 13.04453473087058], [80.24240440819923, 13.044532517235965], [80.24240600402375, 13.044603033909723], [80.24243396820236, 13.044602435214216], [80.24243673730454, 13.044725186602136]]]}, "properties": {"source": "microsoft", "height": -1.0, "confidence": -1.0}}, {"type": "Feature", "geometry": {"type": "Polygon", "coordinates": [[[80.24247266272857, 13.038449628857677], [80.2426001120251, 13.038444562555313], [80.24260546583993, 13.038572389578036], [80.24247802571136, 13.038577455513334], [80.24247266272857, 13.038449628857677]]]}, "properties": {"source": "microsoft", "height": -1.0, "confidence": -1.0}}, {"type": "Feature", "geometry": {"type": "Polygon", "coordinates": [[[80.23717558517738, 13.04379215863527], [80.23718140474182, 13.043768617660902], [80.23719630333274, 13.043894837077985], [80.23689041344072, 13.043929083388647], [80.23688456454835, 13.043879501977173], [80.23690035435753, 13.043815611379756], [80.23692811112478, 13.04381250383264], [80.23696581616451, 13.043821347522965], [80.23700007486127, 13.04381751204346], [80.23711723853619, 13.043845000687185], [80.23714301049611, 13.043842113595062], [80.23713870505195, 13.043805616074465], [80.23701181143554, 13.043775844611702], [80.23700913033676, 13.043753116763597], [80.23717558517738, 13.04379215863527]]]}, "properties": {"source": "microsoft", "height": -1.0, "confidence": -1.0}}, {"type": "Feature", "geometry": {"type": "Polygon", "coordinates": [[[80.23719697125497, 13.04462067562929], [80.23727474053223, 13.044619631032816], [80.23727633044504, 13.04473196837219], [80.23719856116777, 13.044733012968209], [80.23719697125497, 13.04462067562929]]]}, "properties": {"source": "microsoft", "height": -1.0, "confidence": -1.0}}, {"type": "Feature", "geometry": {"type": "Polygon", "coordinates": [[[80.23820770512293, 13.047451448836185], [80.23832418952902, 13.047438431681911], [80.23835668377048, 13.047714387407737], [80.23824019936436, 13.047727404547501], [80.23820770512293, 13.047451448836185]]]}, "properties": {"source": "microsoft", "height": -1.0, "confidence": -1.0}}, {"type": "Feature", "geometry": {"type": "Polygon", "coordinates": [[[80.23913368643265, 13.042293069099316], [80.2392516199914, 13.042290013479217], [80.23925594293577, 13.042447947530349], [80.23913800959696, 13.042451011183886], [80.23913368643265, 13.042293069099316]]]}, "properties": {"source": "microsoft", "height": -1.0, "confidence": -1.0}}, {"type": "Feature", "geometry": {"type": "Polygon", "coordinates": [[[80.24137092669086, 13.041712871356992], [80.24146151848385, 13.041705669130309], [80.2414936068556, 13.04208873288745], [80.24140301454862, 13.042095928966944], [80.24137092669086, 13.041712871356992]]]}, "properties": {"source": "microsoft", "height": -1.0, "confidence": -1.0}}, {"type": "Feature", "geometry": {"type": "Polygon", "coordinates": [[[80.23308372918443, 13.040443336725758], [80.23308705914314, 13.040531123549073], [80.23301205951658, 13.04053381850187], [80.2330087297516, 13.040446036786307], [80.23308372918443, 13.040443336725758]]]}, "properties": {"source": "microsoft", "height": -1.0, "confidence": -1.0}}, {"type": "Feature", "geometry": {"type": "Polygon", "coordinates": [[[80.23606820883073, 13.047877300657433], [80.2362343803926, 13.047847876961356], [80.23626788739561, 13.048027463988248], [80.23610171583374, 13.048056887662966], [80.23606820883073, 13.047877300657433]]]}, "properties": {"source": "microsoft", "height": -1.0, "confidence": -1.0}}, {"type": "Feature", "geometry": {"type": "Polygon", "coordinates": [[[80.23609668016434, 13.045906379566901], [80.23604571819305, 13.045906379566901], [80.23604571819305, 13.04585411996328], [80.23609668016434, 13.04585411996328], [80.23609668016434, 13.045906379566901]]]}, "properties": {"source": "microsoft", "height": -1.0, "confidence": -1.0}}, {"type": "Feature", "geometry": {"type": "Polygon", "coordinates": [[[80.23622258737679, 13.044669848347453], [80.23624057686162, 13.04485897278127], [80.23614749879204, 13.044867375294288], [80.23612950930722, 13.044678250866923], [80.23622258737679, 13.044669848347453]]]}, "properties": {"source": "microsoft", "height": -1.0, "confidence": -1.0}}, {"type": "Feature", "geometry": {"type": "Polygon", "coordinates": [[[80.23636616110822, 13.04183461191613], [80.2364653223803, 13.04183186012375], [80.2364692158205, 13.041965016213055], [80.23637005454843, 13.041967768003943], [80.23636616110822, 13.04183461191613]]]}, "properties": {"source": "microsoft", "height": -1.0, "confidence": -1.0}}, {"type": "Feature", "geometry": {"type": "Polygon", "coordinates": [[[80.2370815426766, 13.04239940668569], [80.237189908038, 13.042420405400136], [80.23716937969874, 13.042520948129436], [80.23706101433729, 13.042499949423515], [80.2370815426766, 13.04239940668569]]]}, "properties": {"source": "microsoft", "height": -1.0, "confidence": -1.0}}, {"type": "Feature", "geometry": {"type": "Polygon", "coordinates": [[[80.24090557743656, 13.046839043956268], [80.24098856710319, 13.04682698588482], [80.24102361594007, 13.047055916162947], [80.24094060933683, 13.04706797102449], [80.24090557743656, 13.046839043956268]]]}, "properties": {"source": "microsoft", "height": -1.0, "confidence": -1.0}}, {"type": "Feature", "geometry": {"type": "Polygon", "coordinates": [[[80.24121208691828, 13.043701065804726], [80.24135288486978, 13.043696764994934], [80.24135763651846, 13.04384406970334], [80.24121682830332, 13.04384838042482], [80.24121208691828, 13.043701065804726]]]}, "properties": {"source": "microsoft", "height": -1.0, "confidence": -1.0}}, {"type": "Feature", "geometry": {"type": "Polygon", "coordinates": [[[80.23422065512722, 13.039287037246325], [80.23427040982034, 13.039276500193779], [80.23429191504619, 13.039372845198969], [80.23424215446673, 13.039383386886882], [80.23422065512722, 13.039287037246325]]]}, "properties": {"source": "microsoft", "height": -1.0, "confidence": -1.0}}, {"type": "Feature", "geometry": {"type": "Polygon", "coordinates": [[[80.23431947490714, 13.043377693174946], [80.23420284410109, 13.043405032990265], [80.2341632001536, 13.04324448059549], [80.23427983095961, 13.043217140762422], [80.23431947490714, 13.043377693174946]]]}, "properties": {"source": "microsoft", "height": -1.0, "confidence": -1.0}}, {"type": "Feature", "geometry": {"type": "Polygon", "coordinates": [[[80.2349952873675, 13.046441389398453], [80.23496315875025, 13.046442716902106], [80.23495970050719, 13.046363415503933], [80.23513105262397, 13.046356323819879], [80.23514242697823, 13.046617150451368], [80.23508084731122, 13.046619699022656], [80.23508278095147, 13.046664039522199], [80.23500513702355, 13.046667252937539], [80.2349952873675, 13.046441389398453]]]}, "properties": {"source": "microsoft", "height": -1.0, "confidence": -1.0}}, {"type": "Feature", "geometry": {"type": "Polygon", "coordinates": [[[80.23683326743468, 13.04128385097195], [80.23686097132466, 13.041522627167751], [80.23680005922522, 13.041529338745505], [80.2368055827819, 13.041576945527808], [80.2367261315968, 13.041585694408866], [80.23671954588242, 13.04152893303548], [80.23669835889973, 13.041531266070919], [80.23669746084778, 13.041523525882695], [80.23660605742099, 13.041533590904109], [80.23658029752538, 13.041311707147784], [80.23667701343726, 13.04130105712477], [80.23669527382714, 13.041458441045776], [80.23673235104683, 13.04145435823257], [80.23671409065699, 13.041296974308963], [80.23683326743468, 13.04128385097195]]]}, "properties": {"source": "microsoft", "height": -1.0, "confidence": -1.0}}, {"type": "Feature", "geometry": {"type": "Polygon", "coordinates": [[[80.23720424287345, 13.042838324602684], [80.2372305380201, 13.042763475416052], [80.23725694877936, 13.042772281184625], [80.23723065363271, 13.042847130368614], [80.23720424287345, 13.042838324602684]]]}, "properties": {"source": "microsoft", "height": -1.0, "confidence": -1.0}}, {"type": "Feature", "geometry": {"type": "Polygon", "coordinates": [[[80.23845658601131, 13.041162745978738], [80.23855429740026, 13.04115792245858], [80.238560940062, 13.04128563298444], [80.23846323782449, 13.041290456050362], [80.23845658601131, 13.041162745978738]]]}, "properties": {"source": "microsoft", "height": -1.0, "confidence": -1.0}}, {"type": "Feature", "geometry": {"type": "Polygon", "coordinates": [[[80.24018144324029, 13.038837150206206], [80.24042538038276, 13.03883137866454], [80.24042645758846, 13.038874589875505], [80.24039697063105, 13.038875285524895], [80.24039856265892, 13.03893914838784], [80.24018411242379, 13.038944222268398], [80.24018144324029, 13.038837150206206]]]}, "properties": {"source": "microsoft", "height": -1.0, "confidence": -1.0}}, {"type": "Feature", "geometry": {"type": "Polygon", "coordinates": [[[80.23351307001572, 13.038900089661013], [80.23361760682121, 13.03890271267953], [80.23360987469356, 13.03919518052983], [80.23354018348986, 13.039193431852908], [80.2335457754751, 13.038981914958555], [80.23351092987325, 13.038981040619333], [80.23351307001572, 13.038900089661013]]]}, "properties": {"source": "microsoft", "height": -1.0, "confidence": -1.0}}, {"type": "Feature", "geometry": {"type": "Polygon", "coordinates": [[[80.23672471674708, 13.040315495270278], [80.23663225263076, 13.040334453093237], [80.2365892501879, 13.04013539284027], [80.23669969499576, 13.04011275596676], [80.23671266828428, 13.040172809928478], [80.23669468889699, 13.04017649500014], [80.23672471674708, 13.040315495270278]]]}, "properties": {"source": "microsoft", "height": -1.0, "confidence": -1.0}}, {"type": "Feature", "geometry": {"type": "Polygon", "coordinates": [[[80.23738873508667, 13.046063967480393], [80.23758669922671, 13.046033840716902], [80.23762374265031, 13.04626474759094], [80.23742576442935, 13.046294889967783], [80.23738873508667, 13.046063967480393]]]}, "properties": {"source": "microsoft", "height": -1.0, "confidence": -1.0}}, {"type": "Feature", "geometry": {"type": "Polygon", "coordinates": [[[80.23827008928377, 13.040787716530517], [80.23828011333276, 13.041034235540465], [80.23814353499748, 13.041039506368023], [80.23814480802525, 13.041070813613288], [80.23793451694605, 13.04107892915988], [80.23792320090307, 13.040801127303126], [80.23827008928377, 13.040787716530517]]]}, "properties": {"source": "microsoft", "height": -1.0, "confidence": -1.0}}, {"type": "Feature", "geometry": {"type": "Polygon", "coordinates": [[[80.23887754157, 13.038844388493402], [80.23888638532614, 13.038975767007457], [80.23883030014079, 13.038979350214689], [80.23882145612835, 13.038847967894768], [80.23887754157, 13.038844388493402]]]}, "properties": {"source": "microsoft", "height": -1.0, "confidence": -1.0}}, {"type": "Feature", "geometry": {"type": "Polygon", "coordinates": [[[80.23999349347761, 13.044679447761965], [80.23999730605298, 13.044651068969827], [80.24003392968275, 13.04456949191345], [80.24003442393015, 13.044565811027724], [80.24014678729745, 13.044315487775478], [80.2401618393331, 13.044317406937537], [80.2402931438183, 13.044373343443382], [80.240376512038, 13.04438397304105], [80.24036288860454, 13.044485378759447], [80.24029684877269, 13.044632502310307], [80.24024477344376, 13.044625862619085], [80.24023566004564, 13.044693697929858], [80.24019898401392, 13.044775391667628], [80.24018739674189, 13.044773915062066], [80.24006960135557, 13.04472372556441], [80.24010931753907, 13.044728789441976], [80.23999349347761, 13.044679447761965]]]}, "properties": {"source": "microsoft", "height": -1.0, "confidence": -1.0}}, {"type": "Feature", "geometry": {"type": "Polygon", "coordinates": [[[80.24056566485748, 13.047856144688055], [80.24029640717046, 13.047912376702769], [80.24027881561081, 13.04783243584778], [80.24019675612524, 13.0478495732267], [80.2401819132468, 13.047782123114885], [80.24025371529666, 13.047767127904294], [80.24023942215447, 13.047702175923447], [80.24045482830407, 13.047657190274435], [80.24045537804028, 13.047659688428311], [80.24054000188478, 13.047642015492713], [80.24056748869673, 13.04776692316348], [80.24054697382536, 13.047771207509456], [80.24056566485748, 13.047856144688055]]]}, "properties": {"source": "microsoft", "height": -1.0, "confidence": -1.0}}, {"type": "Feature", "geometry": {"type": "Polygon", "coordinates": [[[80.24175187343472, 13.039573047860642], [80.24167067290962, 13.03958530032287], [80.2416576904466, 13.03950364175762], [80.2417388909717, 13.039491389291356], [80.24175187343472, 13.039573047860642]]]}, "properties": {"source": "microsoft", "height": -1.0, "confidence": -1.0}}, {"type": "Feature", "geometry": {"type": "Polygon", "coordinates": [[[80.24232600103275, 13.038797208219933], [80.24232887052703, 13.038856120115625], [80.24238082907473, 13.038853718126205], [80.24238838376357, 13.03900859049773], [80.24224654700683, 13.039015157129782], [80.24223611842851, 13.038801369528386], [80.24232600103275, 13.038797208219933]]]}, "properties": {"source": "microsoft", "height": -1.0, "confidence": -1.0}}, {"type": "Feature", "geometry": {"type": "Polygon", "coordinates": [[[80.24265987854179, 13.043448203595915], [80.24246387451618, 13.043469679782916], [80.24246047824963, 13.043440262328588], [80.24238101654046, 13.043448963541124], [80.2423842935203, 13.043477347768388], [80.2423286703239, 13.043483438616263], [80.2423326634249, 13.043518025667652], [80.24229028417612, 13.043522669166407], [80.24228700722178, 13.043494285164968], [80.2422340331608, 13.043500089538924], [80.24222229370439, 13.043398405843917], [80.24225000778665, 13.043395371097134], [80.24224387650118, 13.04334223063276], [80.24244659602958, 13.04332001861576], [80.2424555331778, 13.043397429575592], [80.24248854456131, 13.043393812513017], [80.24247830291714, 13.043305047151506], [80.24264129052878, 13.043287199678602], [80.24265987854179, 13.043448203595915]]]}, "properties": {"source": "microsoft", "height": -1.0, "confidence": -1.0}}, {"type": "Feature", "geometry": {"type": "Polygon", "coordinates": [[[80.23408757053839, 13.044000324790517], [80.23410442771689, 13.04412356035958], [80.23413605263373, 13.044119454808296], [80.23414658837034, 13.044196477009066], [80.23400691165426, 13.044214609854407], [80.23397951873916, 13.044014352097207], [80.23408757053839, 13.044000324790517]]]}, "properties": {"source": "microsoft", "height": -1.0, "confidence": -1.0}}, {"type": "Feature", "geometry": {"type": "Polygon", "coordinates": [[[80.23465043907537, 13.041242208306087], [80.23476733397261, 13.041231049857942], [80.23479789485607, 13.041534900883434], [80.23468099916482, 13.041546051423339], [80.23465043907537, 13.041242208306087]]]}, "properties": {"source": "microsoft", "height": -1.0, "confidence": -1.0}}, {"type": "Feature", "geometry": {"type": "Polygon", "coordinates": [[[80.23645101579457, 13.042250783794756], [80.23637060416158, 13.042419350565766], [80.23625148995988, 13.04236542312563], [80.23633189840666, 13.042196862997173], [80.23645101579457, 13.042250783794756]]]}, "properties": {"source": "microsoft", "height": -1.0, "confidence": -1.0}}, {"type": "Feature", "geometry": {"type": "Polygon", "coordinates": [[[80.23712543679562, 13.038678290752017], [80.23703029236745, 13.038666989768984], [80.23703852732599, 13.03860122524317], [80.23713367095374, 13.038612532621443], [80.23712543679562, 13.038678290752017]]]}, "properties": {"source": "microsoft", "height": -1.0, "confidence": -1.0}}, {"type": "Feature", "geometry": {"type": "Polygon", "coordinates": [[[80.2389673840828, 13.040822887402527], [80.2389717193354, 13.04086032199902], [80.2389266945379, 13.040865267703651], [80.23892504891354, 13.040851057855832], [80.23885883649231, 13.040858335409041], [80.23884897580933, 13.040773189106858], [80.2388092483566, 13.040777555640176], [80.23880133112908, 13.04070919091889], [80.2388648955491, 13.040702208743227], [80.2388799836868, 13.040832493773806], [80.2389673840828, 13.040822887402527]]]}, "properties": {"source": "microsoft", "height": -1.0, "confidence": -1.0}}, {"type": "Feature", "geometry": {"type": "Polygon", "coordinates": [[[80.23926646000135, 13.03991267727747], [80.23916093927107, 13.039917929500746], [80.23915124809669, 13.039732885737934], [80.23925675556777, 13.039727634170703], [80.23926646000135, 13.03991267727747]]]}, "properties": {"source": "microsoft", "height": -1.0, "confidence": -1.0}}, {"type": "Feature", "geometry": {"type": "Polygon", "coordinates": [[[80.24049878538604, 13.038350502676508], [80.24057912064329, 13.038353663260082], [80.24057144265133, 13.038538888358246], [80.24049110739404, 13.038535727777074], [80.24049878538604, 13.038350502676508]]]}, "properties": {"source": "microsoft", "height": -1.0, "confidence": -1.0}}, {"type": "Feature", "geometry": {"type": "Polygon", "coordinates": [[[80.24217681542716, 13.04200022742127], [80.24234974741066, 13.041996784421102], [80.2423534605594, 13.042174395872664], [80.24218054133058, 13.042177838616439], [80.24217681542716, 13.04200022742127]]]}, "properties": {"source": "microsoft", "height": -1.0, "confidence": -1.0}}, {"type": "Feature", "geometry": {"type": "Polygon", "coordinates": [[[80.23320403294981, 13.042899690540864], [80.23331570351601, 13.042889487706972], [80.23333365727045, 13.043075984131718], [80.23321932788126, 13.04308642988235], [80.23321284458105, 13.04301908397025], [80.23321550340404, 13.04301884104575], [80.23320403294981, 13.042899690540864]]]}, "properties": {"source": "microsoft", "height": -1.0, "confidence": -1.0}}, {"type": "Feature", "geometry": {"type": "Polygon", "coordinates": [[[80.23429110293637, 13.044030254922092], [80.23437297055246, 13.044009679782107], [80.23440800439847, 13.04414197696427], [80.23432612787072, 13.044162554332956], [80.23429110293637, 13.044030254922092]]]}, "properties": {"source": "microsoft", "height": -1.0, "confidence": -1.0}}, {"type": "Feature", "geometry": {"type": "Polygon", "coordinates": [[[80.23612135393448, 13.046242340239843], [80.23601074659548, 13.046256993293923], [80.2359910496582, 13.04611588897609], [80.2361016569972, 13.046101235913625], [80.23612135393448, 13.046242340239843]]]}, "properties": {"source": "microsoft", "height": -1.0, "confidence": -1.0}}, {"type": "Feature", "geometry": {"type": "Polygon", "coordinates": [[[80.23873881489178, 13.0396511146878], [80.23860492697179, 13.039656436909226], [80.23859042007322, 13.03930947822495], [80.23872430799322, 13.03930415599605], [80.23873881489178, 13.0396511146878]]]}, "properties": {"source": "microsoft", "height": -1.0, "confidence": -1.0}}, {"type": "Feature", "geometry": {"type": "Polygon", "coordinates": [[[80.23467036624085, 13.039403067646234], [80.23470193087552, 13.039336203135377], [80.23464215267848, 13.039309424295865], [80.23467066267114, 13.039249030522072], [80.23487751347682, 13.03934169348976], [80.23481744639618, 13.039468955114714], [80.23467036624085, 13.039403067646234]]]}, "properties": {"source": "microsoft", "height": -1.0, "confidence": -1.0}}, {"type": "Feature", "geometry": {"type": "Polygon", "coordinates": [[[80.23662188508725, 13.038625931890394], [80.23658124017786, 13.038632657950217], [80.23657484052396, 13.038595968981724], [80.23661548752553, 13.038589239803215], [80.23662188508725, 13.038625931890394]]]}, "properties": {"source": "microsoft", "height": -1.0, "confidence": -1.0}}, {"type": "Feature", "geometry": {"type": "Polygon", "coordinates": [[[80.23886726627151, 13.047704708588057], [80.23870723805803, 13.04772804726177], [80.23868053168088, 13.047554260760634], [80.23881337865899, 13.047534886211807], [80.2388259406191, 13.047616668954447], [80.23885312760127, 13.047612703976313], [80.23886726627151, 13.047704708588057]]]}, "properties": {"source": "microsoft", "height": -1.0, "confidence": -1.0}}, {"type": "Feature", "geometry": {"type": "Polygon", "coordinates": [[[80.23909357366242, 13.039231497622225], [80.23921927100224, 13.03922488971098], [80.23922280913371, 13.039288684210547], [80.2391960651197, 13.039290091966976], [80.23919866614726, 13.039336989945653], [80.2392307589641, 13.039335300638243], [80.2392345160039, 13.03940304214774], [80.23910347033522, 13.039409940150989], [80.23909357366242, 13.039231497622225]]]}, "properties": {"source": "microsoft", "height": -1.0, "confidence": -1.0}}, {"type": "Feature", "geometry": {"type": "Polygon", "coordinates": [[[80.2405556726206, 13.043343223038278], [80.24069223163754, 13.043337720230042], [80.24069655111144, 13.043439453425592], [80.2405599920945, 13.043444956231568], [80.2405556726206, 13.043343223038278]]]}, "properties": {"source": "microsoft", "height": -1.0, "confidence": -1.0}}, {"type": "Feature", "geometry": {"type": "Polygon", "coordinates": [[[80.24072900996212, 13.039143382052103], [80.24082001787708, 13.039139361015202], [80.24082426673156, 13.039230630068488], [80.24073325881659, 13.03923465110394], [80.24072900996212, 13.039143382052103]]]}, "properties": {"source": "microsoft", "height": -1.0, "confidence": -1.0}}, {"type": "Feature", "geometry": {"type": "Polygon", "coordinates": [[[80.23569186737397, 13.047509921962842], [80.235834121361, 13.04746908854122], [80.23590318893542, 13.04769749439319], [80.23576095004702, 13.047738323443099], [80.23569186737397, 13.047509921962842]]]}, "properties": {"source": "microsoft", "height": -1.0, "confidence": -1.0}}, {"type": "Feature", "geometry": {"type": "Polygon", "coordinates": [[[80.24074323511083, 13.043214530724654], [80.2404952249684, 13.043245662217046], [80.24047550746481, 13.04309658274802], [80.2407235176072, 13.043065451236842], [80.24074323511083, 13.043214530724654]]]}, "properties": {"source": "microsoft", "height": -1.0, "confidence": -1.0}}, {"type": "Feature", "geometry": {"type": "Polygon", "coordinates": [[[80.23355984252326, 13.048163925518494], [80.23347031626318, 13.04816380954145], [80.23347054096911, 13.047999193546659], [80.23343030790502, 13.047999141426587], [80.2334304291749, 13.047910301002887], [80.2334974842817, 13.04791038786972], [80.23349752838693, 13.04787807707234], [80.23358703412683, 13.0478781869203], [80.23358689896536, 13.047982705095023], [80.23356007691777, 13.04798267217707], [80.23355984252326, 13.048163925518494]]]}, "properties": {"source": "microsoft", "height": -1.0, "confidence": -1.0}}, {"type": "Feature", "geometry": {"type": "Polygon", "coordinates": [[[80.23403549570307, 13.03977998672464], [80.23387494656508, 13.040117820824833], [80.23377113451285, 13.040070997759585], [80.2337404563336, 13.04013555200595], [80.23368424580882, 13.040110198988572], [80.23372822333955, 13.040017673689604], [80.23365190236638, 13.039983250102068], [80.23373230808926, 13.039814057038143], [80.23380421973641, 13.039846496781706], [80.23387107951464, 13.039705828852874], [80.23403549570307, 13.03977998672464]]]}, "properties": {"source": "microsoft", "height": -1.0, "confidence": -1.0}}, {"type": "Feature", "geometry": {"type": "Polygon", "coordinates": [[[80.23592161607104, 13.045786914077425], [80.23599072191872, 13.04576894326452], [80.23600542938132, 13.045822604207402], [80.23593631993496, 13.045840575952269], [80.23592161607104, 13.045786914077425]]]}, "properties": {"source": "microsoft", "height": -1.0, "confidence": -1.0}}, {"type": "Feature", "geometry": {"type": "Polygon", "coordinates": [[[80.2383385592773, 13.045910613976758], [80.2382003411768, 13.04593004633763], [80.23818460766651, 13.04582378810646], [80.23832281965636, 13.045804366019965], [80.2383385592773, 13.045910613976758]]]}, "properties": {"source": "microsoft", "height": -1.0, "confidence": -1.0}}, {"type": "Feature", "geometry": {"type": "Polygon", "coordinates": [[[80.24047511299855, 13.046935291492588], [80.24048381965044, 13.047155635570235], [80.24036865562032, 13.047159962085757], [80.24035994865865, 13.04693961017145], [80.24047511299855, 13.046935291492588]]]}, "properties": {"source": "microsoft", "height": -1.0, "confidence": -1.0}}, {"type": "Feature", "geometry": {"type": "Polygon", "coordinates": [[[80.24177702230148, 13.047887399730982], [80.24177235565557, 13.047754294059686], [80.24187683992288, 13.047750817581644], [80.2418815065688, 13.047883923254801], [80.24177702230148, 13.047887399730982]]]}, "properties": {"source": "microsoft", "height": -1.0, "confidence": -1.0}}, {"type": "Feature", "geometry": {"type": "Polygon", "coordinates": [[[80.24185905293936, 13.047276311831894], [80.2419245219104, 13.047537720744458], [80.24183936722298, 13.047557966297006], [80.24179153848374, 13.047367047299119], [80.24175266319622, 13.047376287266417], [80.24174056933167, 13.047327998059615], [80.24178956645655, 13.047316348967826], [80.24178400626536, 13.04729415422014], [80.24185905293936, 13.047276311831894]]]}, "properties": {"source": "microsoft", "height": -1.0, "confidence": -1.0}}, {"type": "Feature", "geometry": {"type": "Polygon", "coordinates": [[[80.23486817724358, 13.04006242104812], [80.2347756856209, 13.040066450866973], [80.23477136909337, 13.039972569420598], [80.23486386744719, 13.03996853930694], [80.23486817724358, 13.04006242104812]]]}, "properties": {"source": "microsoft", "height": -1.0, "confidence": -1.0}}, {"type": "Feature", "geometry": {"type": "Polygon", "coordinates": [[[80.23545711644519, 13.04039873822154], [80.23538619012925, 13.040400290587513], [80.23538210729642, 13.040222693295519], [80.23545302085992, 13.040221141207567], [80.23545711644519, 13.04039873822154]]]}, "properties": {"source": "microsoft", "height": -1.0, "confidence": -1.0}}, {"type": "Feature", "geometry": {"type": "Polygon", "coordinates": [[[80.23628646972764, 13.038721210012838], [80.23635832169154, 13.038714988055958], [80.2363425774623, 13.038542425980452], [80.23645168667356, 13.03853298519806], [80.23646601098095, 13.03868998446113], [80.23643407677478, 13.03869274977562], [80.23646530023925, 13.039034969177465], [80.23631627394374, 13.039047873960044], [80.23628646972764, 13.038721210012838]]]}, "properties": {"source": "microsoft", "height": -1.0, "confidence": -1.0}}, {"type": "Feature", "geometry": {"type": "Polygon", "coordinates": [[[80.2366348221964, 13.044835739828386], [80.23649501405653, 13.044853393998835], [80.23647244725214, 13.044683786139103], [80.236612255392, 13.044666131956546], [80.2366348221964, 13.044835739828386]]]}, "properties": {"source": "microsoft", "height": -1.0, "confidence": -1.0}}, {"type": "Feature", "geometry": {"type": "Polygon", "coordinates": [[[80.24003887350075, 13.039954996777851], [80.24007639472491, 13.039953968322322], [80.24007556526338, 13.039925247585458], [80.24012380683732, 13.039923925285336], [80.24012787873949, 13.040064917962354], [80.24004211594138, 13.040067268716768], [80.24003887350075, 13.039954996777851]]]}, "properties": {"source": "microsoft", "height": -1.0, "confidence": -1.0}}, {"type": "Feature", "geometry": {"type": "Polygon", "coordinates": [[[80.24041787933999, 13.03952757207908], [80.24049293602536, 13.039525780893271], [80.24049527058575, 13.03961836235139], [80.24042021402934, 13.039620158651104], [80.24041787933999, 13.03952757207908]]]}, "properties": {"source": "microsoft", "height": -1.0, "confidence": -1.0}}, {"type": "Feature", "geometry": {"type": "Polygon", "coordinates": [[[80.24099618317229, 13.03918829058324], [80.24098322077796, 13.038966902365203], [80.24095113878178, 13.03896868735498], [80.24094680171692, 13.038894613413802], [80.24105908915027, 13.038888373579013], [80.24106122414133, 13.038924837691084], [80.24115212349214, 13.038919786396903], [80.24115456348198, 13.038961459662147], [80.24122407475025, 13.038957596908318], [80.24123047972353, 13.039066989197863], [80.24115407346193, 13.039071235105823], [80.24114979825754, 13.03899830720961], [80.24108296076555, 13.039002021380597], [80.24109356268801, 13.039182872551052], [80.24099618317229, 13.03918829058324]]]}, "properties": {"source": "microsoft", "height": -1.0, "confidence": -1.0}}, {"type": "Feature", "geometry": {"type": "Polygon", "coordinates": [[[80.23314949215498, 13.043977759414716], [80.23315244112149, 13.04414064679618], [80.23309762531504, 13.044141592383056], [80.23309466458201, 13.043978701466898], [80.23314949215498, 13.043977759414716]]]}, "properties": {"source": "microsoft", "height": -1.0, "confidence": -1.0}}, {"type": "Feature", "geometry": {"type": "Polygon", "coordinates": [[[80.2332839018269, 13.04747569421886], [80.23346064293276, 13.047461221509451], [80.23346721699673, 13.047537412394107], [80.23329046942376, 13.047551873577646], [80.2332839018269, 13.04747569421886]]]}, "properties": {"source": "microsoft", "height": -1.0, "confidence": -1.0}}, {"type": "Feature", "geometry": {"type": "Polygon", "coordinates": [[[80.23554227875444, 13.041654662181855], [80.23544284907499, 13.041670004113968], [80.23543000191154, 13.041590982645246], [80.23552943159099, 13.041575640708245], [80.23554227875444, 13.041654662181855]]]}, "properties": {"source": "microsoft", "height": -1.0, "confidence": -1.0}}, {"type": "Feature", "geometry": {"type": "Polygon", "coordinates": [[[80.23689115142751, 13.044275951825995], [80.23677214908633, 13.044304196357658], [80.23671815784654, 13.044088242009238], [80.2368371621027, 13.044060005112428], [80.23689115142751, 13.044275951825995]]]}, "properties": {"source": "microsoft", "height": -1.0, "confidence": -1.0}}, {"type": "Feature", "geometry": {"type": "Polygon", "coordinates": [[[80.23790640577674, 13.038456546308268], [80.23786620671842, 13.038455406073453], [80.23786956189176, 13.038343139695854], [80.23790976095012, 13.038344279931195], [80.23790640577674, 13.038456546308268]]]}, "properties": {"source": "microsoft", "height": -1.0, "confidence": -1.0}}, {"type": "Feature", "geometry": {"type": "Polygon", "coordinates": [[[80.23830388139065, 13.046901607210415], [80.2381611839884, 13.046933490472043], [80.23809895048092, 13.046669151523204], [80.23824164570708, 13.046637258984433], [80.23830388139065, 13.046901607210415]]]}, "properties": {"source": "microsoft", "height": -1.0, "confidence": -1.0}}, {"type": "Feature", "geometry": {"type": "Polygon", "coordinates": [[[80.2395773625963, 13.041402260782334], [80.23960043676055, 13.041817758769483], [80.23949881027421, 13.041823115078088], [80.23947573572626, 13.04140761019086], [80.2395773625963, 13.041402260782334]]]}, "properties": {"source": "microsoft", "height": -1.0, "confidence": -1.0}}, {"type": "Feature", "geometry": {"type": "Polygon", "coordinates": [[[80.24001529207918, 13.040081435336376], [80.2401351424966, 13.040066162098896], [80.24015928932862, 13.04024599777432], [80.24003942620875, 13.040261272619446], [80.24001529207918, 13.040081435336376]]]}, "properties": {"source": "microsoft", "height": -1.0, "confidence": -1.0}}, {"type": "Feature", "geometry": {"type": "Polygon", "coordinates": [[[80.23887595521288, 13.04523077683163], [80.23927621909847, 13.045486848243229], [80.23920051472699, 13.045599152126542], [80.23880025805877, 13.045343058158096], [80.23887595521288, 13.04523077683163]]]}, "properties": {"source": "microsoft", "height": -1.0, "confidence": -1.0}}, {"type": "Feature", "geometry": {"type": "Polygon", "coordinates": [[[80.23952906890197, 13.044846234471237], [80.23946074439527, 13.04500677255308], [80.23943689486573, 13.044997139399939], [80.2393391669425, 13.04522680355943], [80.23920278913896, 13.045171718731922], [80.23927775630608, 13.044995572892944], [80.23929510480387, 13.045002580190015], [80.2393861910236, 13.044788524087025], [80.23952906890197, 13.044846234471237]]]}, "properties": {"source": "microsoft", "height": -1.0, "confidence": -1.0}}, {"type": "Feature", "geometry": {"type": "Polygon", "coordinates": [[[80.24142078125469, 13.047412105738516], [80.2415092785029, 13.047410959294837], [80.24151250319058, 13.047647195305885], [80.2414240060247, 13.047648347781333], [80.24142078125469, 13.047412105738516]]]}, "properties": {"source": "microsoft", "height": -1.0, "confidence": -1.0}}, {"type": "Feature", "geometry": {"type": "Polygon", "coordinates": [[[80.24161607395918, 13.041787345555605], [80.24165367400778, 13.042055191909498], [80.24154572344733, 13.042069581565926], [80.24149984055887, 13.041742731851997], [80.24158275857117, 13.041731684637824], [80.24159104455731, 13.041790680236417], [80.24161607395918, 13.041787345555605]]]}, "properties": {"source": "microsoft", "height": -1.0, "confidence": -1.0}}, {"type": "Feature", "geometry": {"type": "Polygon", "coordinates": [[[80.235657024577, 13.038935497491366], [80.23565457971948, 13.038841487891432], [80.23576984071991, 13.038838642936597], [80.23577228557747, 13.038932652537625], [80.235657024577, 13.038935497491366]]]}, "properties": {"source": "microsoft", "height": -1.0, "confidence": -1.0}}, {"type": "Feature", "geometry": {"type": "Polygon", "coordinates": [[[80.23689036999319, 13.045853783069816], [80.23696034869495, 13.04584104843282], [80.23697073282882, 13.045895223494611], [80.23703034506833, 13.04588437939988], [80.23705599568764, 13.046018201192865], [80.23692640386264, 13.046041775298463], [80.23689036999319, 13.045853783069816]]]}, "properties": {"source": "microsoft", "height": -1.0, "confidence": -1.0}}, {"type": "Feature", "geometry": {"type": "Polygon", "coordinates": [[[80.23704993754345, 13.038591705528262], [80.23704111836547, 13.038424912391463], [80.23718984519834, 13.03841744872372], [80.23719865242542, 13.038584242465305], [80.23704993754345, 13.038591705528262]]]}, "properties": {"source": "microsoft", "height": -1.0, "confidence": -1.0}}, {"type": "Feature", "geometry": {"type": "Polygon", "coordinates": [[[80.23805463071439, 13.040375816976294], [80.2379073380626, 13.04039006797123], [80.2378944218885, 13.040263278745229], [80.23816268094615, 13.04023732388275], [80.23817361689562, 13.040344674616847], [80.23805264827429, 13.040356370438246], [80.23805463071439, 13.040375816976294]]]}, "properties": {"source": "microsoft", "height": -1.0, "confidence": -1.0}}, {"type": "Feature", "geometry": {"type": "Polygon", "coordinates": [[[80.24032042877384, 13.039389339204988], [80.24022299942429, 13.039394447777866], [80.24021968872958, 13.039334521242125], [80.24031711378643, 13.039329412893125], [80.24032042877384, 13.039389339204988]]]}, "properties": {"source": "microsoft", "height": -1.0, "confidence": -1.0}}, {"type": "Feature", "geometry": {"type": "Polygon", "coordinates": [[[80.24077971406264, 13.038888897204615], [80.24073682747796, 13.038889979155428], [80.24073467571984, 13.038809028752198], [80.24067570666587, 13.038810516435035], [80.24067181961891, 13.038664283382332], [80.24077367525754, 13.038661713746805], [80.24077971406264, 13.038888897204615]]]}, "properties": {"source": "microsoft", "height": -1.0, "confidence": -1.0}}, {"type": "Feature", "geometry": {"type": "Polygon", "coordinates": [[[80.24160663277706, 13.038683707012709], [80.24149938472587, 13.038681681411845], [80.24150187977432, 13.038556301805187], [80.24160912782551, 13.03855832740706], [80.24160663277706, 13.038683707012709]]]}, "properties": {"source": "microsoft", "height": -1.0, "confidence": -1.0}}, {"type": "Feature", "geometry": {"type": "Polygon", "coordinates": [[[80.24257782477369, 13.044241390351687], [80.24262839965493, 13.044237079929374], [80.24263128636429, 13.044269224738187], [80.2425807117904, 13.044273538582075], [80.24257782477369, 13.044241390351687]]]}, "properties": {"source": "microsoft", "height": -1.0, "confidence": -1.0}}, {"type": "Feature", "geometry": {"type": "Polygon", "coordinates": [[[80.2330381669213, 13.037861658951428], [80.23295080337739, 13.037876866778987], [80.23293066440566, 13.037767063435325], [80.23311521150961, 13.037734950926676], [80.23312605958645, 13.037794097709451], [80.2331926348528, 13.03778250860195], [80.23322188302043, 13.03794204030848], [80.23314752118995, 13.037954984855844], [80.2331538575995, 13.037989532723671], [80.23306446287779, 13.038005088025557], [80.2330381669213, 13.037861658951428]]]}, "properties": {"source": "microsoft", "height": -1.0, "confidence": -1.0}}, {"type": "Feature", "geometry": {"type": "Polygon", "coordinates": [[[80.23300743300896, 13.045399927291612], [80.2330124592173, 13.045533952240149], [80.2329202988787, 13.04553723862493], [80.23291879257701, 13.045497149566714], [80.23282880893404, 13.045500352196967], [80.23282528591577, 13.04540641013665], [80.23300743300896, 13.045399927291612]]]}, "properties": {"source": "microsoft", "height": -1.0, "confidence": -1.0}}, {"type": "Feature", "geometry": {"type": "Polygon", "coordinates": [[[80.23467318412852, 13.042818176011963], [80.23478286129668, 13.042812649665521], [80.23479199294768, 13.04298464831686], [80.23468231577948, 13.042990174659423], [80.23467318412852, 13.042818176011963]]]}, "properties": {"source": "microsoft", "height": -1.0, "confidence": -1.0}}, {"type": "Feature", "geometry": {"type": "Polygon", "coordinates": [[[80.23474359911481, 13.039891913629532], [80.23483281705133, 13.03985911281275], [80.23486028389233, 13.03993001902397], [80.23477106595581, 13.03996281983133], [80.23474359911481, 13.039891913629532]]]}, "properties": {"source": "microsoft", "height": -1.0, "confidence": -1.0}}, {"type": "Feature", "geometry": {"type": "Polygon", "coordinates": [[[80.23507953174253, 13.040002669518927], [80.23518282901914, 13.039986998354152], [80.23520338616984, 13.040115603420844], [80.23510007877388, 13.040131269068794], [80.23507953174253, 13.040002669518927]]]}, "properties": {"source": "microsoft", "height": -1.0, "confidence": -1.0}}, {"type": "Feature", "geometry": {"type": "Polygon", "coordinates": [[[80.23609559938323, 13.04337881508151], [80.23616663182524, 13.043291293929443], [80.23613439319904, 13.043266461667542], [80.2362147343393, 13.04316747971022], [80.23632948663612, 13.043255877152674], [80.23617811852706, 13.043442382222295], [80.23609559938323, 13.04337881508151]]]}, "properties": {"source": "microsoft", "height": -1.0, "confidence": -1.0}}, {"type": "Feature", "geometry": {"type": "Polygon", "coordinates": [[[80.2365615579148, 13.04789960903723], [80.23660826186693, 13.047891253276802], [80.23664592063292, 13.048090939456827], [80.23651002104678, 13.048115253104385], [80.23645760411426, 13.047837205582297], [80.23654678042432, 13.0478212511277], [80.2365615579148, 13.04789960903723]]]}, "properties": {"source": "microsoft", "height": -1.0, "confidence": -1.0}}, {"type": "Feature", "geometry": {"type": "Polygon", "coordinates": [[[80.23783714223715, 13.047037166252238], [80.23773983790261, 13.047063133325892], [80.23765818135017, 13.04677274220333], [80.23775548394939, 13.046746768927974], [80.23783714223715, 13.047037166252238]]]}, "properties": {"source": "microsoft", "height": -1.0, "confidence": -1.0}}, {"type": "Feature", "geometry": {"type": "Polygon", "coordinates": [[[80.2389463874223, 13.038069800196695], [80.23896797214772, 13.038153351922432], [80.23884689543905, 13.038183038893322], [80.23882531071368, 13.038099487177618], [80.2389463874223, 13.038069800196695]]]}, "properties": {"source": "microsoft", "height": -1.0, "confidence": -1.0}}, {"type": "Feature", "geometry": {"type": "Polygon", "coordinates": [[[80.23987316744031, 13.046490733152297], [80.2399925854554, 13.046485294174332], [80.23999772330617, 13.046592192069468], [80.239878297628, 13.046597631394121], [80.23987316744031, 13.046490733152297]]]}, "properties": {"source": "microsoft", "height": -1.0, "confidence": -1.0}}, {"type": "Feature", "geometry": {"type": "Polygon", "coordinates": [[[80.2393602508294, 13.041023272484509], [80.23936637804962, 13.041256937604032], [80.23926859593846, 13.041259371110158], [80.23926248532004, 13.041025698913757], [80.2393602508294, 13.041023272484509]]]}, "properties": {"source": "microsoft", "height": -1.0, "confidence": -1.0}}, {"type": "Feature", "geometry": {"type": "Polygon", "coordinates": [[[80.24033710963734, 13.03974825840352], [80.24000711744748, 13.039788938771764], [80.23999791910711, 13.039718121898716], [80.24032790842054, 13.039677419373419], [80.24033710963734, 13.03974825840352]]]}, "properties": {"source": "microsoft", "height": -1.0, "confidence": -1.0}}, {"type": "Feature", "geometry": {"type": "Polygon", "coordinates": [[[80.24106805494334, 13.042183223163846], [80.24102362318978, 13.041767028563314], [80.24111649592884, 13.041757618634179], [80.24115556425805, 13.042123573804162], [80.24113034827907, 13.042126126981259], [80.2411357083142, 13.042176368489862], [80.24106805494334, 13.042183223163846]]]}, "properties": {"source": "microsoft", "height": -1.0, "confidence": -1.0}}, {"type": "Feature", "geometry": {"type": "Polygon", "coordinates": [[[80.2426744230129, 13.041976540574169], [80.24268941531254, 13.042092283436801], [80.24250196343148, 13.0421153277738], [80.24253094854407, 13.042339097133805], [80.24243854268722, 13.042350457007188], [80.24239456527499, 13.042010944810912], [80.2426744230129, 13.041976540574169]]]}, "properties": {"source": "microsoft", "height": -1.0, "confidence": -1.0}}, {"type": "Feature", "geometry": {"type": "Polygon", "coordinates": [[[80.24273013231803, 13.038163779195187], [80.243079892705, 13.038150328790806], [80.24308458464752, 13.038266127039009], [80.24273483353309, 13.038279600928107], [80.24273013231803, 13.038163779195187]]]}, "properties": {"source": "microsoft", "height": -1.0, "confidence": -1.0}}, {"type": "Feature", "geometry": {"type": "Polygon", "coordinates": [[[80.24133201757381, 13.04352463114266], [80.24108043873757, 13.043569933276473], [80.24105886567303, 13.043456232733561], [80.24131044450924, 13.043410930578915], [80.24133201757381, 13.04352463114266]]]}, "properties": {"source": "microsoft", "height": -1.0, "confidence": -1.0}}, {"type": "Feature", "geometry": {"type": "Polygon", "coordinates": [[[80.24175975534122, 13.04653658138588], [80.24182957717805, 13.046523461157392], [80.24188265834971, 13.046791547606048], [80.24181283742166, 13.046804672410076], [80.24175975534122, 13.04653658138588]]]}, "properties": {"source": "microsoft", "height": -1.0, "confidence": -1.0}}, {"type": "Feature", "geometry": {"type": "Polygon", "coordinates": [[[80.24260234084286, 13.044642864056655], [80.24259658841241, 13.044496751325624], [80.24272246706623, 13.044492047977343], [80.24273099298992, 13.044708607891266], [80.24263457529766, 13.044712210452758], [80.24263180180438, 13.044641763273674], [80.24260234084286, 13.044642864056655]]]}, "properties": {"source": "microsoft", "height": -1.0, "confidence": -1.0}}, {"type": "Feature", "geometry": {"type": "Polygon", "coordinates": [[[80.23349111304175, 13.039470137768973], [80.23350209016516, 13.039665530235922], [80.23342570738919, 13.039669608169675], [80.2334147162706, 13.039474216453115], [80.23349111304175, 13.039470137768973]]]}, "properties": {"source": "microsoft", "height": -1.0, "confidence": -1.0}}, {"type": "Feature", "geometry": {"type": "Polygon", "coordinates": [[[80.23387833089721, 13.046564216504308], [80.23391413779234, 13.046562602744174], [80.23392024242638, 13.046691347434475], [80.23388444464528, 13.046692958342248], [80.23387833089721, 13.046564216504308]]]}, "properties": {"source": "microsoft", "height": -1.0, "confidence": -1.0}}, {"type": "Feature", "geometry": {"type": "Polygon", "coordinates": [[[80.23411009705552, 13.038767550684312], [80.23430300065597, 13.038761276702374], [80.23430583422619, 13.038843791805448], [80.2341129310769, 13.038850078923574], [80.23411009705552, 13.038767550684312]]]}, "properties": {"source": "microsoft", "height": -1.0, "confidence": -1.0}}, {"type": "Feature", "geometry": {"type": "Polygon", "coordinates": [[[80.23668538245578, 13.044613939596545], [80.23645823269442, 13.044650506023032], [80.23643666083495, 13.044523328955691], [80.23666381059631, 13.044486762510402], [80.23668538245578, 13.044613939596545]]]}, "properties": {"source": "microsoft", "height": -1.0, "confidence": -1.0}}, {"type": "Feature", "geometry": {"type": "Polygon", "coordinates": [[[80.23650199607609, 13.040469991961345], [80.23651243065693, 13.040536374227074], [80.23645739488295, 13.040544584806895], [80.23644696030215, 13.040478202543397], [80.23650199607609, 13.040469991961345]]]}, "properties": {"source": "microsoft", "height": -1.0, "confidence": -1.0}}, {"type": "Feature", "geometry": {"type": "Polygon", "coordinates": [[[80.23804007283972, 13.047766721178064], [80.23792009057628, 13.047795091538745], [80.23785555327913, 13.047535990750006], [80.23797551796348, 13.047507624516214], [80.23804007283972, 13.047766721178064]]]}, "properties": {"source": "microsoft", "height": -1.0, "confidence": -1.0}}, {"type": "Feature", "geometry": {"type": "Polygon", "coordinates": [[[80.23830063108079, 13.038155829011288], [80.23845231776592, 13.038151402344297], [80.23845580113715, 13.038264955784541], [80.23830412228475, 13.038269371878783], [80.23830063108079, 13.038155829011288]]]}, "properties": {"source": "microsoft", "height": -1.0, "confidence": -1.0}}, {"type": "Feature", "geometry": {"type": "Polygon", "coordinates": [[[80.2379679760372, 13.04173621348319], [80.23787424684674, 13.04173984344898], [80.23786328153608, 13.041471126505542], [80.23795701072649, 13.04146749653583], [80.2379679760372, 13.04173621348319]]]}, "properties": {"source": "microsoft", "height": -1.0, "confidence": -1.0}}, {"type": "Feature", "geometry": {"type": "Polygon", "coordinates": [[[80.23797158705548, 13.038259653081582], [80.23796974876564, 13.03830526511264], [80.23792582720253, 13.038303582053175], [80.23792766864341, 13.038257973137092], [80.23797158705548, 13.038259653081582]]]}, "properties": {"source": "microsoft", "height": -1.0, "confidence": -1.0}}, {"type": "Feature", "geometry": {"type": "Polygon", "coordinates": [[[80.23915854362052, 13.047252813357204], [80.23924979418578, 13.047240818025841], [80.23928462933031, 13.047492309297127], [80.23919336101996, 13.047504306948937], [80.23915854362052, 13.047252813357204]]]}, "properties": {"source": "microsoft", "height": -1.0, "confidence": -1.0}}, {"type": "Feature", "geometry": {"type": "Polygon", "coordinates": [[[80.2382767976882, 13.038950738000025], [80.23837957205374, 13.038945608440017], [80.2383888367757, 13.039121544708408], [80.23842515942162, 13.0391197293375], [80.23842844872209, 13.039182278171992], [80.23828933947186, 13.039189230716786], [80.2382767976882, 13.038950738000025]]]}, "properties": {"source": "microsoft", "height": -1.0, "confidence": -1.0}}, {"type": "Feature", "geometry": {"type": "Polygon", "coordinates": [[[80.2402301502081, 13.041538829345143], [80.24023871321349, 13.041721359843265], [80.24015841466552, 13.041724935042339], [80.24014985166009, 13.041542404546846], [80.2402301502081, 13.041538829345143]]]}, "properties": {"source": "microsoft", "height": -1.0, "confidence": -1.0}}, {"type": "Feature", "geometry": {"type": "Polygon", "coordinates": [[[80.24077754673533, 13.043254361225408], [80.24050533711755, 13.04328673002442], [80.24050064137629, 13.043249273432693], [80.24074906359536, 13.043219716281655], [80.24073374982399, 13.043097562632127], [80.2407575351304, 13.043094734288474], [80.24077754673533, 13.043254361225408]]]}, "properties": {"source": "microsoft", "height": -1.0, "confidence": -1.0}}, {"type": "Feature", "geometry": {"type": "Polygon", "coordinates": [[[80.24165890132156, 13.044575195676487], [80.24167716842858, 13.044650914916488], [80.24162633221339, 13.04466255424984], [80.2416080658988, 13.044586838298045], [80.24165890132156, 13.044575195676487]]]}, "properties": {"source": "microsoft", "height": -1.0, "confidence": -1.0}}, {"type": "Feature", "geometry": {"type": "Polygon", "coordinates": [[[80.23529285115278, 13.039838903129152], [80.23530153554043, 13.039946450139809], [80.2350562900281, 13.0399652454648], [80.23504571965069, 13.03983434245744], [80.23518551188883, 13.039823619409134], [80.23518740088934, 13.039846991905904], [80.23529285115278, 13.039838903129152]]]}, "properties": {"source": "microsoft", "height": -1.0, "confidence": -1.0}}, {"type": "Feature", "geometry": {"type": "Polygon", "coordinates": [[[80.23590858672728, 13.043021382727744], [80.23605226721354, 13.043081572960162], [80.23603808677316, 13.0431136990846], [80.23605060369034, 13.043118941782154], [80.23596787475248, 13.043306396578586], [80.23574029519297, 13.043211075175122], [80.23584598191474, 13.042971639390899], [80.23591734603943, 13.043001535060725], [80.23590858672728, 13.043021382727744]]]}, "properties": {"source": "microsoft", "height": -1.0, "confidence": -1.0}}, {"type": "Feature", "geometry": {"type": "Polygon", "coordinates": [[[80.23433678345957, 13.04288628647241], [80.23446069069855, 13.042876131506475], [80.23447831827356, 13.043080092434806], [80.23435439720907, 13.043090256974779], [80.23433678345957, 13.04288628647241]]]}, "properties": {"source": "microsoft", "height": -1.0, "confidence": -1.0}}, {"type": "Feature", "geometry": {"type": "Polygon", "coordinates": [[[80.239872533919, 13.044046388463826], [80.23990324658793, 13.043967702714866], [80.24007430941755, 13.044031082482888], [80.240043600726, 13.044109758021506], [80.239872533919, 13.044046388463826]]]}, "properties": {"source": "microsoft", "height": -1.0, "confidence": -1.0}}, {"type": "Feature", "geometry": {"type": "Polygon", "coordinates": [[[80.23615840540445, 13.0425339496135], [80.23622168365422, 13.042365794558293], [80.23636591756551, 13.042417297037758], [80.23630263931575, 13.042585452057935], [80.23615840540445, 13.0425339496135]]]}, "properties": {"source": "microsoft", "height": -1.0, "confidence": -1.0}}, {"type": "Feature", "geometry": {"type": "Polygon", "coordinates": [[[80.241453015312, 13.038436004107723], [80.24132462304726, 13.03844256987135], [80.24131908677566, 13.038339819307978], [80.24129661420466, 13.038340966985515], [80.24129316912472, 13.038276942556038], [80.24140818761664, 13.038271060700623], [80.24140636475818, 13.038237184128903], [80.24131916141872, 13.038241643564064], [80.2413063239585, 13.038003386158778], [80.24142936699633, 13.037997102324027], [80.241453015312, 13.038436004107723]]]}, "properties": {"source": "microsoft", "height": -1.0, "confidence": -1.0}}, {"type": "Feature", "geometry": {"type": "Polygon", "coordinates": [[[80.24177735267008, 13.041824055905437], [80.24182943232029, 13.041820629217511], [80.24183203214403, 13.041858129853338], [80.24167849525304, 13.041868242596522], [80.2416654980423, 13.041680960964811], [80.24176695821028, 13.041674278262121], [80.24177735267008, 13.041824055905437]]]}, "properties": {"source": "microsoft", "height": -1.0, "confidence": -1.0}}, {"type": "Feature", "geometry": {"type": "Polygon", "coordinates": [[[80.237669547083, 13.047795508000064], [80.23757680020887, 13.04781941772778], [80.23753103010648, 13.04765092277816], [80.23762377698061, 13.047627013034159], [80.237669547083, 13.047795508000064]]]}, "properties": {"source": "microsoft", "height": -1.0, "confidence": -1.0}}, {"type": "Feature", "geometry": {"type": "Polygon", "coordinates": [[[80.242545693053, 13.040379377135935], [80.24252680659362, 13.040303898900277], [80.24266098992126, 13.040272032433862], [80.2426869110561, 13.04037562419903], [80.24262108527276, 13.040391256799168], [80.24261405169815, 13.04036314768068], [80.242545693053, 13.040379377135935]]]}, "properties": {"source": "microsoft", "height": -1.0, "confidence": -1.0}}, {"type": "Feature", "geometry": {"type": "Polygon", "coordinates": [[[80.23880687440709, 13.041542134350877], [80.23889458035907, 13.041533935628095], [80.23893306090278, 13.04192490511231], [80.2388453549508, 13.04193310382216], [80.23880687440709, 13.041542134350877]]]}, "properties": {"source": "microsoft", "height": -1.0, "confidence": -1.0}}, {"type": "Feature", "geometry": {"type": "Polygon", "coordinates": [[[80.24164678175873, 13.037966823053722], [80.24176897272315, 13.03796278225903], [80.24177701363205, 13.038193559003687], [80.24165483951826, 13.038197607567753], [80.24164678175873, 13.037966823053722]]]}, "properties": {"source": "microsoft", "height": -1.0, "confidence": -1.0}}, {"type": "Feature", "geometry": {"type": "Polygon", "coordinates": [[[80.24171386943519, 13.03985613779129], [80.24170552925483, 13.039995670977007], [80.24162800836817, 13.039991268002964], [80.2416363482336, 13.039851740082568], [80.24171386943519, 13.03985613779129]]]}, "properties": {"source": "microsoft", "height": -1.0, "confidence": -1.0}}, {"type": "Feature", "geometry": {"type": "Polygon", "coordinates": [[[80.24219282556565, 13.044143885611575], [80.24210352580484, 13.04417501719189], [80.24207919969938, 13.044108793287094], [80.24209478717037, 13.04410335813688], [80.24207911982252, 13.044060714635123], [80.24215282754872, 13.044035018720479], [80.24219282556565, 13.044143885611575]]]}, "properties": {"source": "microsoft", "height": -1.0, "confidence": -1.0}}, {"type": "Feature", "geometry": {"type": "Polygon", "coordinates": [[[80.23545597291296, 13.047196450988324], [80.23546713061796, 13.047465145891437], [80.23536442536235, 13.047469200421276], [80.235353248385, 13.047200506283389], [80.23545597291296, 13.047196450988324]]]}, "properties": {"source": "microsoft", "height": -1.0, "confidence": -1.0}}, {"type": "Feature", "geometry": {"type": "Polygon", "coordinates": [[[80.23864951166789, 13.044370880551966], [80.23848389924798, 13.044714531176723], [80.23834543522415, 13.044651211394282], [80.23846822578206, 13.04439641736873], [80.23843429816975, 13.04438090220799], [80.2384771194418, 13.044292033491288], [80.23864951166789, 13.044370880551966]]]}, "properties": {"source": "microsoft", "height": -1.0, "confidence": -1.0}}, {"type": "Feature", "geometry": {"type": "Polygon", "coordinates": [[[80.23917796895994, 13.046562783121189], [80.23909415619929, 13.04656806335278], [80.23908724679451, 13.046463979709117], [80.23917106700176, 13.04645869900618], [80.23917796895994, 13.046562783121189]]]}, "properties": {"source": "microsoft", "height": -1.0, "confidence": -1.0}}, {"type": "Feature", "geometry": {"type": "Polygon", "coordinates": [[[80.23945477818711, 13.039310879098053], [80.23926611049995, 13.039317349765724], [80.23926168679748, 13.039194688126173], [80.23945034568335, 13.039188217757129], [80.23945477818711, 13.039310879098053]]]}, "properties": {"source": "microsoft", "height": -1.0, "confidence": -1.0}}, {"type": "Feature", "geometry": {"type": "Polygon", "coordinates": [[[80.24017029929776, 13.044290349040097], [80.24013090889221, 13.044371492625444], [80.24007830285122, 13.044347252853242], [80.2401176932567, 13.044266109259937], [80.24017029929776, 13.044290349040097]]]}, "properties": {"source": "microsoft", "height": -1.0, "confidence": -1.0}}, {"type": "Feature", "geometry": {"type": "Polygon", "coordinates": [[[80.24070824085645, 13.040015938057223], [80.24070217245327, 13.03983583255507], [80.240778375978, 13.03983339049924], [80.2407844573062, 13.040013495588951], [80.24070824085645, 13.040015938057223]]]}, "properties": {"source": "microsoft", "height": -1.0, "confidence": -1.0}}, {"type": "Feature", "geometry": {"type": "Polygon", "coordinates": [[[80.23482496441663, 13.044253130641223], [80.2348960424293, 13.044243617356457], [80.23489351069333, 13.044225665228268], [80.2349435285541, 13.04421897069382], [80.2349681225606, 13.044393362745694], [80.23484702668712, 13.044409570554194], [80.23482496441663, 13.044253130641223]]]}, "properties": {"source": "microsoft", "height": -1.0, "confidence": -1.0}}, {"type": "Feature", "geometry": {"type": "Polygon", "coordinates": [[[80.23643397218021, 13.04655145178613], [80.23636368546929, 13.046567371809914], [80.23631753766067, 13.046374012379843], [80.23641168976211, 13.046352686799736], [80.23644870111744, 13.046507764493683], [80.2364248334863, 13.046513172169], [80.23643397218021, 13.04655145178613]]]}, "properties": {"source": "microsoft", "height": -1.0, "confidence": -1.0}}, {"type": "Feature", "geometry": {"type": "Polygon", "coordinates": [[[80.2386012910464, 13.038260304497868], [80.23849040500328, 13.03825625952038], [80.23849431639297, 13.038154492813618], [80.23860519513528, 13.038158537526442], [80.2386012910464, 13.038260304497868]]]}, "properties": {"source": "microsoft", "height": -1.0, "confidence": -1.0}}, {"type": "Feature", "geometry": {"type": "Polygon", "coordinates": [[[80.23924435560912, 13.04149868159061], [80.23916395110162, 13.041496510613044], [80.23916335684657, 13.041517398778865], [80.23910439354106, 13.041515806728782], [80.23910647343368, 13.041442698140258], [80.23924584124673, 13.041446461168832], [80.23924435560912, 13.04149868159061]]]}, "properties": {"source": "microsoft", "height": -1.0, "confidence": -1.0}}, {"type": "Feature", "geometry": {"type": "Polygon", "coordinates": [[[80.23952931626103, 13.043478938799652], [80.23953757861067, 13.043327813142199], [80.23962994703186, 13.043332605891493], [80.2396320135676, 13.04329475738281], [80.23970012541233, 13.043298286879889], [80.23969335491992, 13.043422125174587], [80.23967195794641, 13.043421014943533], [80.23966562251451, 13.04353689554101], [80.23957735967072, 13.043532321840914], [80.23958013407311, 13.043481575597852], [80.23952931626103, 13.043478938799652]]]}, "properties": {"source": "microsoft", "height": -1.0, "confidence": -1.0}}, {"type": "Feature", "geometry": {"type": "Polygon", "coordinates": [[[80.24006649572753, 13.047119226284423], [80.24001622057705, 13.047124950812957], [80.24000879797715, 13.04706308476328], [80.24005907312768, 13.04705736023331], [80.24006649572753, 13.047119226284423]]]}, "properties": {"source": "microsoft", "height": -1.0, "confidence": -1.0}}, {"type": "Feature", "geometry": {"type": "Polygon", "coordinates": [[[80.24018327359131, 13.039243995342986], [80.23992065386278, 13.039251677237544], [80.23991735494893, 13.039144638652388], [80.24017997467745, 13.03913695675449], [80.24018327359131, 13.039243995342986]]]}, "properties": {"source": "microsoft", "height": -1.0, "confidence": -1.0}}, {"type": "Feature", "geometry": {"type": "Polygon", "coordinates": [[[80.23329683802676, 13.04521315020601], [80.23346694998872, 13.04518700680913], [80.23349557562801, 13.045363858821077], [80.23337780454001, 13.045381950248156], [80.23335702104964, 13.0452535478247], [80.2333046789075, 13.045261591944936], [80.23329683802676, 13.04521315020601]]]}, "properties": {"source": "microsoft", "height": -1.0, "confidence": -1.0}}, {"type": "Feature", "geometry": {"type": "Polygon", "coordinates": [[[80.23525952670522, 13.038637282892083], [80.23522938893115, 13.038692113186755], [80.23513141771336, 13.038641003710467], [80.23516155548745, 13.038586173404482], [80.23525952670522, 13.038637282892083]]]}, "properties": {"source": "microsoft", "height": -1.0, "confidence": -1.0}}, {"type": "Feature", "geometry": {"type": "Polygon", "coordinates": [[[80.24045885158318, 13.045228708596866], [80.23989383218938, 13.044959615100012], [80.23993934003455, 13.044868929882796], [80.23995882346195, 13.044878208977167], [80.23997046500372, 13.044855010428762], [80.24051600097016, 13.045114824954283], [80.24045885158318, 13.045228708596866]]]}, "properties": {"source": "microsoft", "height": -1.0, "confidence": -1.0}}, {"type": "Feature", "geometry": {"type": "Polygon", "coordinates": [[[80.24299954472997, 13.042958820384825], [80.2429977394904, 13.042896157469542], [80.24315318517293, 13.042891907357927], [80.24315499041249, 13.042954570274262], [80.24299954472997, 13.042958820384825]]]}, "properties": {"source": "microsoft", "height": -1.0, "confidence": -1.0}}, {"type": "Feature", "geometry": {"type": "Polygon", "coordinates": [[[80.2337377160162, 13.040285172230242], [80.2335342833432, 13.040294132789086], [80.2335300540925, 13.040202862685248], [80.23373348676549, 13.040193902123093], [80.2337377160162, 13.040285172230242]]]}, "properties": {"source": "microsoft", "height": -1.0, "confidence": -1.0}}, {"type": "Feature", "geometry": {"type": "Polygon", "coordinates": [[[80.23605325723632, 13.040785083320301], [80.23584747986347, 13.040805722445072], [80.23584392526793, 13.040772109523388], [80.23578960545372, 13.040777557709973], [80.23577867558886, 13.040674132571795], [80.23584360428437, 13.04066762032943], [80.23584360428437, 13.04066762032943], [80.23603877516538, 13.040648045007103], [80.23605325723632, 13.040785083320301]]]}, "properties": {"source": "microsoft", "height": -1.0, "confidence": -1.0}}, {"type": "Feature", "geometry": {"type": "Polygon", "coordinates": [[[80.23794095032272, 13.03817375592962], [80.23779898711054, 13.038178866805367], [80.23779512675742, 13.038077096362514], [80.2379370899696, 13.038071985484663], [80.23794095032272, 13.03817375592962]]]}, "properties": {"source": "microsoft", "height": -1.0, "confidence": -1.0}}, {"type": "Feature", "geometry": {"type": "Polygon", "coordinates": [[[80.23933853982984, 13.047648554019432], [80.23936162241561, 13.047772508201845], [80.23924832220008, 13.047792539171283], [80.23922523099299, 13.047668586523116], [80.23933853982984, 13.047648554019432]]]}, "properties": {"source": "microsoft", "height": -1.0, "confidence": -1.0}}, {"type": "Feature", "geometry": {"type": "Polygon", "coordinates": [[[80.24014323353276, 13.039464143299043], [80.24014734674665, 13.039518723102049], [80.24001395530776, 13.039528263943168], [80.24000984209387, 13.03947368414228], [80.24014323353276, 13.039464143299043]]]}, "properties": {"source": "microsoft", "height": -1.0, "confidence": -1.0}}, {"type": "Feature", "geometry": {"type": "Polygon", "coordinates": [[[80.24036411095427, 13.045689406735889], [80.24035977070827, 13.045818494077096], [80.24028474917253, 13.045816105303444], [80.24028908959036, 13.045687012851346], [80.24036411095427, 13.045689406735889]]]}, "properties": {"source": "microsoft", "height": -1.0, "confidence": -1.0}}, {"type": "Feature", "geometry": {"type": "Polygon", "coordinates": [[[80.24075983090717, 13.040177793197898], [80.24066643145447, 13.040184301643677], [80.24065603861085, 13.040042752071045], [80.24074943852877, 13.040036249957524], [80.24075983090717, 13.040177793197898]]]}, "properties": {"source": "microsoft", "height": -1.0, "confidence": -1.0}}, {"type": "Feature", "geometry": {"type": "Polygon", "coordinates": [[[80.24108263833175, 13.039915814773678], [80.24090214566306, 13.039933844108532], [80.24087967699657, 13.039720360152415], [80.24106016838346, 13.039702318623412], [80.24108263833175, 13.039915814773678]]]}, "properties": {"source": "microsoft", "height": -1.0, "confidence": -1.0}}, {"type": "Feature", "geometry": {"type": "Polygon", "coordinates": [[[80.2413788341575, 13.038707528907082], [80.24145365412372, 13.03871200296652], [80.24144709346238, 13.03881613286876], [80.24137227349621, 13.038811658811227], [80.2413788341575, 13.038707528907082]]]}, "properties": {"source": "microsoft", "height": -1.0, "confidence": -1.0}}, {"type": "Feature", "geometry": {"type": "Polygon", "coordinates": [[[80.24169005065647, 13.042127499655521], [80.24169724603313, 13.042281348393786], [80.24161694646142, 13.04228491268016], [80.24160975108475, 13.042131063944112], [80.24169005065647, 13.042127499655521]]]}, "properties": {"source": "microsoft", "height": -1.0, "confidence": -1.0}}, {"type": "Feature", "geometry": {"type": "Polygon", "coordinates": [[[80.2339951354853, 13.04692077902672], [80.2338640215294, 13.046940088609219], [80.23385331804971, 13.046871114773609], [80.23398443200556, 13.046851805185725], [80.2339951354853, 13.04692077902672]]]}, "properties": {"source": "microsoft", "height": -1.0, "confidence": -1.0}}, {"type": "Feature", "geometry": {"type": "Polygon", "coordinates": [[[80.2358291301474, 13.044272161026683], [80.23592952726182, 13.044260099507113], [80.23594353733975, 13.04437077522195], [80.23601487213159, 13.044362205198382], [80.23603898249833, 13.044552670272722], [80.23597028973586, 13.044560922881686], [80.23597080121576, 13.044564963426623], [80.2359232450922, 13.044570679964977], [80.23593348512826, 13.04465157330182], [80.2358780025124, 13.044658238867953], [80.2358291301474, 13.044272161026683]]]}, "properties": {"source": "microsoft", "height": -1.0, "confidence": -1.0}}, {"type": "Feature", "geometry": {"type": "Polygon", "coordinates": [[[80.2363015922382, 13.045290508901914], [80.23639383833456, 13.045278558714926], [80.23642923672259, 13.045537884471301], [80.23633699062627, 13.04554983464574], [80.2363015922382, 13.045290508901914]]]}, "properties": {"source": "microsoft", "height": -1.0, "confidence": -1.0}}, {"type": "Feature", "geometry": {"type": "Polygon", "coordinates": [[[80.23682734431436, 13.040482394100849], [80.2368296596249, 13.040396222900071], [80.23692079228977, 13.040398546853154], [80.23691595118584, 13.040578722964312], [80.23686502410844, 13.040577424285587], [80.23686754990177, 13.0404834193739], [80.23682734431436, 13.040482394100849]]]}, "properties": {"source": "microsoft", "height": -1.0, "confidence": -1.0}}, {"type": "Feature", "geometry": {"type": "Polygon", "coordinates": [[[80.23697179203138, 13.042813188955648], [80.23689549418204, 13.042976828319183], [80.23679098883622, 13.042930590911553], [80.23686728943964, 13.042766945610623], [80.23697179203138, 13.042813188955648]]]}, "properties": {"source": "microsoft", "height": -1.0, "confidence": -1.0}}, {"type": "Feature", "geometry": {"type": "Polygon", "coordinates": [[[80.23769129679896, 13.040023850088375], [80.23775293660258, 13.040022122718213], [80.23775810170089, 13.040197051730502], [80.2376964618973, 13.040198779099427], [80.23769129679896, 13.040023850088375]]]}, "properties": {"source": "microsoft", "height": -1.0, "confidence": -1.0}}, {"type": "Feature", "geometry": {"type": "Polygon", "coordinates": [[[80.2378536732026, 13.04712160700204], [80.23790897292275, 13.047350691770305], [80.23782255674678, 13.047370488970643], [80.23776725567882, 13.04714139863735], [80.2378536732026, 13.04712160700204]]]}, "properties": {"source": "microsoft", "height": -1.0, "confidence": -1.0}}, {"type": "Feature", "geometry": {"type": "Polygon", "coordinates": [[[80.23789933225953, 13.042616543733999], [80.23782478065333, 13.042622785868943], [80.23781894512318, 13.042556586100247], [80.23776835623143, 13.042560818411701], [80.23775669498798, 13.042428530188246], [80.23770344352295, 13.042432985255218], [80.23769955644181, 13.04238888916582], [80.23765429269653, 13.04239267597336], [80.23764446066778, 13.042281138772651], [80.23786811682082, 13.042262427479344], [80.23789933225953, 13.042616543733999]]]}, "properties": {"source": "microsoft", "height": -1.0, "confidence": -1.0}}, {"type": "Feature", "geometry": {"type": "Polygon", "coordinates": [[[80.23947924756328, 13.039176834110165], [80.2396226749104, 13.039153226442721], [80.23963457085311, 13.039221820784007], [80.23949114350603, 13.039245428444886], [80.23947924756328, 13.039176834110165]]]}, "properties": {"source": "microsoft", "height": -1.0, "confidence": -1.0}}, {"type": "Feature", "geometry": {"type": "Polygon", "coordinates": [[[80.2420218860143, 13.042617400651835], [80.24214504381565, 13.042603696256464], [80.24217833024376, 13.042887423771532], [80.24205515232133, 13.042901130390177], [80.2420218860143, 13.042617400651835]]]}, "properties": {"source": "microsoft", "height": -1.0, "confidence": -1.0}}, {"type": "Feature", "geometry": {"type": "Polygon", "coordinates": [[[80.23349683607688, 13.038332512557332], [80.23336562741291, 13.03833773724898], [80.23336146126721, 13.038238606849092], [80.23349266993118, 13.038233382155326], [80.23349683607688, 13.038332512557332]]]}, "properties": {"source": "microsoft", "height": -1.0, "confidence": -1.0}}, {"type": "Feature", "geometry": {"type": "Polygon", "coordinates": [[[80.23383235964066, 13.045305382584402], [80.23371428189571, 13.04532252281902], [80.2336892588753, 13.04515892401227], [80.2338073366202, 13.045141783766312], [80.23383235964066, 13.045305382584402]]]}, "properties": {"source": "microsoft", "height": -1.0, "confidence": -1.0}}, {"type": "Feature", "geometry": {"type": "Polygon", "coordinates": [[[80.23459330050198, 13.042598896635297], [80.23461318911397, 13.042713197874292], [80.23449064650504, 13.04273343453552], [80.23447075789304, 13.042619133305863], [80.23459330050198, 13.042598896635297]]]}, "properties": {"source": "microsoft", "height": -1.0, "confidence": -1.0}}, {"type": "Feature", "geometry": {"type": "Polygon", "coordinates": [[[80.23672309749439, 13.04722139252658], [80.23674318987435, 13.047327528658059], [80.23657550493712, 13.047357643411459], [80.2365554199317, 13.047251505968518], [80.23672309749439, 13.04722139252658]]]}, "properties": {"source": "microsoft", "height": -1.0, "confidence": -1.0}}, {"type": "Feature", "geometry": {"type": "Polygon", "coordinates": [[[80.23973587590237, 13.046608828039126], [80.23972628286297, 13.046520981151872], [80.2398393199272, 13.046509266337836], [80.23984891920713, 13.046597112582504], [80.23973587590237, 13.046608828039126]]]}, "properties": {"source": "microsoft", "height": -1.0, "confidence": -1.0}}, {"type": "Feature", "geometry": {"type": "Polygon", "coordinates": [[[80.23978770653852, 13.041950023339979], [80.23989180834842, 13.041942960809664], [80.23992050494982, 13.04234481229895], [80.2398164026355, 13.042351867753993], [80.23978770653852, 13.041950023339979]]]}, "properties": {"source": "microsoft", "height": -1.0, "confidence": -1.0}}, {"type": "Feature", "geometry": {"type": "Polygon", "coordinates": [[[80.24058356960933, 13.038099293430463], [80.24058823797833, 13.038308239019855], [80.24049816020926, 13.038310155293672], [80.24049347683652, 13.038101210025076], [80.24058356960933, 13.038099293430463]]]}, "properties": {"source": "microsoft", "height": -1.0, "confidence": -1.0}}, {"type": "Feature", "geometry": {"type": "Polygon", "coordinates": [[[80.24290283154575, 13.039138057300974], [80.24290745676707, 13.039245002850038], [80.24280725064668, 13.039249109166562], [80.24280263309485, 13.039142163305002], [80.24290283154575, 13.039138057300974]]]}, "properties": {"source": "microsoft", "height": -1.0, "confidence": -1.0}}, {"type": "Feature", "geometry": {"type": "Polygon", "coordinates": [[[80.23613177697096, 13.046106995978136], [80.2361995960912, 13.046099509618884], [80.23621249924331, 13.046210443299984], [80.2361446722542, 13.046217930524506], [80.23613177697096, 13.046106995978136]]]}, "properties": {"source": "microsoft", "height": -1.0, "confidence": -1.0}}, {"type": "Feature", "geometry": {"type": "Polygon", "coordinates": [[[80.23751466440456, 13.047414409420838], [80.23752173399859, 13.047448364778333], [80.23744702345525, 13.047463126926672], [80.23739449215385, 13.047210818265242], [80.23748559251906, 13.04719282382473], [80.23751877798333, 13.047352269188778], [80.23757287945926, 13.047341579206773], [80.23758514035364, 13.04740048879367], [80.23751466440456, 13.047414409420838]]]}, "properties": {"source": "microsoft", "height": -1.0, "confidence": -1.0}}, {"type": "Feature", "geometry": {"type": "Polygon", "coordinates": [[[80.23752093550132, 13.040579719792788], [80.2373851295054, 13.040605387880362], [80.23738312282194, 13.040595315010805], [80.23732506095034, 13.040606289026655], [80.23727467851504, 13.040353294950293], [80.23746854454303, 13.040316639937473], [80.23752093550132, 13.040579719792788]]]}, "properties": {"source": "microsoft", "height": -1.0, "confidence": -1.0}}, {"type": "Feature", "geometry": {"type": "Polygon", "coordinates": [[[80.23923596012808, 13.04153079701345], [80.23923887523232, 13.041626047451643], [80.23911292363584, 13.041629714453038], [80.23911000826902, 13.04153445543605], [80.23923596012808, 13.04153079701345]]]}, "properties": {"source": "microsoft", "height": -1.0, "confidence": -1.0}}, {"type": "Feature", "geometry": {"type": "Polygon", "coordinates": [[[80.23449530656924, 13.043339337975866], [80.23437727687399, 13.043363818854047], [80.23434154468306, 13.043200371763078], [80.23445957269534, 13.043175883170278], [80.23449530656924, 13.043339337975866]]]}, "properties": {"source": "microsoft", "height": -1.0, "confidence": -1.0}}, {"type": "Feature", "geometry": {"type": "Polygon", "coordinates": [[[80.23509519935618, 13.040868084178982], [80.23497098929273, 13.040882871240072], [80.23493787490591, 13.040618724513564], [80.23506208601546, 13.040603945781328], [80.23509519935618, 13.040868084178982]]]}, "properties": {"source": "microsoft", "height": -1.0, "confidence": -1.0}}, {"type": "Feature", "geometry": {"type": "Polygon", "coordinates": [[[80.23694224624829, 13.040565328611748], [80.23697440704383, 13.040564442701864], [80.23696879931276, 13.04037123240903], [80.23716980428486, 13.040365695467969], [80.23717741728309, 13.040627995749318], [80.23694425105437, 13.040634402708676], [80.23694224624829, 13.040565328611748]]]}, "properties": {"source": "microsoft", "height": -1.0, "confidence": -1.0}}, {"type": "Feature", "geometry": {"type": "Polygon", "coordinates": [[[80.2370261259621, 13.041712118000262], [80.23694575078136, 13.041714754006364], [80.2369406097625, 13.041565980188892], [80.23702098494326, 13.041563344181185], [80.2370261259621, 13.041712118000262]]]}, "properties": {"source": "microsoft", "height": -1.0, "confidence": -1.0}}, {"type": "Feature", "geometry": {"type": "Polygon", "coordinates": [[[80.23821230453655, 13.04161300191791], [80.23836864786935, 13.041596180371059], [80.23838913404778, 13.041776887903808], [80.23828048868091, 13.04178857744489], [80.23827361403306, 13.041727936545215], [80.23822591643136, 13.041733071752958], [80.23821230453655, 13.04161300191791]]]}, "properties": {"source": "microsoft", "height": -1.0, "confidence": -1.0}}, {"type": "Feature", "geometry": {"type": "Polygon", "coordinates": [[[80.24042207798253, 13.038796506662422], [80.24016573819685, 13.038827058821937], [80.24015363384285, 13.038730614621059], [80.24040997578989, 13.038700079670562], [80.24042207798253, 13.038796506662422]]]}, "properties": {"source": "microsoft", "height": -1.0, "confidence": -1.0}}, {"type": "Feature", "geometry": {"type": "Polygon", "coordinates": [[[80.24052192715514, 13.046921270893378], [80.240600945658, 13.04691085118644], [80.24063018088181, 13.047121259501026], [80.24055116237895, 13.047131679199083], [80.24052192715514, 13.046921270893378]]]}, "properties": {"source": "microsoft", "height": -1.0, "confidence": -1.0}}, {"type": "Feature", "geometry": {"type": "Polygon", "coordinates": [[[80.2420932014001, 13.045215317699771], [80.24216865523587, 13.045084002153274], [80.24222498875226, 13.045114718346056], [80.2422048778456, 13.045149722598538], [80.24230291002688, 13.045203181909713], [80.2422475772056, 13.045299491993873], [80.2420932014001, 13.045215317699771]]]}, "properties": {"source": "microsoft", "height": -1.0, "confidence": -1.0}}, {"type": "Feature", "geometry": {"type": "Polygon", "coordinates": [[[80.24250418575537, 13.039427318728102], [80.24249430610986, 13.039166368760718], [80.24262287722969, 13.039161748804148], [80.24262870622054, 13.039315709321087], [80.24262985142268, 13.039315668170474], [80.24263390975315, 13.039422657350002], [80.24250418575537, 13.039427318728102]]]}, "properties": {"source": "microsoft", "height": -1.0, "confidence": -1.0}}, {"type": "Feature", "geometry": {"type": "Polygon", "coordinates": [[[80.23592383379648, 13.04535577566709], [80.23583935896418, 13.045351260057544], [80.23584308995103, 13.04528501956078], [80.23592756036166, 13.045289529175761], [80.23592383379648, 13.04535577566709]]]}, "properties": {"source": "microsoft", "height": -1.0, "confidence": -1.0}}, {"type": "Feature", "geometry": {"type": "Polygon", "coordinates": [[[80.236437646134, 13.045843185431025], [80.23633847715409, 13.045845802161125], [80.23633383099991, 13.04567869394586], [80.23643299997977, 13.045676077213983], [80.236437646134, 13.045843185431025]]]}, "properties": {"source": "microsoft", "height": -1.0, "confidence": -1.0}}, {"type": "Feature", "geometry": {"type": "Polygon", "coordinates": [[[80.23668202678091, 13.041863711459627], [80.23653477362625, 13.041878661363569], [80.23650492943561, 13.041599484717125], [80.23664154918089, 13.04158561435645], [80.23665952290368, 13.041753636172928], [80.23667013647197, 13.041752558627906], [80.23668202678091, 13.041863711459627]]]}, "properties": {"source": "microsoft", "height": -1.0, "confidence": -1.0}}, {"type": "Feature", "geometry": {"type": "Polygon", "coordinates": [[[80.23763052892434, 13.041434810728873], [80.23754607143793, 13.041437246622834], [80.23753947083291, 13.04122055564902], [80.23762394387316, 13.041218119304318], [80.23763052892434, 13.041434810728873]]]}, "properties": {"source": "microsoft", "height": -1.0, "confidence": -1.0}}, {"type": "Feature", "geometry": {"type": "Polygon", "coordinates": [[[80.23888812760121, 13.042701237473281], [80.23891560939857, 13.042812373455305], [80.23877739110489, 13.042844811435799], [80.238749916854, 13.042733673697342], [80.23888812760121, 13.042701237473281]]]}, "properties": {"source": "microsoft", "height": -1.0, "confidence": -1.0}}, {"type": "Feature", "geometry": {"type": "Polygon", "coordinates": [[[80.2390637012207, 13.04163168377029], [80.23906610737569, 13.041755729588985], [80.23897626664692, 13.041757389641603], [80.23897385146418, 13.041633337864283], [80.2390637012207, 13.04163168377029]]]}, "properties": {"source": "microsoft", "height": -1.0, "confidence": -1.0}}, {"type": "Feature", "geometry": {"type": "Polygon", "coordinates": [[[80.24054395980038, 13.039639307243533], [80.2407242306357, 13.039597601834757], [80.24075076032824, 13.03970643825103], [80.24057048949294, 13.039748143641475], [80.24054395980038, 13.039639307243533]]]}, "properties": {"source": "microsoft", "height": -1.0, "confidence": -1.0}}, {"type": "Feature", "geometry": {"type": "Polygon", "coordinates": [[[80.24195486252727, 13.038375111718722], [80.24183960842025, 13.038378090103834], [80.24183556654258, 13.038229250120978], [80.24195082064955, 13.038226271734075], [80.24195486252727, 13.038375111718722]]]}, "properties": {"source": "microsoft", "height": -1.0, "confidence": -1.0}}, {"type": "Feature", "geometry": {"type": "Polygon", "coordinates": [[[80.24197020763856, 13.03972201152908], [80.24181547558648, 13.039744736787682], [80.2417911166622, 13.039587397680393], [80.24194584711725, 13.039564662091735], [80.24197020763856, 13.03972201152908]]]}, "properties": {"source": "microsoft", "height": -1.0, "confidence": -1.0}}, {"type": "Feature", "geometry": {"type": "Polygon", "coordinates": [[[80.24222736926815, 13.04737654400752], [80.24222133355535, 13.047540950829514], [80.24215265239052, 13.047538562595008], [80.2421586763068, 13.047374155361226], [80.24222736926815, 13.04737654400752]]]}, "properties": {"source": "microsoft", "height": -1.0, "confidence": -1.0}}, {"type": "Feature", "geometry": {"type": "Polygon", "coordinates": [[[80.23334744270393, 13.044217553607723], [80.23342237458343, 13.044214074333027], [80.23342988904864, 13.044367892239237], [80.23328002528967, 13.044374850784251], [80.23326919936524, 13.044153248691856], [80.2333441312447, 13.044149769416265], [80.23334744270393, 13.044217553607723]]]}, "properties": {"source": "microsoft", "height": -1.0, "confidence": -1.0}}, {"type": "Feature", "geometry": {"type": "Polygon", "coordinates": [[[80.2362115839816, 13.047680634176018], [80.23621659295875, 13.047777066458451], [80.2359998896762, 13.047787763723875], [80.23599168994014, 13.047629903285639], [80.23617361432618, 13.047620935231805], [80.23617680444244, 13.047682351021791], [80.2362115839816, 13.047680634176018]]]}, "properties": {"source": "microsoft", "height": -1.0, "confidence": -1.0}}, {"type": "Feature", "geometry": {"type": "Polygon", "coordinates": [[[80.23659399123007, 13.046273601120191], [80.23661555725747, 13.046444644839127], [80.23652672416243, 13.046455268530323], [80.2365051709927, 13.046284229337033], [80.23659399123007, 13.046273601120191]]]}, "properties": {"source": "microsoft", "height": -1.0, "confidence": -1.0}}, {"type": "Feature", "geometry": {"type": "Polygon", "coordinates": [[[80.23675055322312, 13.041857289918028], [80.23671662563565, 13.041605555632145], [80.23680891115384, 13.04159374488421], [80.2368428387413, 13.041845479182115], [80.23675055322312, 13.041857289918028]]]}, "properties": {"source": "microsoft", "height": -1.0, "confidence": -1.0}}, {"type": "Feature", "geometry": {"type": "Polygon", "coordinates": [[[80.2369165237703, 13.03911201275686], [80.23697971936697, 13.039110362431629], [80.23698244242567, 13.039209587264935], [80.23706285106965, 13.039207487429408], [80.23706629072274, 13.039332824005143], [80.23694567775676, 13.039335973756863], [80.23694402958968, 13.03927591665635], [80.23692105012464, 13.039276516754555], [80.2369165237703, 13.03911201275686]]]}, "properties": {"source": "microsoft", "height": -1.0, "confidence": -1.0}}, {"type": "Feature", "geometry": {"type": "Polygon", "coordinates": [[[80.2371776549055, 13.04709827657733], [80.23719657518367, 13.047218255701438], [80.23710748179181, 13.04723158329719], [80.23708856151367, 13.047111604179534], [80.2371776549055, 13.04709827657733]]]}, "properties": {"source": "microsoft", "height": -1.0, "confidence": -1.0}}, {"type": "Feature", "geometry": {"type": "Polygon", "coordinates": [[[80.23762340442568, 13.038214850160301], [80.2375136378835, 13.038219460534819], [80.23751040601688, 13.038146430556608], [80.23745686136213, 13.038148679520418], [80.23745489915741, 13.038104339880675], [80.23740403173542, 13.038106476396663], [80.23739779884981, 13.037965632783624], [80.23740315331528, 13.037965407887071], [80.23739952122389, 13.037883334008058], [80.23775559210543, 13.03786835414877], [80.23776857459764, 13.038161717668672], [80.2376561308227, 13.038166440492404], [80.2376443575943, 13.03790040255383], [80.23760955356873, 13.037901864381766], [80.23762340442568, 13.038214850160301]]]}, "properties": {"source": "microsoft", "height": -1.0, "confidence": -1.0}}, {"type": "Feature", "geometry": {"type": "Polygon", "coordinates": [[[80.23783759555654, 13.046202135974937], [80.237653121895, 13.046243315800055], [80.23760290227222, 13.046029810204956], [80.2377873905077, 13.045988627090935], [80.23783759555654, 13.046202135974937]]]}, "properties": {"source": "microsoft", "height": -1.0, "confidence": -1.0}}, {"type": "Feature", "geometry": {"type": "Polygon", "coordinates": [[[80.23796591134514, 13.045953440055143], [80.2379819436648, 13.046050212516391], [80.23785748963937, 13.046069780225864], [80.23784146409571, 13.045973006706916], [80.23796591134514, 13.045953440055143]]]}, "properties": {"source": "microsoft", "height": -1.0, "confidence": -1.0}}, {"type": "Feature", "geometry": {"type": "Polygon", "coordinates": [[[80.23956280577295, 13.041117973725818], [80.2396377318725, 13.04111443847981], [80.23964065126312, 13.041173161633324], [80.2395657249102, 13.0411766917817], [80.23956280577295, 13.041117973725818]]]}, "properties": {"source": "microsoft", "height": -1.0, "confidence": -1.0}}, {"type": "Feature", "geometry": {"type": "Polygon", "coordinates": [[[80.24272208882411, 13.040401648678525], [80.2427134498764, 13.04060511744298], [80.24259831188171, 13.040600477768976], [80.24260695082945, 13.040397009000728], [80.24272208882411, 13.040401648678525]]]}, "properties": {"source": "microsoft", "height": -1.0, "confidence": -1.0}}, {"type": "Feature", "geometry": {"type": "Polygon", "coordinates": [[[80.23437889150539, 13.037980229409655], [80.2345535652116, 13.037960482551512], [80.23456443496494, 13.038051739076593], [80.23438975985891, 13.038071474175553], [80.23437889150539, 13.037980229409655]]]}, "properties": {"source": "microsoft", "height": -1.0, "confidence": -1.0}}, {"type": "Feature", "geometry": {"type": "Polygon", "coordinates": [[[80.23557713566339, 13.038024810956003], [80.23560759782416, 13.038029212220906], [80.23559669442297, 13.038100802621642], [80.23547700483377, 13.038083509513257], [80.23549708204426, 13.037951622765135], [80.23558631359884, 13.037964521297155], [80.23557713566339, 13.038024810956003]]]}, "properties": {"source": "microsoft", "height": -1.0, "confidence": -1.0}}, {"type": "Feature", "geometry": {"type": "Polygon", "coordinates": [[[80.23658348434522, 13.042771895696987], [80.23654396651698, 13.042832031724402], [80.23646786685241, 13.042784570507138], [80.23650738226203, 13.042724438148625], [80.23658348434522, 13.042771895696987]]]}, "properties": {"source": "microsoft", "height": -1.0, "confidence": -1.0}}, {"type": "Feature", "geometry": {"type": "Polygon", "coordinates": [[[80.23718352595422, 13.040908879723332], [80.23720782015424, 13.041133722136706], [80.23696376117941, 13.041158749954718], [80.2369394669794, 13.040933907564096], [80.23718352595422, 13.040908879723332]]]}, "properties": {"source": "microsoft", "height": -1.0, "confidence": -1.0}}, {"type": "Feature", "geometry": {"type": "Polygon", "coordinates": [[[80.23742136029216, 13.041485555847984], [80.23750875004345, 13.041471374508731], [80.23756224276254, 13.041784095969305], [80.2374748311513, 13.04179828083798], [80.23742136029216, 13.041485555847984]]]}, "properties": {"source": "microsoft", "height": -1.0, "confidence": -1.0}}, {"type": "Feature", "geometry": {"type": "Polygon", "coordinates": [[[80.23949915291604, 13.043727836701947], [80.23945357900185, 13.043836478383525], [80.23926511758485, 13.043761435241265], [80.23931068688006, 13.043652804537672], [80.23949915291604, 13.043727836701947]]]}, "properties": {"source": "microsoft", "height": -1.0, "confidence": -1.0}}, {"type": "Feature", "geometry": {"type": "Polygon", "coordinates": [[[80.24255844289459, 13.04397941654112], [80.24253959384659, 13.043868526369678], [80.24262313282703, 13.043855044099374], [80.24264717044309, 13.043996458952293], [80.24260017923653, 13.04400403960662], [80.2425949916108, 13.043973520476072], [80.24255844289459, 13.04397941654112]]]}, "properties": {"source": "microsoft", "height": -1.0, "confidence": -1.0}}, {"type": "Feature", "geometry": {"type": "Polygon", "coordinates": [[[80.24273014549021, 13.041833504529166], [80.24269124527596, 13.04150868754877], [80.24277720871848, 13.04149891090961], [80.24279975948218, 13.041687097067694], [80.24281563635772, 13.041685291388873], [80.24283200882998, 13.041821919606718], [80.24273014549021, 13.041833504529166]]]}, "properties": {"source": "microsoft", "height": -1.0, "confidence": -1.0}}, {"type": "Feature", "geometry": {"type": "Polygon", "coordinates": [[[80.23353531654577, 13.039443804364168], [80.23348823667764, 13.039451126602728], [80.23347821529102, 13.039389972047047], [80.23352529515914, 13.039382649806683], [80.23353531654577, 13.039443804364168]]]}, "properties": {"source": "microsoft", "height": -1.0, "confidence": -1.0}}, {"type": "Feature", "geometry": {"type": "Polygon", "coordinates": [[[80.23371687051312, 13.046913829606865], [80.23380090831719, 13.04691099904997], [80.23380953959617, 13.04715469098059], [80.23372551907573, 13.047157515223859], [80.23371687051312, 13.046913829606865]]]}, "properties": {"source": "microsoft", "height": -1.0, "confidence": -1.0}}, {"type": "Feature", "geometry": {"type": "Polygon", "coordinates": [[[80.2342781157779, 13.03853011590519], [80.23416375831388, 13.038540416262407], [80.23415220184125, 13.038418643429196], [80.23414954236539, 13.038418882972493], [80.23413257648005, 13.038240109981302], [80.23424959341995, 13.038229570068097], [80.2342781157779, 13.03853011590519]]]}, "properties": {"source": "microsoft", "height": -1.0, "confidence": -1.0}}, {"type": "Feature", "geometry": {"type": "Polygon", "coordinates": [[[80.23476988365069, 13.037774224685194], [80.23480271700004, 13.037914849147597], [80.23490826909914, 13.03789145162331], [80.2349181333851, 13.037933687120699], [80.2348100281803, 13.03795765058274], [80.23482162982855, 13.038007340141505], [80.23470686989354, 13.038032778736465], [80.2346525717192, 13.037800221001476], [80.23476988365069, 13.037774224685194]]]}, "properties": {"source": "microsoft", "height": -1.0, "confidence": -1.0}}, {"type": "Feature", "geometry": {"type": "Polygon", "coordinates": [[[80.2354139822503, 13.043218381636265], [80.23542039707341, 13.043348732410252], [80.2352437772333, 13.043356981509987], [80.23523877367126, 13.043255307915544], [80.23534046388222, 13.043250558431978], [80.23533905262116, 13.043221881256201], [80.2354139822503, 13.043218381636265]]]}, "properties": {"source": "microsoft", "height": -1.0, "confidence": -1.0}}, {"type": "Feature", "geometry": {"type": "Polygon", "coordinates": [[[80.23597269574944, 13.041904201252919], [80.23588559772912, 13.041906529201526], [80.23588049493874, 13.041724871819866], [80.23596758008534, 13.04172255015142], [80.23597269574944, 13.041904201252919]]]}, "properties": {"source": "microsoft", "height": -1.0, "confidence": -1.0}}, {"type": "Feature", "geometry": {"type": "Polygon", "coordinates": [[[80.23790585559348, 13.041914275526707], [80.23800771945515, 13.041911865462367], [80.2380113651692, 13.042058108400965], [80.2379095013075, 13.04206051846387], [80.23790585559348, 13.041914275526707]]]}, "properties": {"source": "microsoft", "height": -1.0, "confidence": -1.0}}, {"type": "Feature", "geometry": {"type": "Polygon", "coordinates": [[[80.2416063220055, 13.039372611149773], [80.24161059453232, 13.039475860800309], [80.24148893389291, 13.039480630612033], [80.24148466911373, 13.039377388954534], [80.2416063220055, 13.039372611149773]]]}, "properties": {"source": "microsoft", "height": -1.0, "confidence": -1.0}}, {"type": "Feature", "geometry": {"type": "Polygon", "coordinates": [[[80.24204998163869, 13.047497535524158], [80.24195478094153, 13.047508615603135], [80.24194119567501, 13.047397839312467], [80.24203639637219, 13.047386759228516], [80.24204998163869, 13.047497535524158]]]}, "properties": {"source": "microsoft", "height": -1.0, "confidence": -1.0}}, {"type": "Feature", "geometry": {"type": "Polygon", "coordinates": [[[80.24312724205424, 13.044295053394222], [80.24314252520027, 13.044393086027057], [80.24297735758196, 13.04441753493002], [80.24296207271988, 13.044319491299163], [80.24312724205424, 13.044295053394222]]]}, "properties": {"source": "microsoft", "height": -1.0, "confidence": -1.0}}, {"type": "Feature", "geometry": {"type": "Polygon", "coordinates": [[[80.23432774128032, 13.04485310963176], [80.23440189123642, 13.044840980910422], [80.23443840160223, 13.045052906589873], [80.23436426560673, 13.04506502796248], [80.23432774128032, 13.04485310963176]]]}, "properties": {"source": "microsoft", "height": -1.0, "confidence": -1.0}}, {"type": "Feature", "geometry": {"type": "Polygon", "coordinates": [[[80.2347391532449, 13.047742115869653], [80.23482484345979, 13.047738733052043], [80.23482965323001, 13.047854559587094], [80.23474396277291, 13.047857936570182], [80.2347391532449, 13.047742115869653]]]}, "properties": {"source": "microsoft", "height": -1.0, "confidence": -1.0}}, {"type": "Feature", "geometry": {"type": "Polygon", "coordinates": [[[80.23598424438728, 13.043935124142934], [80.23601473123365, 13.044105002587145], [80.23591322766431, 13.044122290752497], [80.23588274081794, 13.043952412320166], [80.23598424438728, 13.043935124142934]]]}, "properties": {"source": "microsoft", "height": -1.0, "confidence": -1.0}}, {"type": "Feature", "geometry": {"type": "Polygon", "coordinates": [[[80.2371221255011, 13.04724924100914], [80.23721303418245, 13.047244269944798], [80.23722038821327, 13.047371903101663], [80.23712947953197, 13.047376874163433], [80.2371221255011, 13.04724924100914]]]}, "properties": {"source": "microsoft", "height": -1.0, "confidence": -1.0}}, {"type": "Feature", "geometry": {"type": "Polygon", "coordinates": [[[80.23866818367786, 13.038890137935326], [80.23867011683933, 13.03902076344913], [80.2387157049162, 13.039020123120991], [80.2387174834248, 13.039140298533127], [80.23859412745207, 13.039142031184909], [80.23859142102599, 13.038959155535878], [80.23855119625232, 13.038959720531452], [80.23855019100831, 13.038891795256106], [80.23866818367786, 13.038890137935326]]]}, "properties": {"source": "microsoft", "height": -1.0, "confidence": -1.0}}, {"type": "Feature", "geometry": {"type": "Polygon", "coordinates": [[[80.24200604603365, 13.043117440986748], [80.24191209487284, 13.043127735241839], [80.24185477310355, 13.042631229906732], [80.2418998014054, 13.042626299203363], [80.24190427001425, 13.04266500509577], [80.24195322608205, 13.042659644293664], [80.24200604603365, 13.043117440986748]]]}, "properties": {"source": "microsoft", "height": -1.0, "confidence": -1.0}}, {"type": "Feature", "geometry": {"type": "Polygon", "coordinates": [[[80.24210854377203, 13.037971745268734], [80.2421093559906, 13.038005696653087], [80.24209595222622, 13.038006000991587], [80.24210013827586, 13.038180981129102], [80.24198218514927, 13.038183659306029], [80.24197718688103, 13.037974727786462], [80.24210854377203, 13.037971745268734]]]}, "properties": {"source": "microsoft", "height": -1.0, "confidence": -1.0}}, {"type": "Feature", "geometry": {"type": "Polygon", "coordinates": [[[80.24227407562506, 13.046966591947239], [80.2422877568335, 13.047016338789419], [80.24222678072906, 13.047032257764002], [80.2422479687209, 13.047109280205191], [80.24212534468181, 13.047141285174561], [80.24210684137361, 13.047074022086846], [80.24214278936448, 13.047064637180199], [80.24212602758843, 13.047003688961524], [80.24222270735598, 13.046978448861651], [80.24222310524462, 13.046979895264272], [80.24227407562506, 13.046966591947239]]]}, "properties": {"source": "microsoft", "height": -1.0, "confidence": -1.0}}, {"type": "Feature", "geometry": {"type": "Polygon", "coordinates": [[[80.2343591874129, 13.041082466441424], [80.23436123336208, 13.041127814481015], [80.23425682890563, 13.041132285011685], [80.23425294600236, 13.041046221258682], [80.23446710898993, 13.041037050936097], [80.23446894560703, 13.041077759182542], [80.2343591874129, 13.041082466441424]]]}, "properties": {"source": "microsoft", "height": -1.0, "confidence": -1.0}}, {"type": "Feature", "geometry": {"type": "Polygon", "coordinates": [[[80.23440171609364, 13.046572620083438], [80.2344047309301, 13.046671825875762], [80.23432064952854, 13.04667425660432], [80.23431762757106, 13.04657505101882], [80.23440171609364, 13.046572620083438]]]}, "properties": {"source": "microsoft", "height": -1.0, "confidence": -1.0}}, {"type": "Feature", "geometry": {"type": "Polygon", "coordinates": [[[80.23486397669564, 13.043327553262941], [80.23486915956317, 13.043454340971593], [80.2348075664377, 13.043456730547462], [80.23480238339873, 13.043329938647076], [80.23486397669564, 13.043327553262941]]]}, "properties": {"source": "microsoft", "height": -1.0, "confidence": -1.0}}, {"type": "Feature", "geometry": {"type": "Polygon", "coordinates": [[[80.23732206212604, 13.041717057890082], [80.23740784842894, 13.041715156896373], [80.23741016562877, 13.041814400447308], [80.23732437932587, 13.041816301440278], [80.23732206212604, 13.041717057890082]]]}, "properties": {"source": "microsoft", "height": -1.0, "confidence": -1.0}}, {"type": "Feature", "geometry": {"type": "Polygon", "coordinates": [[[80.2376235794166, 13.045031305485622], [80.2378484241442, 13.04500111973374], [80.2378622014284, 13.045098563692662], [80.2376715824366, 13.045124154576826], [80.23766505310034, 13.045077997358533], [80.23763083423472, 13.045082591292896], [80.2376235794166, 13.045031305485622]]]}, "properties": {"source": "microsoft", "height": -1.0, "confidence": -1.0}}, {"type": "Feature", "geometry": {"type": "Polygon", "coordinates": [[[80.2379299134789, 13.046082877337412], [80.23794214368094, 13.046151354700868], [80.23787185199683, 13.046163269223385], [80.23785962179477, 13.046094791863226], [80.2379299134789, 13.046082877337412]]]}, "properties": {"source": "microsoft", "height": -1.0, "confidence": -1.0}}, {"type": "Feature", "geometry": {"type": "Polygon", "coordinates": [[[80.24106559965425, 13.046757993681396], [80.2409370482845, 13.046762866968635], [80.24092860670258, 13.046551536253219], [80.2410571580723, 13.046546662961802], [80.24106559965425, 13.046757993681396]]]}, "properties": {"source": "microsoft", "height": -1.0, "confidence": -1.0}}, {"type": "Feature", "geometry": {"type": "Polygon", "coordinates": [[[80.24256562780401, 13.047025407985913], [80.24252264449626, 13.047132956300075], [80.24237357651603, 13.047076425483667], [80.24241656335116, 13.046968868319098], [80.24256562780401, 13.047025407985913]]]}, "properties": {"source": "microsoft", "height": -1.0, "confidence": -1.0}}, {"type": "Feature", "geometry": {"type": "Polygon", "coordinates": [[[80.23504538834585, 13.03973037247414], [80.23511484755336, 13.039533017400487], [80.23517724887823, 13.039553861562169], [80.2351077883308, 13.03975122042631], [80.23504538834585, 13.03973037247414]]]}, "properties": {"source": "microsoft", "height": -1.0, "confidence": -1.0}}, {"type": "Feature", "geometry": {"type": "Polygon", "coordinates": [[[80.24223361323989, 13.043135990938964], [80.24233395806266, 13.043130490113072], [80.24234224330192, 13.043273751389123], [80.2422044558201, 13.043281304788337], [80.24219768538232, 13.043164090566606], [80.24223511778163, 13.043162038551571], [80.24223361323989, 13.043135990938964]]]}, "properties": {"source": "microsoft", "height": -1.0, "confidence": -1.0}}, {"type": "Feature", "geometry": {"type": "Polygon", "coordinates": [[[80.24223461487686, 13.045515881707402], [80.24228246705745, 13.045380364666698], [80.24238799666797, 13.045415729430431], [80.2423401444874, 13.045551246451737], [80.24223461487686, 13.045515881707402]]]}, "properties": {"source": "microsoft", "height": -1.0, "confidence": -1.0}}, {"type": "Feature", "geometry": {"type": "Polygon", "coordinates": [[[80.24257585672733, 13.044898049610978], [80.24249466526658, 13.045157729253603], [80.24240875973972, 13.04513223260372], [80.24248994952461, 13.044872558294287], [80.24257585672733, 13.044898049610978]]]}, "properties": {"source": "microsoft", "height": -1.0, "confidence": -1.0}}, {"type": "Feature", "geometry": {"type": "Polygon", "coordinates": [[[80.23419337787229, 13.04033267920066], [80.23424787325929, 13.040786357233117], [80.23428491661123, 13.040782131644391], [80.23430175649224, 13.040922324703999], [80.23427529674137, 13.040925341200207], [80.23426929422497, 13.040875369886592], [80.23420843728968, 13.040882311922545], [80.23420007720189, 13.040812713669027], [80.2341325203071, 13.04082041998069], [80.23407551424347, 13.040346124099372], [80.23419337787229, 13.04033267920066]]]}, "properties": {"source": "microsoft", "height": -1.0, "confidence": -1.0}}, {"type": "Feature", "geometry": {"type": "Polygon", "coordinates": [[[80.23690274706664, 13.044898281216433], [80.23699585616667, 13.04488082305042], [80.23699712255231, 13.044887230601432], [80.23709281677277, 13.044869281194039], [80.23713487557897, 13.0450820867092], [80.23694607101503, 13.045117487960184], [80.23690274706664, 13.044898281216433]]]}, "properties": {"source": "microsoft", "height": -1.0, "confidence": -1.0}}, {"type": "Feature", "geometry": {"type": "Polygon", "coordinates": [[[80.23783165237799, 13.03905006913402], [80.23764174720225, 13.039059858231155], [80.23763495407039, 13.038934781859737], [80.23782485924613, 13.038924992757657], [80.23783165237799, 13.03905006913402]]]}, "properties": {"source": "microsoft", "height": -1.0, "confidence": -1.0}}, {"type": "Feature", "geometry": {"type": "Polygon", "coordinates": [[[80.2393601695902, 13.03987911404883], [80.23951398013953, 13.039853661075867], [80.23953391548959, 13.03996794906864], [80.23938010494024, 13.039993402029836], [80.2393601695902, 13.03987911404883]]]}, "properties": {"source": "microsoft", "height": -1.0, "confidence": -1.0}}, {"type": "Feature", "geometry": {"type": "Polygon", "coordinates": [[[80.23970622290445, 13.045005657192192], [80.23958893913817, 13.045277695781266], [80.23944073479103, 13.045217066089407], [80.23955802226057, 13.044945018843919], [80.23970622290445, 13.045005657192192]]]}, "properties": {"source": "microsoft", "height": -1.0, "confidence": -1.0}}, {"type": "Feature", "geometry": {"type": "Polygon", "coordinates": [[[80.24116514959253, 13.045871491905118], [80.24111539097092, 13.045970590653354], [80.2410179953573, 13.045924179070823], [80.24110269088345, 13.045755500295044], [80.24122389431375, 13.045813256969154], [80.24118895740922, 13.04588283696188], [80.24116514959253, 13.045871491905118]]]}, "properties": {"source": "microsoft", "height": -1.0, "confidence": -1.0}}, {"type": "Feature", "geometry": {"type": "Polygon", "coordinates": [[[80.24258905166107, 13.041084194998561], [80.24245931807671, 13.041098640049157], [80.24244600361058, 13.040985149157564], [80.24257573719494, 13.040970704100332], [80.24258905166107, 13.041084194998561]]]}, "properties": {"source": "microsoft", "height": -1.0, "confidence": -1.0}}, {"type": "Feature", "geometry": {"type": "Polygon", "coordinates": [[[80.24307422347395, 13.04381612795342], [80.24312166722616, 13.044287158601819], [80.24275621685427, 13.044322092837476], [80.24270880661962, 13.043851059051562], [80.24307422347395, 13.04381612795342]]]}, "properties": {"source": "microsoft", "height": -1.0, "confidence": -1.0}}, {"type": "Feature", "geometry": {"type": "Polygon", "coordinates": [[[80.23294655190901, 13.040143868787723], [80.23303859318486, 13.04013120434945], [80.23306682104115, 13.04032591136496], [80.23297477976534, 13.040338575793271], [80.23294655190901, 13.040143868787723]]]}, "properties": {"source": "microsoft", "height": -1.0, "confidence": -1.0}}, {"type": "Feature", "geometry": {"type": "Polygon", "coordinates": [[[80.23422578317353, 13.045052106286946], [80.23405636340922, 13.045071085365834], [80.23404753032301, 13.044996298198853], [80.23413070630183, 13.044986980490762], [80.23412054464768, 13.044900892329878], [80.23420678164373, 13.044891225830725], [80.23422578317353, 13.045052106286946]]]}, "properties": {"source": "microsoft", "height": -1.0, "confidence": -1.0}}, {"type": "Feature", "geometry": {"type": "Polygon", "coordinates": [[[80.23569272848407, 13.041740916568529], [80.23581039476139, 13.041718869640405], [80.23582830980988, 13.041809581781123], [80.2357106372481, 13.041831629878715], [80.23569272848407, 13.041740916568529]]]}, "properties": {"source": "microsoft", "height": -1.0, "confidence": -1.0}}, {"type": "Feature", "geometry": {"type": "Polygon", "coordinates": [[[80.23733049631119, 13.039128216808223], [80.23733049631119, 13.038992338092186], [80.23745119571686, 13.038992338092186], [80.23745119571686, 13.039128216808223], [80.23733049631119, 13.039128216808223]]]}, "properties": {"source": "microsoft", "height": -1.0, "confidence": -1.0}}, {"type": "Feature", "geometry": {"type": "Polygon", "coordinates": [[[80.23853596511864, 13.043840666715838], [80.23863259460646, 13.043880421608662], [80.2386066398621, 13.043940294447196], [80.23851001402477, 13.04390054106588], [80.23853596511864, 13.043840666715838]]]}, "properties": {"source": "microsoft", "height": -1.0, "confidence": -1.0}}, {"type": "Feature", "geometry": {"type": "Polygon", "coordinates": [[[80.23969357074104, 13.047262415441338], [80.23951817665842, 13.047307774848392], [80.2394842533286, 13.047183286652455], [80.23965964741126, 13.047137927222536], [80.23969357074104, 13.047262415441338]]]}, "properties": {"source": "microsoft", "height": -1.0, "confidence": -1.0}}, {"type": "Feature", "geometry": {"type": "Polygon", "coordinates": [[[80.24024529133766, 13.044095421956825], [80.24031745340629, 13.04412285215929], [80.24025932335783, 13.044267987678708], [80.2401871612892, 13.04424055749233], [80.24024529133766, 13.044095421956825]]]}, "properties": {"source": "microsoft", "height": -1.0, "confidence": -1.0}}, {"type": "Feature", "geometry": {"type": "Polygon", "coordinates": [[[80.24122816182769, 13.038616335308163], [80.24134062607509, 13.038611849350588], [80.24135312447643, 13.03890923913174], [80.24124066022904, 13.03891372508393], [80.24122816182769, 13.038616335308163]]]}, "properties": {"source": "microsoft", "height": -1.0, "confidence": -1.0}}, {"type": "Feature", "geometry": {"type": "Polygon", "coordinates": [[[80.23318402203589, 13.038816393680037], [80.23324030409334, 13.03881485482114], [80.23324233498784, 13.0388853517628], [80.23318605293039, 13.03888689062127], [80.23318402203589, 13.038816393680037]]]}, "properties": {"source": "microsoft", "height": -1.0, "confidence": -1.0}}, {"type": "Feature", "geometry": {"type": "Polygon", "coordinates": [[[80.23424742546266, 13.045238331318018], [80.23424372828781, 13.045284075250223], [80.23417331991371, 13.045278679352194], [80.2341770142077, 13.045232930397361], [80.23424742546266, 13.045238331318018]]]}, "properties": {"source": "microsoft", "height": -1.0, "confidence": -1.0}}, {"type": "Feature", "geometry": {"type": "Polygon", "coordinates": [[[80.23570795150764, 13.040839589934137], [80.23562145788904, 13.040847504324788], [80.23561771203846, 13.04080865157647], [80.23570420842391, 13.040800736931402], [80.23570795150764, 13.040839589934137]]]}, "properties": {"source": "microsoft", "height": -1.0, "confidence": -1.0}}, {"type": "Feature", "geometry": {"type": "Polygon", "coordinates": [[[80.23587417414552, 13.0467537276906], [80.23593675141313, 13.04675633461433], [80.23593055883353, 13.046897177025713], [80.23586799166608, 13.04689457052423], [80.23587417414552, 13.0467537276906]]]}, "properties": {"source": "microsoft", "height": -1.0, "confidence": -1.0}}, {"type": "Feature", "geometry": {"type": "Polygon", "coordinates": [[[80.23633229961656, 13.046815969943381], [80.2362201292459, 13.046823136130612], [80.23620777039432, 13.046639544884272], [80.23631994127766, 13.04663238630701], [80.23633229961656, 13.046815969943381]]]}, "properties": {"source": "microsoft", "height": -1.0, "confidence": -1.0}}, {"type": "Feature", "geometry": {"type": "Polygon", "coordinates": [[[80.23669328530467, 13.0449534079344], [80.23681454375743, 13.044926364224139], [80.23681454375743, 13.044926364224139], [80.236881884211, 13.044911345593832], [80.23693556320649, 13.045139768828221], [80.23684890965495, 13.045159094751511], [80.2368483261876, 13.0451566118916], [80.2367463808328, 13.045179348270239], [80.23669328530467, 13.0449534079344]]]}, "properties": {"source": "microsoft", "height": -1.0, "confidence": -1.0}}, {"type": "Feature", "geometry": {"type": "Polygon", "coordinates": [[[80.23818254975954, 13.044547402331332], [80.23819642970854, 13.044659466762269], [80.23803667420759, 13.044678256430203], [80.2380227849927, 13.044566182204406], [80.23818254975954, 13.044547402331332]]]}, "properties": {"source": "microsoft", "height": -1.0, "confidence": -1.0}}, {"type": "Feature", "geometry": {"type": "Polygon", "coordinates": [[[80.24134324491666, 13.039287700846941], [80.24145563634156, 13.039282420821252], [80.24146699205272, 13.03951183562593], [80.24135460062787, 13.039517115646731], [80.24134324491666, 13.039287700846941]]]}, "properties": {"source": "microsoft", "height": -1.0, "confidence": -1.0}}, {"type": "Feature", "geometry": {"type": "Polygon", "coordinates": [[[80.23348396306282, 13.0425342230713], [80.23368507663335, 13.042511377904887], [80.23370698397532, 13.042694413428592], [80.23365141312033, 13.042700725904325], [80.23364894468743, 13.042680102190644], [80.23350340197194, 13.042696634865806], [80.23348396306282, 13.0425342230713]]]}, "properties": {"source": "microsoft", "height": -1.0, "confidence": -1.0}}, {"type": "Feature", "geometry": {"type": "Polygon", "coordinates": [[[80.23380398787596, 13.042497744563548], [80.23381818035979, 13.042653296503147], [80.23373036129281, 13.042660900995998], [80.23371285722936, 13.042469053595639], [80.23382994931872, 13.042458914263918], [80.23383326089828, 13.042495209730944], [80.23380398787596, 13.042497744563548]]]}, "properties": {"source": "microsoft", "height": -1.0, "confidence": -1.0}}, {"type": "Feature", "geometry": {"type": "Polygon", "coordinates": [[[80.23540977090758, 13.04312883317688], [80.23545393832143, 13.043028640384819], [80.23544595143647, 13.043025298897263], [80.23547610364704, 13.042956910402168], [80.23562222453447, 13.043018043272667], [80.23553469790166, 13.043216595453671], [80.23543958638811, 13.043176803504522], [80.23545279645279, 13.043146836777822], [80.23540977090758, 13.04312883317688]]]}, "properties": {"source": "microsoft", "height": -1.0, "confidence": -1.0}}, {"type": "Feature", "geometry": {"type": "Polygon", "coordinates": [[[80.23750549329681, 13.047127588230524], [80.2374071172093, 13.04714308921723], [80.23735407367305, 13.046823607856396], [80.23745242630793, 13.046808103839197], [80.23750549329681, 13.047127588230524]]]}, "properties": {"source": "microsoft", "height": -1.0, "confidence": -1.0}}, {"type": "Feature", "geometry": {"type": "Polygon", "coordinates": [[[80.23962956720385, 13.047874405354492], [80.2398283810508, 13.047853340123964], [80.23984394997838, 13.047992790289797], [80.23964513613144, 13.048013855508401], [80.23962956720385, 13.047874405354492]]]}, "properties": {"source": "microsoft", "height": -1.0, "confidence": -1.0}}, {"type": "Feature", "geometry": {"type": "Polygon", "coordinates": [[[80.24097574439169, 13.04423036583205], [80.2411120305913, 13.044222272171297], [80.24112033863159, 13.04435504162683], [80.24100810293781, 13.04436170699097], [80.2410058222993, 13.044325260481841], [80.24098177179351, 13.04432668877432], [80.24097574439169, 13.04423036583205]]]}, "properties": {"source": "microsoft", "height": -1.0, "confidence": -1.0}}, {"type": "Feature", "geometry": {"type": "Polygon", "coordinates": [[[80.24109313251232, 13.04132035957474], [80.24104805121902, 13.041325059423798], [80.2410415242534, 13.041265640219692], [80.24108660554667, 13.041260940369483], [80.24109313251232, 13.04132035957474]]]}, "properties": {"source": "microsoft", "height": -1.0, "confidence": -1.0}}, {"type": "Feature", "geometry": {"type": "Polygon", "coordinates": [[[80.23319472558242, 13.044739649965464], [80.2330503292921, 13.044760344839617], [80.23301286423911, 13.044512253980244], [80.23314413359398, 13.044493440439524], [80.23315031339654, 13.044534362663356], [80.23316344033204, 13.044532481309531], [80.23319472558242, 13.044739649965464]]]}, "properties": {"source": "microsoft", "height": -1.0, "confidence": -1.0}}, {"type": "Feature", "geometry": {"type": "Polygon", "coordinates": [[[80.23542177947392, 13.044566801786814], [80.2352879819633, 13.044560498015514], [80.23529328797852, 13.04445361522221], [80.23542708548915, 13.044459918996239], [80.23542177947392, 13.044566801786814]]]}, "properties": {"source": "microsoft", "height": -1.0, "confidence": -1.0}}, {"type": "Feature", "geometry": {"type": "Polygon", "coordinates": [[[80.23601140150572, 13.045479331736473], [80.23601469560872, 13.045573289552834], [80.23590217409009, 13.045577033485245], [80.23589887998706, 13.045483075670305], [80.23601140150572, 13.045479331736473]]]}, "properties": {"source": "microsoft", "height": -1.0, "confidence": -1.0}}, {"type": "Feature", "geometry": {"type": "Polygon", "coordinates": [[[80.23805298705437, 13.038626783502338], [80.23811035164194, 13.038624992095848], [80.23811345041214, 13.038718965354079], [80.23805607908042, 13.038720756970505], [80.23805298705437, 13.038626783502338]]]}, "properties": {"source": "microsoft", "height": -1.0, "confidence": -1.0}}, {"type": "Feature", "geometry": {"type": "Polygon", "coordinates": [[[80.23866192519685, 13.042407089736088], [80.23873677294952, 13.042411340841952], [80.23872922384827, 13.042537637787191], [80.23866774151595, 13.042534149987048], [80.2386636943806, 13.042601858793844], [80.23856746116485, 13.0425963996298], [80.23857462148128, 13.042476607110245], [80.23865748897262, 13.042481308059322], [80.23866192519685, 13.042407089736088]]]}, "properties": {"source": "microsoft", "height": -1.0, "confidence": -1.0}}, {"type": "Feature", "geometry": {"type": "Polygon", "coordinates": [[[80.2401753684288, 13.04603195224], [80.24017742996568, 13.04597192091326], [80.24027818412942, 13.045975204608098], [80.24027612690051, 13.04603523607446], [80.2401753684288, 13.04603195224]]]}, "properties": {"source": "microsoft", "height": -1.0, "confidence": -1.0}}, {"type": "Feature", "geometry": {"type": "Polygon", "coordinates": [[[80.24228491421576, 13.039338107273622], [80.24214819851775, 13.039341267379413], [80.24214419153921, 13.039176737840123], [80.24228090723726, 13.039173577732228], [80.24228491421576, 13.039338107273622]]]}, "properties": {"source": "microsoft", "height": -1.0, "confidence": -1.0}}, {"type": "Feature", "geometry": {"type": "Polygon", "coordinates": [[[80.24241334217571, 13.04351438888358], [80.24252849804883, 13.043509960538955], [80.24252993332432, 13.043545445631807], [80.2424147771341, 13.043549866136289], [80.24241334217571, 13.04351438888358]]]}, "properties": {"source": "microsoft", "height": -1.0, "confidence": -1.0}}, {"type": "Feature", "geometry": {"type": "Polygon", "coordinates": [[[80.24281767607987, 13.043059462937194], [80.24301956489509, 13.043034602598695], [80.24305272960083, 13.043290212760354], [80.24285086061903, 13.043315084394933], [80.24281767607987, 13.043059462937194]]]}, "properties": {"source": "microsoft", "height": -1.0, "confidence": -1.0}}, {"type": "Feature", "geometry": {"type": "Polygon", "coordinates": [[[80.23432424789559, 13.043413443002763], [80.23435849603898, 13.043595463646867], [80.23422096005159, 13.043620023620448], [80.23418671190818, 13.04343800299442], [80.23432424789559, 13.043413443002763]]]}, "properties": {"source": "microsoft", "height": -1.0, "confidence": -1.0}}, {"type": "Feature", "geometry": {"type": "Polygon", "coordinates": [[[80.2360699469991, 13.039214785186374], [80.23616381914799, 13.039214106723023], [80.23616559004438, 13.039446655318528], [80.23607171789544, 13.039447333781254], [80.2360699469991, 13.039214785186374]]]}, "properties": {"source": "microsoft", "height": -1.0, "confidence": -1.0}}, {"type": "Feature", "geometry": {"type": "Polygon", "coordinates": [[[80.23668029638773, 13.043815549091846], [80.2367414791431, 13.043810117642877], [80.23674584242472, 13.043856764328709], [80.23682444627175, 13.043849786337773], [80.23683220912548, 13.04393271323535], [80.23681212200543, 13.04393449645211], [80.23681624288247, 13.043978551633487], [80.23674707976767, 13.043984691528124], [80.23674417091327, 13.043953593754637], [80.23669362863707, 13.043958080601172], [80.23668029638773, 13.043815549091846]]]}, "properties": {"source": "microsoft", "height": -1.0, "confidence": -1.0}}, {"type": "Feature", "geometry": {"type": "Polygon", "coordinates": [[[80.23712340156348, 13.04769793505794], [80.23723852876697, 13.047693170358457], [80.23724762825033, 13.04790183055745], [80.23716998432245, 13.047905043956732], [80.23716566206781, 13.04780593038545], [80.23712817879229, 13.047807481682241], [80.23712340156348, 13.04769793505794]]]}, "properties": {"source": "microsoft", "height": -1.0, "confidence": -1.0}}, {"type": "Feature", "geometry": {"type": "Polygon", "coordinates": [[[80.23875836606031, 13.046858713705078], [80.23865661156852, 13.046877980070377], [80.23859656233908, 13.046577103306817], [80.238698336326, 13.046557826287653], [80.23875836606031, 13.046858713705078]]]}, "properties": {"source": "microsoft", "height": -1.0, "confidence": -1.0}}, {"type": "Feature", "geometry": {"type": "Polygon", "coordinates": [[[80.23294574535151, 13.03805532581353], [80.23302149336709, 13.038043224588023], [80.23304231841378, 13.038166998091555], [80.23296656955195, 13.038179094281332], [80.23294574535151, 13.03805532581353]]]}, "properties": {"source": "microsoft", "height": -1.0, "confidence": -1.0}}, {"type": "Feature", "geometry": {"type": "Polygon", "coordinates": [[[80.23344310738898, 13.038933978814327], [80.23344898482448, 13.039236984640212], [80.23335782227174, 13.03923866291845], [80.23335191250118, 13.038933990089959], [80.23331169367471, 13.038934727766431], [80.23331056070936, 13.038876318727546], [80.23324621067214, 13.038877503396265], [80.23324453864306, 13.038791303375547], [80.23341345749081, 13.038788193619084], [80.23341629487345, 13.03893447242615], [80.23344310738898, 13.038933978814327]]]}, "properties": {"source": "microsoft", "height": -1.0, "confidence": -1.0}}, {"type": "Feature", "geometry": {"type": "Polygon", "coordinates": [[[80.23664795002449, 13.038554925145775], [80.23668543991705, 13.038553450203821], [80.23668948266227, 13.038651147289158], [80.23665199266412, 13.03865261967843], [80.23664795002449, 13.038554925145775]]]}, "properties": {"source": "microsoft", "height": -1.0, "confidence": -1.0}}, {"type": "Feature", "geometry": {"type": "Polygon", "coordinates": [[[80.23673241606346, 13.04024014613212], [80.23675650123027, 13.040239027779577], [80.2367513992026, 13.04013474307007], [80.23685309212917, 13.040130021135056], [80.23686163802552, 13.040304698001947], [80.23673585993217, 13.040310538285866], [80.23673241606346, 13.04024014613212]]]}, "properties": {"source": "microsoft", "height": -1.0, "confidence": -1.0}}, {"type": "Feature", "geometry": {"type": "Polygon", "coordinates": [[[80.23707260378302, 13.039621719226162], [80.23695646387776, 13.039630556711373], [80.23693459969833, 13.039357850429852], [80.23705075907641, 13.039349011453169], [80.23707260378302, 13.039621719226162]]]}, "properties": {"source": "microsoft", "height": -1.0, "confidence": -1.0}}, {"type": "Feature", "geometry": {"type": "Polygon", "coordinates": [[[80.23888204192417, 13.04651397697873], [80.23894871634388, 13.046813445537012], [80.23885649522978, 13.046832931520996], [80.23878982081007, 13.046533462986318], [80.23888204192417, 13.04651397697873]]]}, "properties": {"source": "microsoft", "height": -1.0, "confidence": -1.0}}, {"type": "Feature", "geometry": {"type": "Polygon", "coordinates": [[[80.2394054739465, 13.04138068330245], [80.23929284959553, 13.041382426465916], [80.23929135850001, 13.041290993558107], [80.23940398285097, 13.041289250394001], [80.2394054739465, 13.04138068330245]]]}, "properties": {"source": "microsoft", "height": -1.0, "confidence": -1.0}}, {"type": "Feature", "geometry": {"type": "Polygon", "coordinates": [[[80.24050854634996, 13.042468258373205], [80.24060844674847, 13.04245440370181], [80.24062976857553, 13.042600388577924], [80.24050094964062, 13.042618253801422], [80.24048581786522, 13.04251465057827], [80.24051473668392, 13.042510641948951], [80.24050854634996, 13.042468258373205]]]}, "properties": {"source": "microsoft", "height": -1.0, "confidence": -1.0}}, {"type": "Feature", "geometry": {"type": "Polygon", "coordinates": [[[80.24090014282629, 13.038080767769998], [80.24091414235295, 13.038354459548898], [80.24066263924584, 13.038366669350538], [80.24064930636328, 13.038106010533198], [80.24073760000728, 13.038101724109055], [80.24074066657025, 13.03816167566238], [80.24080861667895, 13.03815837686409], [80.24080487824155, 13.038085392615386], [80.24090014282629, 13.038080767769998]]]}, "properties": {"source": "microsoft", "height": -1.0, "confidence": -1.0}}, {"type": "Feature", "geometry": {"type": "Polygon", "coordinates": [[[80.23346497791974, 13.044461232995076], [80.23347318626433, 13.044646410268356], [80.23336609760044, 13.04465091535225], [80.23335788925587, 13.044465738082323], [80.23346497791974, 13.044461232995076]]]}, "properties": {"source": "microsoft", "height": -1.0, "confidence": -1.0}}, {"type": "Feature", "geometry": {"type": "Polygon", "coordinates": [[[80.2340507452548, 13.041480507493063], [80.23404514520558, 13.04132553783954], [80.23410675965121, 13.041323424688244], [80.23411235985208, 13.041478398539013], [80.2340507452548, 13.041480507493063]]]}, "properties": {"source": "microsoft", "height": -1.0, "confidence": -1.0}}, {"type": "Feature", "geometry": {"type": "Polygon", "coordinates": [[[80.23548160261413, 13.039463139723054], [80.23550187874766, 13.039340906989437], [80.23557656212255, 13.039352670025906], [80.23555627743133, 13.039474901405825], [80.23548160261413, 13.039463139723054]]]}, "properties": {"source": "microsoft", "height": -1.0, "confidence": -1.0}}, {"type": "Feature", "geometry": {"type": "Polygon", "coordinates": [[[80.23770122973471, 13.041942538530051], [80.23769682318817, 13.042121362584439], [80.23760433336874, 13.042119193227393], [80.23760875259916, 13.04194037577436], [80.23770122973471, 13.041942538530051]]]}, "properties": {"source": "microsoft", "height": -1.0, "confidence": -1.0}}, {"type": "Feature", "geometry": {"type": "Polygon", "coordinates": [[[80.23892003181473, 13.04260697020797], [80.23880404725593, 13.042683347650737], [80.23874306949621, 13.04259546464651], [80.23882681050618, 13.042540320011227], [80.23883800970687, 13.04255646231762], [80.23887025405166, 13.042535228960233], [80.23892003181473, 13.04260697020797]]]}, "properties": {"source": "microsoft", "height": -1.0, "confidence": -1.0}}, {"type": "Feature", "geometry": {"type": "Polygon", "coordinates": [[[80.23300515172645, 13.043179375637209], [80.23309927472265, 13.04315799219809], [80.23314198772178, 13.04333642497646], [80.23304786472559, 13.043357808400145], [80.23300515172645, 13.043179375637209]]]}, "properties": {"source": "microsoft", "height": -1.0, "confidence": -1.0}}, {"type": "Feature", "geometry": {"type": "Polygon", "coordinates": [[[80.2382648072281, 13.045629552541442], [80.23826993693253, 13.04571286823736], [80.23814165242243, 13.04572036419951], [80.23813652271801, 13.045637048506137], [80.2382648072281, 13.045629552541442]]]}, "properties": {"source": "microsoft", "height": -1.0, "confidence": -1.0}}, {"type": "Feature", "geometry": {"type": "Polygon", "coordinates": [[[80.24115840796416, 13.038303930477994], [80.24128172178995, 13.03830111376925], [80.24128612151306, 13.038483927421595], [80.24116280768726, 13.038486744128278], [80.24115840796416, 13.038303930477994]]]}, "properties": {"source": "microsoft", "height": -1.0, "confidence": -1.0}}, {"type": "Feature", "geometry": {"type": "Polygon", "coordinates": [[[80.24226462091164, 13.044333229598976], [80.24232047846779, 13.044328244240916], [80.24232364638767, 13.044361930453306], [80.24237418417658, 13.044357419891782], [80.24238553935163, 13.044478165597837], [80.2421222091983, 13.044501650179825], [80.24211402361757, 13.044414608495558], [80.24213530268656, 13.04441270931217], [80.24212628629915, 13.044316833176893], [80.24210766711377, 13.044318494963008], [80.24209913809864, 13.044227801287931], [80.24225341134888, 13.044214032197686], [80.24226462091164, 13.044333229598976]]]}, "properties": {"source": "microsoft", "height": -1.0, "confidence": -1.0}}, {"type": "Feature", "geometry": {"type": "Polygon", "coordinates": [[[80.24245831976972, 13.044533302843334], [80.2425639196402, 13.044529213193272], [80.24257066890911, 13.044694609406676], [80.24246508119617, 13.044698705782409], [80.24245831976972, 13.044533302843334]]]}, "properties": {"source": "microsoft", "height": -1.0, "confidence": -1.0}}, {"type": "Feature", "geometry": {"type": "Polygon", "coordinates": [[[80.24261678646025, 13.046572567369651], [80.24282654940714, 13.046657207145145], [80.24278140419788, 13.046763388971527], [80.24264404115443, 13.046707953365626], [80.24262375219796, 13.046755673119392], [80.24272762882885, 13.046797587523713], [80.24263183954498, 13.047022846298148], [80.24247760903211, 13.04696061406753], [80.24251079855152, 13.046882552168285], [80.24253224957592, 13.04689120769072], [80.24255880502096, 13.046828759700944], [80.242519885492, 13.046813055604972], [80.24259234113548, 13.046642668262706], [80.24258776248067, 13.046640820454215], [80.24261678646025, 13.046572567369651]]]}, "properties": {"source": "microsoft", "height": -1.0, "confidence": -1.0}}, {"type": "Feature", "geometry": {"type": "Polygon", "coordinates": [[[80.23494718339236, 13.042767506740631], [80.23507371222254, 13.042737328991265], [80.2351238804432, 13.042937017626699], [80.23499735161303, 13.042967195351693], [80.23494718339236, 13.042767506740631]]]}, "properties": {"source": "microsoft", "height": -1.0, "confidence": -1.0}}, {"type": "Feature", "geometry": {"type": "Polygon", "coordinates": [[[80.2358760895715, 13.041408587740051], [80.23573702595912, 13.041415955143066], [80.23571986499243, 13.04110852688973], [80.23585892860481, 13.041101159477563], [80.2358760895715, 13.041408587740051]]]}, "properties": {"source": "microsoft", "height": -1.0, "confidence": -1.0}}, {"type": "Feature", "geometry": {"type": "Polygon", "coordinates": [[[80.23859403658848, 13.045638128742084], [80.23848893578742, 13.04566557462826], [80.23842789425039, 13.045443733432293], [80.23853299505146, 13.045416287521505], [80.23859403658848, 13.045638128742084]]]}, "properties": {"source": "microsoft", "height": -1.0, "confidence": -1.0}}, {"type": "Feature", "geometry": {"type": "Polygon", "coordinates": [[[80.23893002772103, 13.044088997604163], [80.23900866357562, 13.043894444063284], [80.23911083902348, 13.04393363826172], [80.23903220316889, 13.044128191771776], [80.23893002772103, 13.044088997604163]]]}, "properties": {"source": "microsoft", "height": -1.0, "confidence": -1.0}}, {"type": "Feature", "geometry": {"type": "Polygon", "coordinates": [[[80.23908112783602, 13.041599224817034], [80.23894342753948, 13.041614453603117], [80.23892779554895, 13.041480305053327], [80.23906549584547, 13.041465076259001], [80.23908112783602, 13.041599224817034]]]}, "properties": {"source": "microsoft", "height": -1.0, "confidence": -1.0}}, {"type": "Feature", "geometry": {"type": "Polygon", "coordinates": [[[80.24017396806968, 13.046168362099777], [80.24016986810571, 13.046266081667682], [80.24001352416764, 13.046259866955992], [80.2400176175685, 13.046162136464403], [80.24017396806968, 13.046168362099777]]]}, "properties": {"source": "microsoft", "height": -1.0, "confidence": -1.0}}, {"type": "Feature", "geometry": {"type": "Polygon", "coordinates": [[[80.24028595715887, 13.04566034612256], [80.24029551836479, 13.045573927497628], [80.24034854611521, 13.0455794990784], [80.24033898530476, 13.045665914127355], [80.24028595715887, 13.04566034612256]]]}, "properties": {"source": "microsoft", "height": -1.0, "confidence": -1.0}}, {"type": "Feature", "geometry": {"type": "Polygon", "coordinates": [[[80.24235300035585, 13.038190681440781], [80.24230370334107, 13.03819597547485], [80.24230124819996, 13.038174277242902], [80.24235054713043, 13.038168986364084], [80.24235300035585, 13.038190681440781]]]}, "properties": {"source": "microsoft", "height": -1.0, "confidence": -1.0}}, {"type": "Feature", "geometry": {"type": "Polygon", "coordinates": [[[80.23405562975094, 13.04240559259594], [80.23425327087745, 13.042353885836135], [80.23429451317594, 13.042503499777055], [80.23418943630453, 13.042530982748985], [80.23417263982716, 13.042470050489214], [80.23408007210712, 13.042494261682194], [80.23405562975094, 13.04240559259594]]]}, "properties": {"source": "microsoft", "height": -1.0, "confidence": -1.0}}, {"type": "Feature", "geometry": {"type": "Polygon", "coordinates": [[[80.23448520719356, 13.044479774915828], [80.23433742847769, 13.044491049914015], [80.2343223827338, 13.044304062150857], [80.23446367241903, 13.044293282234818], [80.23447403912468, 13.044422119161965], [80.23448053227219, 13.044421623314733], [80.23448520719356, 13.044479774915828]]]}, "properties": {"source": "microsoft", "height": -1.0, "confidence": -1.0}}, {"type": "Feature", "geometry": {"type": "Polygon", "coordinates": [[[80.23767451928953, 13.041775400222903], [80.23757037210258, 13.041782132083895], [80.23755006843152, 13.041484327927861], [80.23765421513646, 13.041477588988812], [80.23767451928953, 13.041775400222903]]]}, "properties": {"source": "microsoft", "height": -1.0, "confidence": -1.0}}, {"type": "Feature", "geometry": {"type": "Polygon", "coordinates": [[[80.23861947574765, 13.03774480363144], [80.238770749514, 13.037729589681092], [80.23880335241942, 13.038037265428528], [80.2386520786531, 13.038052479359948], [80.23861947574765, 13.03774480363144]]]}, "properties": {"source": "microsoft", "height": -1.0, "confidence": -1.0}}, {"type": "Feature", "geometry": {"type": "Polygon", "coordinates": [[[80.24080758543798, 13.043840364076004], [80.24063917185117, 13.043849871942882], [80.24063282030693, 13.043743097432127], [80.24080123389372, 13.043733589561143], [80.24080758543798, 13.043840364076004]]]}, "properties": {"source": "microsoft", "height": -1.0, "confidence": -1.0}}, {"type": "Feature", "geometry": {"type": "Polygon", "coordinates": [[[80.23386482261004, 13.039701566447874], [80.2337790604886, 13.039703928882432], [80.23377034577133, 13.039403668534163], [80.23385610789278, 13.039401306096764], [80.23386482261004, 13.039701566447874]]]}, "properties": {"source": "microsoft", "height": -1.0, "confidence": -1.0}}, {"type": "Feature", "geometry": {"type": "Polygon", "coordinates": [[[80.2352901551391, 13.041447817996271], [80.23526473125462, 13.041157270193025], [80.235344617, 13.041150635865066], [80.23537004088448, 13.041441183676127], [80.2352901551391, 13.041447817996271]]]}, "properties": {"source": "microsoft", "height": -1.0, "confidence": -1.0}}, {"type": "Feature", "geometry": {"type": "Polygon", "coordinates": [[[80.23733100034616, 13.047474662732213], [80.23727992203666, 13.047227198038641], [80.23736757439107, 13.047210034069423], [80.23741865151496, 13.047457493036106], [80.23733100034616, 13.047474662732213]]]}, "properties": {"source": "microsoft", "height": -1.0, "confidence": -1.0}}, {"type": "Feature", "geometry": {"type": "Polygon", "coordinates": [[[80.23918884640736, 13.040772513132083], [80.23937118978023, 13.04076966600735], [80.23937355356432, 13.040913345936985], [80.23919121019145, 13.040916193060056], [80.23918884640736, 13.040772513132083]]]}, "properties": {"source": "microsoft", "height": -1.0, "confidence": -1.0}}, {"type": "Feature", "geometry": {"type": "Polygon", "coordinates": [[[80.24010279818941, 13.040697134185308], [80.24013766611684, 13.040696972520252], [80.24013788312153, 13.04074139310417], [80.24010301519411, 13.040741554769212], [80.24010279818941, 13.040697134185308]]]}, "properties": {"source": "microsoft", "height": -1.0, "confidence": -1.0}}, {"type": "Feature", "geometry": {"type": "Polygon", "coordinates": [[[80.2335114379968, 13.042985151398412], [80.23348188844388, 13.042844724051719], [80.23361573842098, 13.04281799305923], [80.2336590074092, 13.043023618812015], [80.23358693434461, 13.043038012411742], [80.2335732149093, 13.042972814024608], [80.2335114379968, 13.042985151398412]]]}, "properties": {"source": "microsoft", "height": -1.0, "confidence": -1.0}}, {"type": "Feature", "geometry": {"type": "Polygon", "coordinates": [[[80.23454086927529, 13.04764123941382], [80.23464499551581, 13.047634352876713], [80.23465188329904, 13.047733189866094], [80.23454775705852, 13.047740076400444], [80.23454086927529, 13.04764123941382]]]}, "properties": {"source": "microsoft", "height": -1.0, "confidence": -1.0}}, {"type": "Feature", "geometry": {"type": "Polygon", "coordinates": [[[80.23818066944976, 13.038875895386255], [80.23809022951865, 13.038896621270723], [80.23805734720713, 13.038760438819168], [80.23814779640891, 13.038739710798765], [80.23818066944976, 13.038875895386255]]]}, "properties": {"source": "microsoft", "height": -1.0, "confidence": -1.0}}, {"type": "Feature", "geometry": {"type": "Polygon", "coordinates": [[[80.23895145224587, 13.039681651185504], [80.23896763560964, 13.040024520760852], [80.23883796564922, 13.04003032956966], [80.23882991707714, 13.039859548252096], [80.2388123645039, 13.039860333356202], [80.23880424153913, 13.03968823573662], [80.23895145224587, 13.039681651185504]]]}, "properties": {"source": "microsoft", "height": -1.0, "confidence": -1.0}}, {"type": "Feature", "geometry": {"type": "Polygon", "coordinates": [[[80.23996943561247, 13.040650260584286], [80.2399743041227, 13.04089579417436], [80.23990727390921, 13.04089705559663], [80.2399046324834, 13.040763840594636], [80.23981615260158, 13.040765505672923], [80.23981392551711, 13.040653187086846], [80.23996943561247, 13.040650260584286]]]}, "properties": {"source": "microsoft", "height": -1.0, "confidence": -1.0}}, {"type": "Feature", "geometry": {"type": "Polygon", "coordinates": [[[80.24012011060023, 13.042935283928927], [80.24025903486745, 13.04292676833306], [80.24027526723809, 13.043177817825239], [80.24013634358091, 13.043186342847292], [80.24012011060023, 13.042935283928927]]]}, "properties": {"source": "microsoft", "height": -1.0, "confidence": -1.0}}, {"type": "Feature", "geometry": {"type": "Polygon", "coordinates": [[[80.24214237352136, 13.046737387310529], [80.2420621867176, 13.046742001717519], [80.24205225147833, 13.046577956215799], [80.24213243828208, 13.046573341805754], [80.24214237352136, 13.046737387310529]]]}, "properties": {"source": "microsoft", "height": -1.0, "confidence": -1.0}}, {"type": "Feature", "geometry": {"type": "Polygon", "coordinates": [[[80.23396786906798, 13.04651080336292], [80.23401608022104, 13.046509031593374], [80.23401597918131, 13.046506422333053], [80.2341097230901, 13.046502977225515], [80.2341164927545, 13.046677797608453], [80.23397453769259, 13.046683014481886], [80.23396786906798, 13.04651080336292]]]}, "properties": {"source": "microsoft", "height": -1.0, "confidence": -1.0}}, {"type": "Feature", "geometry": {"type": "Polygon", "coordinates": [[[80.23715726736201, 13.046339926690408], [80.23706509946976, 13.0463421764387], [80.23705998081438, 13.046143715178715], [80.23715216295578, 13.046141465080822], [80.23715726736201, 13.046339926690408]]]}, "properties": {"source": "microsoft", "height": -1.0, "confidence": -1.0}}, {"type": "Feature", "geometry": {"type": "Polygon", "coordinates": [[[80.23742556254668, 13.046515684294206], [80.23742320480139, 13.04658877536093], [80.23728118796934, 13.046584427686867], [80.23728354571462, 13.046511336618863], [80.23742556254668, 13.046515684294206]]]}, "properties": {"source": "microsoft", "height": -1.0, "confidence": -1.0}}, {"type": "Feature", "geometry": {"type": "Polygon", "coordinates": [[[80.23751399792992, 13.039360390497208], [80.23751778256366, 13.03935997735583], [80.23750887246176, 13.039282558523794], [80.23759515761023, 13.039273139388584], [80.23762202778951, 13.039506756993873], [80.23753196419776, 13.039516594726479], [80.23751399792992, 13.039360390497208]]]}, "properties": {"source": "microsoft", "height": -1.0, "confidence": -1.0}}, {"type": "Feature", "geometry": {"type": "Polygon", "coordinates": [[[80.23787504616476, 13.040552640024075], [80.23780962973724, 13.040556096789686], [80.23780253095276, 13.040428433088891], [80.23786793823564, 13.040424976804701], [80.23787504616476, 13.040552640024075]]]}, "properties": {"source": "microsoft", "height": -1.0, "confidence": -1.0}}, {"type": "Feature", "geometry": {"type": "Polygon", "coordinates": [[[80.23809361002773, 13.047058890892657], [80.23821229589973, 13.047035892731927], [80.23826105070553, 13.047274677190515], [80.23814236483352, 13.047297675329034], [80.23809361002773, 13.047058890892657]]]}, "properties": {"source": "microsoft", "height": -1.0, "confidence": -1.0}}, {"type": "Feature", "geometry": {"type": "Polygon", "coordinates": [[[80.24208506482768, 13.045166408725592], [80.24206604376508, 13.045220112400045], [80.24202290139836, 13.045205607584933], [80.24204192246097, 13.045151903907339], [80.24208506482768, 13.045166408725592]]]}, "properties": {"source": "microsoft", "height": -1.0, "confidence": -1.0}}, {"type": "Feature", "geometry": {"type": "Polygon", "coordinates": [[[80.23322933857749, 13.039454016353318], [80.23331441177075, 13.03943735110785], [80.23336832263799, 13.039698547224418], [80.23328324944474, 13.039715212452307], [80.23322933857749, 13.039454016353318]]]}, "properties": {"source": "microsoft", "height": -1.0, "confidence": -1.0}}, {"type": "Feature", "geometry": {"type": "Polygon", "coordinates": [[[80.23406729734008, 13.047850507052331], [80.23417446849778, 13.047847050782352], [80.23418078659071, 13.048033369004472], [80.23407361518548, 13.048036817972744], [80.23406729734008, 13.047850507052331]]]}, "properties": {"source": "microsoft", "height": -1.0, "confidence": -1.0}}, {"type": "Feature", "geometry": {"type": "Polygon", "coordinates": [[[80.23490863180005, 13.046392071919257], [80.23492137613287, 13.046563629713972], [80.23483599261394, 13.046569649283555], [80.23482884806376, 13.046473472961083], [80.23479149277425, 13.046476106523755], [80.23478589299165, 13.046400725056486], [80.23490863180005, 13.046392071919257]]]}, "properties": {"source": "microsoft", "height": -1.0, "confidence": -1.0}}, {"type": "Feature", "geometry": {"type": "Polygon", "coordinates": [[[80.23510535954254, 13.046989366902707], [80.23510348407252, 13.046720243408473], [80.2352000391469, 13.046719604825384], [80.23520191461692, 13.0469887283203], [80.23510535954254, 13.046989366902707]]]}, "properties": {"source": "microsoft", "height": -1.0, "confidence": -1.0}}, {"type": "Feature", "geometry": {"type": "Polygon", "coordinates": [[[80.23621870879866, 13.047494746983546], [80.236300471674, 13.047484377948805], [80.23631729578192, 13.047610279508973], [80.2363463084151, 13.047606600175826], [80.23635763893672, 13.047691390987609], [80.23624686342816, 13.047705439345393], [80.23621870879866, 13.047494746983546]]]}, "properties": {"source": "microsoft", "height": -1.0, "confidence": -1.0}}, {"type": "Feature", "geometry": {"type": "Polygon", "coordinates": [[[80.23908325051245, 13.04738299245588], [80.23899659034693, 13.047404239992943], [80.23896959704649, 13.047299785312461], [80.23905626283371, 13.047278530479034], [80.23908325051245, 13.04738299245588]]]}, "properties": {"source": "microsoft", "height": -1.0, "confidence": -1.0}}, {"type": "Feature", "geometry": {"type": "Polygon", "coordinates": [[[80.24015232506625, 13.042263337129256], [80.24023334491385, 13.0422556419108], [80.24023709022246, 13.042293066562365], [80.24015607358622, 13.042300766998622], [80.24015232506625, 13.042263337129256]]]}, "properties": {"source": "microsoft", "height": -1.0, "confidence": -1.0}}, {"type": "Feature", "geometry": {"type": "Polygon", "coordinates": [[[80.2419331941931, 13.0447247112117], [80.2420709241634, 13.044869562162418], [80.24200740695515, 13.044926879911685], [80.24193252464116, 13.044848126025528], [80.24189932246412, 13.044878087580514], [80.24183647480776, 13.044811990557548], [80.2419331941931, 13.0447247112117]]]}, "properties": {"source": "microsoft", "height": -1.0, "confidence": -1.0}}, {"type": "Feature", "geometry": {"type": "Polygon", "coordinates": [[[80.24287256835555, 13.045357866100929], [80.24294727230638, 13.045395777038948], [80.24290880311794, 13.045467709080611], [80.2428341032319, 13.045429800216425], [80.24287256835555, 13.045357866100929]]]}, "properties": {"source": "microsoft", "height": -1.0, "confidence": -1.0}}, {"type": "Feature", "geometry": {"type": "Polygon", "coordinates": [[[80.2332992026871, 13.042511000629261], [80.23321125261836, 13.042527461639708], [80.2331547961302, 13.042241076267459], [80.23324274733903, 13.042224621021361], [80.2332992026871, 13.042511000629261]]]}, "properties": {"source": "microsoft", "height": -1.0, "confidence": -1.0}}, {"type": "Feature", "geometry": {"type": "Polygon", "coordinates": [[[80.23386669554912, 13.038513212454106], [80.2337825340084, 13.038515680010718], [80.2337722649767, 13.038182483561911], [80.23385640277905, 13.038180022434872], [80.23386669554912, 13.038513212454106]]]}, "properties": {"source": "microsoft", "height": -1.0, "confidence": -1.0}}, {"type": "Feature", "geometry": {"type": "Polygon", "coordinates": [[[80.23421843287872, 13.043995916768608], [80.23414354220118, 13.044006890126184], [80.23413249631625, 13.043935344614894], [80.23396607999824, 13.043959728773544], [80.2339489600061, 13.043848892092939], [80.23403289026149, 13.043836588480602], [80.23403683697484, 13.043862139935314], [80.23411145877343, 13.043851200880894], [80.23410726987359, 13.043824068863486], [80.23419001624994, 13.043811944440534], [80.23421843287872, 13.043995916768608]]]}, "properties": {"source": "microsoft", "height": -1.0, "confidence": -1.0}}, {"type": "Feature", "geometry": {"type": "Polygon", "coordinates": [[[80.23453065771358, 13.047642910398054], [80.23453748952366, 13.047723361145088], [80.23442391499287, 13.047732521968399], [80.23441707744227, 13.047652071687395], [80.23453065771358, 13.047642910398054]]]}, "properties": {"source": "microsoft", "height": -1.0, "confidence": -1.0}}, {"type": "Feature", "geometry": {"type": "Polygon", "coordinates": [[[80.23570658842023, 13.046779039929675], [80.23583803167946, 13.046764619943161], [80.23585282669197, 13.046892529423246], [80.2357213753814, 13.046906959248176], [80.23570658842023, 13.046779039929675]]]}, "properties": {"source": "microsoft", "height": -1.0, "confidence": -1.0}}, {"type": "Feature", "geometry": {"type": "Polygon", "coordinates": [[[80.23940541467616, 13.03842563699861], [80.23965576692989, 13.038412800265775], [80.23966132404266, 13.038515800268058], [80.23941097824847, 13.038528619594658], [80.23940541467616, 13.03842563699861]]]}, "properties": {"source": "microsoft", "height": -1.0, "confidence": -1.0}}, {"type": "Feature", "geometry": {"type": "Polygon", "coordinates": [[[80.24015264648374, 13.040532856640795], [80.24020885725474, 13.040530373073139], [80.24021237773417, 13.040605995580194], [80.24015616696317, 13.040608479147096], [80.24015264648374, 13.040532856640795]]]}, "properties": {"source": "microsoft", "height": -1.0, "confidence": -1.0}}, {"type": "Feature", "geometry": {"type": "Polygon", "coordinates": [[[80.23611421487814, 13.039048425938347], [80.23600723841872, 13.039054049696631], [80.23599206570069, 13.038780476684735], [80.23609904216009, 13.03877485292027], [80.23611421487814, 13.039048425938347]]]}, "properties": {"source": "microsoft", "height": -1.0, "confidence": -1.0}}, {"type": "Feature", "geometry": {"type": "Polygon", "coordinates": [[[80.23680793196323, 13.039064720236695], [80.23684078768505, 13.039364417738739], [80.2367123544903, 13.039377772330468], [80.23667952005657, 13.039078072631042], [80.23680793196323, 13.039064720236695]]]}, "properties": {"source": "microsoft", "height": -1.0, "confidence": -1.0}}, {"type": "Feature", "geometry": {"type": "Polygon", "coordinates": [[[80.2396640885119, 13.043278875257243], [80.23959448383673, 13.043281836674623], [80.239589924068, 13.043180123356905], [80.23965952874315, 13.043177161938289], [80.2396640885119, 13.043278875257243]]]}, "properties": {"source": "microsoft", "height": -1.0, "confidence": -1.0}}, {"type": "Feature", "geometry": {"type": "Polygon", "coordinates": [[[80.2330133082366, 13.042385612838572], [80.23300680682598, 13.042186282688178], [80.2331434618166, 13.042182061815566], [80.23315504101883, 13.042537074531921], [80.23304786063406, 13.0425403850155], [80.23304278277692, 13.042384700447343], [80.2330133082366, 13.042385612838572]]]}, "properties": {"source": "microsoft", "height": -1.0, "confidence": -1.0}}, {"type": "Feature", "geometry": {"type": "Polygon", "coordinates": [[[80.2331541755271, 13.046717760152234], [80.23308281773559, 13.046719745205408], [80.23308159326787, 13.04667797172354], [80.23304943298359, 13.046678866368453], [80.23304767281127, 13.046618816976121], [80.23315118357775, 13.046615937480325], [80.2331541755271, 13.046717760152234]]]}, "properties": {"source": "microsoft", "height": -1.0, "confidence": -1.0}}, {"type": "Feature", "geometry": {"type": "Polygon", "coordinates": [[[80.23388960267529, 13.04764676523996], [80.23381552821465, 13.047648659190855], [80.23381074453268, 13.047471100055716], [80.23388483174104, 13.047469205777503], [80.23388960267529, 13.04764676523996]]]}, "properties": {"source": "microsoft", "height": -1.0, "confidence": -1.0}}, {"type": "Feature", "geometry": {"type": "Polygon", "coordinates": [[[80.23430321774916, 13.039349744437828], [80.23434263864539, 13.039361178682796], [80.23432943465924, 13.03940438367421], [80.23429001376297, 13.039392949431232], [80.23430321774916, 13.039349744437828]]]}, "properties": {"source": "microsoft", "height": -1.0, "confidence": -1.0}}, {"type": "Feature", "geometry": {"type": "Polygon", "coordinates": [[[80.23433746916966, 13.047775103127933], [80.23425715025861, 13.047771751637654], [80.2342610050658, 13.047684079229668], [80.23434132373656, 13.047687436187402], [80.23433746916966, 13.047775103127933]]]}, "properties": {"source": "microsoft", "height": -1.0, "confidence": -1.0}}, {"type": "Feature", "geometry": {"type": "Polygon", "coordinates": [[[80.23447126150131, 13.04482199052839], [80.23455709218979, 13.04482199052839], [80.23455709218979, 13.044968318001509], [80.23447126150131, 13.044968318001509], [80.23447126150131, 13.04482199052839]]]}, "properties": {"source": "microsoft", "height": -1.0, "confidence": -1.0}}, {"type": "Feature", "geometry": {"type": "Polygon", "coordinates": [[[80.23565665669703, 13.047450233567147], [80.23552573961474, 13.047463712097851], [80.2355058359631, 13.047280240799651], [80.23563676608111, 13.04726676091687], [80.23565665669703, 13.047450233567147]]]}, "properties": {"source": "microsoft", "height": -1.0, "confidence": -1.0}}, {"type": "Feature", "geometry": {"type": "Polygon", "coordinates": [[[80.23576931790105, 13.03807103625519], [80.23571935287788, 13.038159107174309], [80.23561251480058, 13.038101579890963], [80.23566247982373, 13.038013508951366], [80.23576931790105, 13.03807103625519]]]}, "properties": {"source": "microsoft", "height": -1.0, "confidence": -1.0}}, {"type": "Feature", "geometry": {"type": "Polygon", "coordinates": [[[80.23677222569421, 13.045768139363474], [80.23665182068041, 13.045773943481464], [80.23664666447839, 13.045672285744146], [80.23676706949223, 13.045666481623755], [80.23677222569421, 13.045768139363474]]]}, "properties": {"source": "microsoft", "height": -1.0, "confidence": -1.0}}, {"type": "Feature", "geometry": {"type": "Polygon", "coordinates": [[[80.23690418606077, 13.045226337144129], [80.23686991790618, 13.04523379755652], [80.23686135449955, 13.045196467060862], [80.23693288411042, 13.045180894571175], [80.2369522944988, 13.045265510358576], [80.23691502980695, 13.045273623136367], [80.23690418606077, 13.045226337144129]]]}, "properties": {"source": "microsoft", "height": -1.0, "confidence": -1.0}}, {"type": "Feature", "geometry": {"type": "Polygon", "coordinates": [[[80.2384498062596, 13.046668538133702], [80.23853012275748, 13.046665159348379], [80.2385374062182, 13.046829470119235], [80.23845708972027, 13.04683284890234], [80.2384498062596, 13.046668538133702]]]}, "properties": {"source": "microsoft", "height": -1.0, "confidence": -1.0}}, {"type": "Feature", "geometry": {"type": "Polygon", "coordinates": [[[80.23866028623765, 13.045731337929823], [80.23879403631058, 13.045704380976986], [80.23881399377035, 13.04579835676985], [80.23868024184021, 13.045825304967238], [80.23866028623765, 13.045731337929823]]]}, "properties": {"source": "microsoft", "height": -1.0, "confidence": -1.0}}, {"type": "Feature", "geometry": {"type": "Polygon", "coordinates": [[[80.2399175611418, 13.047153821273938], [80.24011652287868, 13.047144162558183], [80.24012212268937, 13.047253635294453], [80.23992316879784, 13.047263293625079], [80.2399175611418, 13.047153821273938]]]}, "properties": {"source": "microsoft", "height": -1.0, "confidence": -1.0}}, {"type": "Feature", "geometry": {"type": "Polygon", "coordinates": [[[80.24104506476282, 13.046809564206072], [80.2411254158357, 13.046806600334548], [80.2411339787059, 13.047026910844039], [80.24105362784566, 13.047029880183558], [80.24104506476282, 13.046809564206072]]]}, "properties": {"source": "microsoft", "height": -1.0, "confidence": -1.0}}, {"type": "Feature", "geometry": {"type": "Polygon", "coordinates": [[[80.24163002031649, 13.046858379737031], [80.24151664490643, 13.046886455723495], [80.24146579076026, 13.046691510112595], [80.24157916806448, 13.046663441365226], [80.24163002031649, 13.046858379737031]]]}, "properties": {"source": "microsoft", "height": -1.0, "confidence": -1.0}}, {"type": "Feature", "geometry": {"type": "Polygon", "coordinates": [[[80.24276109668091, 13.044601580073078], [80.24296455775301, 13.044529096100192], [80.24299603801697, 13.04461295889071], [80.24309674534956, 13.044577074563165], [80.24311491642061, 13.04462547266246], [80.2429351217313, 13.044689537609116], [80.24296507169079, 13.044769308380964], [80.24286434990312, 13.044805190963785], [80.24284305870279, 13.044748471681316], [80.24281940097269, 13.044756901466656], [80.24276109668091, 13.044601580073078]]]}, "properties": {"source": "microsoft", "height": -1.0, "confidence": -1.0}}, {"type": "Feature", "geometry": {"type": "Polygon", "coordinates": [[[80.24283040780354, 13.047784478850446], [80.24283834143314, 13.047993229415226], [80.2426659147114, 13.047999448530163], [80.24265799605874, 13.047790697430429], [80.24283040780354, 13.047784478850446]]]}, "properties": {"source": "microsoft", "height": -1.0, "confidence": -1.0}}, {"type": "Feature", "geometry": {"type": "Polygon", "coordinates": [[[80.23376047430489, 13.043862857913538], [80.23386103755969, 13.043851462083836], [80.23388812687165, 13.044078336360883], [80.23378756361684, 13.044089732180112], [80.23376047430489, 13.043862857913538]]]}, "properties": {"source": "microsoft", "height": -1.0, "confidence": -1.0}}, {"type": "Feature", "geometry": {"type": "Polygon", "coordinates": [[[80.23465407812671, 13.044268940905283], [80.2346584964854, 13.044436061807872], [80.23461292915995, 13.044437205149322], [80.23460851080128, 13.044270084247515], [80.23465407812671, 13.044268940905283]]]}, "properties": {"source": "microsoft", "height": -1.0, "confidence": -1.0}}, {"type": "Feature", "geometry": {"type": "Polygon", "coordinates": [[[80.23504088735979, 13.043668997377125], [80.23505055154114, 13.043864519220193], [80.23492330876125, 13.043870488159698], [80.23491571729656, 13.043716677142683], [80.23497994161606, 13.043713664387724], [80.23497788291377, 13.043671952908483], [80.23504088735979, 13.043668997377125]]]}, "properties": {"source": "microsoft", "height": -1.0, "confidence": -1.0}}, {"type": "Feature", "geometry": {"type": "Polygon", "coordinates": [[[80.23722524718869, 13.044006437497842], [80.23723448270724, 13.04418749686964], [80.23709684494762, 13.044194159887326], [80.23709305577371, 13.04411997885019], [80.23707967785582, 13.044120627384956], [80.23707421901368, 13.044013759045868], [80.23722524718869, 13.044006437497842]]]}, "properties": {"source": "microsoft", "height": -1.0, "confidence": -1.0}}, {"type": "Feature", "geometry": {"type": "Polygon", "coordinates": [[[80.23747011523784, 13.038503908764625], [80.2374675826173, 13.038491327337695], [80.23729194709901, 13.038524882973988], [80.23727600971611, 13.038445710028967], [80.23725276414592, 13.038450152743494], [80.23722997086215, 13.038336921350265], [80.2373565300776, 13.038312733225837], [80.23737020604784, 13.038380672074624], [80.23749418242217, 13.0383569775896], [80.23750583232274, 13.038414851414572], [80.2375936489212, 13.038398067823593], [80.23760959050239, 13.038477261639798], [80.23747011523784, 13.038503908764625]]]}, "properties": {"source": "microsoft", "height": -1.0, "confidence": -1.0}}, {"type": "Feature", "geometry": {"type": "Polygon", "coordinates": [[[80.23756085081519, 13.04447203776489], [80.23767829706603, 13.044446316682155], [80.23772019651206, 13.044627889169476], [80.23760275026122, 13.044653610233325], [80.23756085081519, 13.04447203776489]]]}, "properties": {"source": "microsoft", "height": -1.0, "confidence": -1.0}}, {"type": "Feature", "geometry": {"type": "Polygon", "coordinates": [[[80.2376908226689, 13.045383755771866], [80.237819034624, 13.045363973051025], [80.23783561160906, 13.045465934676244], [80.23782776189753, 13.045467145862773], [80.23786091586767, 13.045671068986039], [80.23774055362414, 13.04568964049686], [80.2376908226689, 13.045383755771866]]]}, "properties": {"source": "microsoft", "height": -1.0, "confidence": -1.0}}, {"type": "Feature", "geometry": {"type": "Polygon", "coordinates": [[[80.2421336532899, 13.04723999390744], [80.2420768090497, 13.047250799507609], [80.24206874217901, 13.047210525495743], [80.2421255864192, 13.047199719893783], [80.2421336532899, 13.04723999390744]]]}, "properties": {"source": "microsoft", "height": -1.0, "confidence": -1.0}}, {"type": "Feature", "geometry": {"type": "Polygon", "coordinates": [[[80.24274177571832, 13.047238766296914], [80.24276861272237, 13.047179809827497], [80.24273642077762, 13.047165902868713], [80.24271256880934, 13.047218309982185], [80.24265734156393, 13.047194451749064], [80.24286011003885, 13.046749002441032], [80.24303718356333, 13.04682549853564], [80.24283143319907, 13.047277498422957], [80.24274177571832, 13.047238766296914]]]}, "properties": {"source": "microsoft", "height": -1.0, "confidence": -1.0}}, {"type": "Feature", "geometry": {"type": "Polygon", "coordinates": [[[80.23315750062562, 13.038569975123295], [80.23332602895724, 13.038561483274364], [80.23333045642434, 13.03864487800793], [80.23316192809278, 13.038653369854003], [80.23315750062562, 13.038569975123295]]]}, "properties": {"source": "microsoft", "height": -1.0, "confidence": -1.0}}, {"type": "Feature", "geometry": {"type": "Polygon", "coordinates": [[[80.23444129560235, 13.047547454496879], [80.23434479853454, 13.047545059612062], [80.23434976983094, 13.047354436648348], [80.23444626689877, 13.047356831534984], [80.23444129560235, 13.047547454496879]]]}, "properties": {"source": "microsoft", "height": -1.0, "confidence": -1.0}}, {"type": "Feature", "geometry": {"type": "Polygon", "coordinates": [[[80.23498252321711, 13.044751297164282], [80.23500168165891, 13.044916418972036], [80.23490104349106, 13.044927500738353], [80.23489266167279, 13.044855259964251], [80.23481321048767, 13.044864008729348], [80.23480243386416, 13.04477112770634], [80.23498252321711, 13.044751297164282]]]}, "properties": {"source": "microsoft", "height": -1.0, "confidence": -1.0}}, {"type": "Feature", "geometry": {"type": "Polygon", "coordinates": [[[80.23593228888774, 13.03845305868819], [80.23599897726181, 13.03833289320788], [80.23614633803943, 13.038410511777073], [80.23607964535061, 13.038530684994427], [80.23593228888774, 13.03845305868819]]]}, "properties": {"source": "microsoft", "height": -1.0, "confidence": -1.0}}, {"type": "Feature", "geometry": {"type": "Polygon", "coordinates": [[[80.23702328911646, 13.045641062948647], [80.23704468014017, 13.045749413245446], [80.2369619111217, 13.045764921281645], [80.23694052009799, 13.045656570991653], [80.23702328911646, 13.045641062948647]]]}, "properties": {"source": "microsoft", "height": -1.0, "confidence": -1.0}}, {"type": "Feature", "geometry": {"type": "Polygon", "coordinates": [[[80.23712843839735, 13.040101197994929], [80.23719465185083, 13.04009392482071], [80.23718748478205, 13.04003199908351], [80.23724840115923, 13.040025307761354], [80.23725825587876, 13.040110455648332], [80.23723441903553, 13.04011307399088], [80.23725293396316, 13.040273048727897], [80.2371496409758, 13.040284394871378], [80.23712843839735, 13.040101197994929]]]}, "properties": {"source": "microsoft", "height": -1.0, "confidence": -1.0}}, {"type": "Feature", "geometry": {"type": "Polygon", "coordinates": [[[80.2430629125512, 13.045361008168442], [80.2430059284635, 13.045341018206614], [80.24298882885014, 13.045387279392102], [80.24291522440356, 13.045361459027191], [80.24298105791505, 13.045183353396936], [80.24311164644931, 13.045229163752921], [80.2430629125512, 13.045361008168442]]]}, "properties": {"source": "microsoft", "height": -1.0, "confidence": -1.0}}, {"type": "Feature", "geometry": {"type": "Polygon", "coordinates": [[[80.23349181133186, 13.04689563032025], [80.23329051773028, 13.046927265561123], [80.23323839666445, 13.046612386203648], [80.23343969248023, 13.046580764299307], [80.23349181133186, 13.04689563032025]]]}, "properties": {"source": "microsoft", "height": -1.0, "confidence": -1.0}}, {"type": "Feature", "geometry": {"type": "Polygon", "coordinates": [[[80.23479411453326, 13.039721594632809], [80.23483275318127, 13.039666147896227], [80.23487130805012, 13.039691650156868], [80.23483266940208, 13.039747096887723], [80.23479411453326, 13.039721594632809]]]}, "properties": {"source": "microsoft", "height": -1.0, "confidence": -1.0}}, {"type": "Feature", "geometry": {"type": "Polygon", "coordinates": [[[80.23541987178683, 13.040068772190793], [80.23534215125503, 13.040070939602089], [80.23533713198987, 13.03989969958296], [80.23541485267687, 13.039897537465151], [80.23541987178683, 13.040068772190793]]]}, "properties": {"source": "microsoft", "height": -1.0, "confidence": -1.0}}, {"type": "Feature", "geometry": {"type": "Polygon", "coordinates": [[[80.23586333705582, 13.043979550432539], [80.23587852172994, 13.044116441886914], [80.23578425216962, 13.044126359623107], [80.23576907721673, 13.043989467151505], [80.23586333705582, 13.043979550432539]]]}, "properties": {"source": "microsoft", "height": -1.0, "confidence": -1.0}}, {"type": "Feature", "geometry": {"type": "Polygon", "coordinates": [[[80.23628803752901, 13.045679955753698], [80.23632289283888, 13.045896738127155], [80.23620404915951, 13.045914880838652], [80.2361691786486, 13.045698100801644], [80.23628803752901, 13.045679955753698]]]}, "properties": {"source": "microsoft", "height": -1.0, "confidence": -1.0}}, {"type": "Feature", "geometry": {"type": "Polygon", "coordinates": [[[80.23768131438186, 13.047084899344], [80.2375690962868, 13.047114953482634], [80.23747585906499, 13.04678456043024], [80.23758807716008, 13.046754506251418], [80.23768131438186, 13.047084899344]]]}, "properties": {"source": "microsoft", "height": -1.0, "confidence": -1.0}}, {"type": "Feature", "geometry": {"type": "Polygon", "coordinates": [[[80.23861690772274, 13.043789182815388], [80.23863569939353, 13.043670504186352], [80.23873906740744, 13.043686037842448], [80.23872026631834, 13.043804722095985], [80.23861690772274, 13.043789182815388]]]}, "properties": {"source": "microsoft", "height": -1.0, "confidence": -1.0}}, {"type": "Feature", "geometry": {"type": "Polygon", "coordinates": [[[80.23932805763742, 13.040764795219388], [80.23915390089971, 13.040759237876713], [80.23915785014265, 13.0406417773263], [80.23933200688035, 13.040647334671633], [80.23932805763742, 13.040764795219388]]]}, "properties": {"source": "microsoft", "height": -1.0, "confidence": -1.0}}, {"type": "Feature", "geometry": {"type": "Polygon", "coordinates": [[[80.24112241774272, 13.046031553547024], [80.24117763617487, 13.04592559858824], [80.24133674182069, 13.046004280549354], [80.24128152944101, 13.046110238467506], [80.24112241774272, 13.046031553547024]]]}, "properties": {"source": "microsoft", "height": -1.0, "confidence": -1.0}}, {"type": "Feature", "geometry": {"type": "Polygon", "coordinates": [[[80.2333193916128, 13.043596066318813], [80.23346678816013, 13.0435918855446], [80.23347087405307, 13.043728599387805], [80.23332347720566, 13.043732770118268], [80.2333193916128, 13.043596066318813]]]}, "properties": {"source": "microsoft", "height": -1.0, "confidence": -1.0}}, {"type": "Feature", "geometry": {"type": "Polygon", "coordinates": [[[80.23350462612181, 13.043699499128266], [80.23349829830822, 13.04355343106839], [80.23360004103539, 13.043549247982014], [80.23360636884898, 13.043695316044364], [80.23350462612181, 13.043699499128266]]]}, "properties": {"source": "microsoft", "height": -1.0, "confidence": -1.0}}, {"type": "Feature", "geometry": {"type": "Polygon", "coordinates": [[[80.2337320173453, 13.044477218675468], [80.23391294188717, 13.04449308268481], [80.23389713661308, 13.044664154431004], [80.23381465630726, 13.044656922314232], [80.23381729051958, 13.044628410363913], [80.23378270200422, 13.044625377540342], [80.23377815200108, 13.044674625453055], [80.23396705850803, 13.044691189331928], [80.23395556376325, 13.044815605059398], [80.23371344415575, 13.044794375309664], [80.2337155994204, 13.044771047363525], [80.23363311911454, 13.04476381524988], [80.2336300059545, 13.044797511172348], [80.2336220239894, 13.044796811290468], [80.23361723451242, 13.044848651162397], [80.23355603944677, 13.044843285402337], [80.23357576434756, 13.044629788879178], [80.23372476196018, 13.044642843272044], [80.23371964403317, 13.04469823822295], [80.23374625058345, 13.044700571163489], [80.23375319532508, 13.044625403300643], [80.23371062484465, 13.044621670594651], [80.23371550323994, 13.044568868249087], [80.23372348525487, 13.04456956759175], [80.2337320173453, 13.044477218675468]]]}, "properties": {"source": "microsoft", "height": -1.0, "confidence": -1.0}}, {"type": "Feature", "geometry": {"type": "Polygon", "coordinates": [[[80.23420977597368, 13.039244695956427], [80.23421918150515, 13.039289872345151], [80.2341562515643, 13.039302307159971], [80.23414684915014, 13.039257130157552], [80.23420977597368, 13.039244695956427]]]}, "properties": {"source": "microsoft", "height": -1.0, "confidence": -1.0}}, {"type": "Feature", "geometry": {"type": "Polygon", "coordinates": [[[80.23568118108767, 13.040067641750184], [80.23558290023409, 13.040081841546879], [80.23554147905553, 13.039809748869018], [80.23563973978409, 13.039795545264582], [80.23568118108767, 13.040067641750184]]]}, "properties": {"source": "microsoft", "height": -1.0, "confidence": -1.0}}, {"type": "Feature", "geometry": {"type": "Polygon", "coordinates": [[[80.23894298339404, 13.04651883814131], [80.2390365244362, 13.04650551484795], [80.23907993103407, 13.046794598178295], [80.23900902777078, 13.04680469710236], [80.2389775291776, 13.046594919860581], [80.23895488582038, 13.0465981450116], [80.23894298339404, 13.04651883814131]]]}, "properties": {"source": "microsoft", "height": -1.0, "confidence": -1.0}}, {"type": "Feature", "geometry": {"type": "Polygon", "coordinates": [[[80.23935443908672, 13.047620006181688], [80.23920940878487, 13.047656286862761], [80.23918550109413, 13.047565588004971], [80.23933053750909, 13.047529305781339], [80.23935443908672, 13.047620006181688]]]}, "properties": {"source": "microsoft", "height": -1.0, "confidence": -1.0}}, {"type": "Feature", "geometry": {"type": "Polygon", "coordinates": [[[80.2396145830047, 13.042627930255833], [80.2396211360753, 13.042853709458313], [80.23951125335721, 13.042856736288996], [80.23950470006935, 13.042630949603108], [80.2396145830047, 13.042627930255833]]]}, "properties": {"source": "microsoft", "height": -1.0, "confidence": -1.0}}, {"type": "Feature", "geometry": {"type": "Polygon", "coordinates": [[[80.24017095908725, 13.042407004299932], [80.24017373658225, 13.042353678624963], [80.24028211130688, 13.042359035903885], [80.24027587536072, 13.042478926413594], [80.2402196934257, 13.042476149177944], [80.2402231558827, 13.042409580980376], [80.24017095908725, 13.042407004299932]]]}, "properties": {"source": "microsoft", "height": -1.0, "confidence": -1.0}}, {"type": "Feature", "geometry": {"type": "Polygon", "coordinates": [[[80.24134528358826, 13.040045398773032], [80.24118531391387, 13.040057484136383], [80.24115261723803, 13.039647093370746], [80.24131258691237, 13.039635007987357], [80.24134528358826, 13.040045398773032]]]}, "properties": {"source": "microsoft", "height": -1.0, "confidence": -1.0}}, {"type": "Feature", "geometry": {"type": "Polygon", "coordinates": [[[80.24272558067332, 13.0403113472358], [80.2427442640849, 13.0403739982508], [80.24270716247108, 13.040384499168383], [80.24268847905951, 13.04032184815604], [80.24272558067332, 13.0403113472358]]]}, "properties": {"source": "microsoft", "height": -1.0, "confidence": -1.0}}, {"type": "Feature", "geometry": {"type": "Polygon", "coordinates": [[[80.2336578130508, 13.042795480091769], [80.23380574652434, 13.042777626844895], [80.23383192656033, 13.042983508277047], [80.23368399308681, 13.04300136150907], [80.2336578130508, 13.042795480091769]]]}, "properties": {"source": "microsoft", "height": -1.0, "confidence": -1.0}}, {"type": "Feature", "geometry": {"type": "Polygon", "coordinates": [[[80.23864433341862, 13.04200307922541], [80.23855704613958, 13.042017660513565], [80.23854543424696, 13.04195166171867], [80.23863271691997, 13.041937081196053], [80.23864433341862, 13.04200307922541]]]}, "properties": {"source": "microsoft", "height": -1.0, "confidence": -1.0}}, {"type": "Feature", "geometry": {"type": "Polygon", "coordinates": [[[80.23953954661008, 13.03984472542264], [80.23934686147918, 13.039868597255392], [80.23931799410516, 13.039647451788426], [80.23951067923606, 13.039623579934329], [80.23953954661008, 13.03984472542264]]]}, "properties": {"source": "microsoft", "height": -1.0, "confidence": -1.0}}, {"type": "Feature", "geometry": {"type": "Polygon", "coordinates": [[[80.23529275024322, 13.041871384988667], [80.23530786861542, 13.041973788558394], [80.2351777908469, 13.041992005791613], [80.23516267968262, 13.04188960121995], [80.23529275024322, 13.041871384988667]]]}, "properties": {"source": "microsoft", "height": -1.0, "confidence": -1.0}}, {"type": "Feature", "geometry": {"type": "Polygon", "coordinates": [[[80.23558042929572, 13.04659867042217], [80.23559052255943, 13.046779947727629], [80.23546482854275, 13.046786589542677], [80.23545473480323, 13.046605303697106], [80.23558042929572, 13.04659867042217]]]}, "properties": {"source": "microsoft", "height": -1.0, "confidence": -1.0}}, {"type": "Feature", "geometry": {"type": "Polygon", "coordinates": [[[80.23593999037988, 13.040149528285525], [80.23594531498047, 13.040282591106674], [80.23573106386391, 13.040290728028964], [80.2357257392633, 13.040157665212192], [80.23593999037988, 13.040149528285525]]]}, "properties": {"source": "microsoft", "height": -1.0, "confidence": -1.0}}, {"type": "Feature", "geometry": {"type": "Polygon", "coordinates": [[[80.23705897147006, 13.038286577782017], [80.23711992953876, 13.03828006887072], [80.23712589982404, 13.038333102863206], [80.23699231889404, 13.03834737532057], [80.23697605173521, 13.038202781996588], [80.23704866479459, 13.038195023648257], [80.23705897147006, 13.038286577782017]]]}, "properties": {"source": "microsoft", "height": -1.0, "confidence": -1.0}}, {"type": "Feature", "geometry": {"type": "Polygon", "coordinates": [[[80.23918330742093, 13.045050894839108], [80.23914328362885, 13.045156727241888], [80.23895198979028, 13.045088069383922], [80.23899201358236, 13.044982236951753], [80.23918330742093, 13.045050894839108]]]}, "properties": {"source": "microsoft", "height": -1.0, "confidence": -1.0}}, {"type": "Feature", "geometry": {"type": "Polygon", "coordinates": [[[80.23453045917596, 13.047964727883496], [80.23440453599231, 13.047968823247103], [80.23439750980077, 13.047764224230917], [80.23452343268988, 13.047760120287847], [80.23453045917596, 13.047964727883496]]]}, "properties": {"source": "microsoft", "height": -1.0, "confidence": -1.0}}, {"type": "Feature", "geometry": {"type": "Polygon", "coordinates": [[[80.23651057513212, 13.047031650986128], [80.2364748993571, 13.0470340785686], [80.23647218540137, 13.046996226888098], [80.236565607381, 13.046989876294418], [80.23657577846362, 13.04713173288124], [80.23651802527718, 13.047135662734604], [80.23651057513212, 13.047031650986128]]]}, "properties": {"source": "microsoft", "height": -1.0, "confidence": -1.0}}, {"type": "Feature", "geometry": {"type": "Polygon", "coordinates": [[[80.23781535413755, 13.041200668283764], [80.23789842276213, 13.041198159166143], [80.23790461399106, 13.041392693440287], [80.23782154554662, 13.041395208214396], [80.23781535413755, 13.041200668283764]]]}, "properties": {"source": "microsoft", "height": -1.0, "confidence": -1.0}}, {"type": "Feature", "geometry": {"type": "Polygon", "coordinates": [[[80.23853249549701, 13.04526686348278], [80.23860201160709, 13.045245131569942], [80.23861215828079, 13.045275928375503], [80.23854264016475, 13.045297660912766], [80.23853249549701, 13.04526686348278]]]}, "properties": {"source": "microsoft", "height": -1.0, "confidence": -1.0}}, {"type": "Feature", "geometry": {"type": "Polygon", "coordinates": [[[80.2390549806711, 13.045808279822324], [80.2390732809238, 13.045925773032991], [80.23908742713549, 13.045923682913823], [80.23910730974573, 13.046051394188325], [80.23897097100803, 13.046071538383387], [80.23893279639636, 13.045826332698113], [80.2390549806711, 13.045808279822324]]]}, "properties": {"source": "microsoft", "height": -1.0, "confidence": -1.0}}, {"type": "Feature", "geometry": {"type": "Polygon", "coordinates": [[[80.24182018531492, 13.039790400204012], [80.24198513523429, 13.039785294087565], [80.24199023245373, 13.039941918925152], [80.24182529377514, 13.039947024690406], [80.24182018531492, 13.039790400204012]]]}, "properties": {"source": "microsoft", "height": -1.0, "confidence": -1.0}}, {"type": "Feature", "geometry": {"type": "Polygon", "coordinates": [[[80.24182028944327, 13.039014385856945], [80.241737314277, 13.039018080269742], [80.2417307795363, 13.038878783100955], [80.24181375496742, 13.038875094331914], [80.24182028944327, 13.039014385856945]]]}, "properties": {"source": "microsoft", "height": -1.0, "confidence": -1.0}}, {"type": "Feature", "geometry": {"type": "Polygon", "coordinates": [[[80.23478871935811, 13.040087084349253], [80.2348971448539, 13.040081140473802], [80.23490255448856, 13.040174913392534], [80.23479413570833, 13.040180856897578], [80.23478871935811, 13.040087084349253]]]}, "properties": {"source": "microsoft", "height": -1.0, "confidence": -1.0}}, {"type": "Feature", "geometry": {"type": "Polygon", "coordinates": [[[80.23526085859874, 13.04089340644029], [80.23513110413488, 13.040912932087437], [80.23508958959975, 13.040651100681487], [80.23509482906334, 13.040650312595574], [80.23508535722166, 13.040590573826023], [80.23516535940095, 13.04057853496208], [80.2351876054856, 13.04071890428429], [80.2352321409259, 13.04071220251906], [80.23526085859874, 13.04089340644029]]]}, "properties": {"source": "microsoft", "height": -1.0, "confidence": -1.0}}, {"type": "Feature", "geometry": {"type": "Polygon", "coordinates": [[[80.23553445773297, 13.041462454233795], [80.2357011366227, 13.04144338415945], [80.23571637067296, 13.04156967949406], [80.23569655975894, 13.041571946100362], [80.23570463838365, 13.041638960467893], [80.23555777515683, 13.041655763378301], [80.23553445773297, 13.041462454233795]]]}, "properties": {"source": "microsoft", "height": -1.0, "confidence": -1.0}}, {"type": "Feature", "geometry": {"type": "Polygon", "coordinates": [[[80.23584804572747, 13.038275649660278], [80.23586549793586, 13.03820667502842], [80.23594388350985, 13.038225498989135], [80.23592643130145, 13.038294473615736], [80.23584804572747, 13.038275649660278]]]}, "properties": {"source": "microsoft", "height": -1.0, "confidence": -1.0}}, {"type": "Feature", "geometry": {"type": "Polygon", "coordinates": [[[80.23774120672007, 13.039967912202016], [80.23781150360274, 13.0399500050967], [80.23784988303406, 13.04009303707852], [80.23777958494755, 13.040110939686954], [80.23774120672007, 13.039967912202016]]]}, "properties": {"source": "microsoft", "height": -1.0, "confidence": -1.0}}, {"type": "Feature", "geometry": {"type": "Polygon", "coordinates": [[[80.23794086483923, 13.045482225813345], [80.23794317387136, 13.045571010274926], [80.2378600787315, 13.045573061233057], [80.23785776969937, 13.0454842767722], [80.23794086483923, 13.045482225813345]]]}, "properties": {"source": "microsoft", "height": -1.0, "confidence": -1.0}}, {"type": "Feature", "geometry": {"type": "Polygon", "coordinates": [[[80.2389818304359, 13.040870565256114], [80.23898431576265, 13.040964572069342], [80.23887173766445, 13.04096739683493], [80.23886925233771, 13.040873390022767], [80.2389818304359, 13.040870565256114]]]}, "properties": {"source": "microsoft", "height": -1.0, "confidence": -1.0}}, {"type": "Feature", "geometry": {"type": "Polygon", "coordinates": [[[80.23924536763245, 13.042620293166493], [80.2392540218944, 13.04278971951527], [80.23918178113794, 13.04279322162192], [80.239173126876, 13.042623795275546], [80.23924536763245, 13.042620293166493]]]}, "properties": {"source": "microsoft", "height": -1.0, "confidence": -1.0}}, {"type": "Feature", "geometry": {"type": "Polygon", "coordinates": [[[80.2394296496489, 13.047616632876966], [80.23975323294881, 13.047550180559355], [80.23977787334678, 13.047664087154004], [80.2394542854772, 13.047730518316627], [80.2394296496489, 13.047616632876966]]]}, "properties": {"source": "microsoft", "height": -1.0, "confidence": -1.0}}, {"type": "Feature", "geometry": {"type": "Polygon", "coordinates": [[[80.24099633780143, 13.045627391147377], [80.24095470257652, 13.045714082306745], [80.24069414663427, 13.045595338798492], [80.24073578374842, 13.045508630693263], [80.24099633780143, 13.045627391147377]]]}, "properties": {"source": "microsoft", "height": -1.0, "confidence": -1.0}}, {"type": "Feature", "geometry": {"type": "Polygon", "coordinates": [[[80.24255939064858, 13.040748573780135], [80.2426117136743, 13.040746690097052], [80.24261620716895, 13.040865150760169], [80.24256389277745, 13.040867037698519], [80.24255939064858, 13.040748573780135]]]}, "properties": {"source": "microsoft", "height": -1.0, "confidence": -1.0}}, {"type": "Feature", "geometry": {"type": "Polygon", "coordinates": [[[80.23344347577347, 13.045079907792825], [80.23345941720987, 13.045165946203383], [80.23331395282969, 13.04519152506964], [80.23329801139329, 13.045105486667978], [80.23344347577347, 13.045079907792825]]]}, "properties": {"source": "microsoft", "height": -1.0, "confidence": -1.0}}, {"type": "Feature", "geometry": {"type": "Polygon", "coordinates": [[[80.23578624788114, 13.044289761626601], [80.23583776243784, 13.044600440428937], [80.23570444837952, 13.044621419489616], [80.23565293382286, 13.044310740713641], [80.23578624788114, 13.044289761626601]]]}, "properties": {"source": "microsoft", "height": -1.0, "confidence": -1.0}}, {"type": "Feature", "geometry": {"type": "Polygon", "coordinates": [[[80.23769401862704, 13.04084023460355], [80.23790471343831, 13.040817320891321], [80.23793444034365, 13.04107674636279], [80.23772376556711, 13.041099672236712], [80.23769401862704, 13.04084023460355]]]}, "properties": {"source": "microsoft", "height": -1.0, "confidence": -1.0}}, {"type": "Feature", "geometry": {"type": "Polygon", "coordinates": [[[80.24052334350087, 13.039506454873333], [80.24070807033058, 13.039498670893408], [80.24071253476116, 13.039599225889646], [80.24052780737325, 13.03960699729447], [80.24052334350087, 13.039506454873333]]]}, "properties": {"source": "microsoft", "height": -1.0, "confidence": -1.0}}, {"type": "Feature", "geometry": {"type": "Polygon", "coordinates": [[[80.23485469357936, 13.044637273280486], [80.23479849077475, 13.044639840760254], [80.23478915369571, 13.044445862294282], [80.23484535631627, 13.044443290988866], [80.23485469357936, 13.044637273280486]]]}, "properties": {"source": "microsoft", "height": -1.0, "confidence": -1.0}}, {"type": "Feature", "geometry": {"type": "Polygon", "coordinates": [[[80.23555218923619, 13.041134754095395], [80.23568123526765, 13.041123817146527], [80.2357087182416, 13.04143133219074], [80.2355796510636, 13.041442279718467], [80.23555218923619, 13.041134754095395]]]}, "properties": {"source": "microsoft", "height": -1.0, "confidence": -1.0}}, {"type": "Feature", "geometry": {"type": "Polygon", "coordinates": [[[80.236266550158, 13.040755874329662], [80.23618623028713, 13.040759215002069], [80.23617971497845, 13.04061054298846], [80.23626003484935, 13.04060720231405], [80.236266550158, 13.040755874329662]]]}, "properties": {"source": "microsoft", "height": -1.0, "confidence": -1.0}}, {"type": "Feature", "geometry": {"type": "Polygon", "coordinates": [[[80.23714823256597, 13.046885798238648], [80.23724502345348, 13.046859004654081], [80.2373324707006, 13.047158805646305], [80.2372356798131, 13.0471855991984], [80.23714823256597, 13.046885798238648]]]}, "properties": {"source": "microsoft", "height": -1.0, "confidence": -1.0}}, {"type": "Feature", "geometry": {"type": "Polygon", "coordinates": [[[80.23748309081623, 13.038730131683948], [80.23760003996082, 13.038714606111384], [80.23761638491558, 13.038831400556745], [80.2374994286284, 13.03884693504476], [80.23748309081623, 13.038730131683948]]]}, "properties": {"source": "microsoft", "height": -1.0, "confidence": -1.0}}, {"type": "Feature", "geometry": {"type": "Polygon", "coordinates": [[[80.2399499620961, 13.0461944442835], [80.23986682524782, 13.046193486313825], [80.23986923604522, 13.045994927770991], [80.23995237289351, 13.045995885741462], [80.2399499620961, 13.0461944442835]]]}, "properties": {"source": "microsoft", "height": -1.0, "confidence": -1.0}}, {"type": "Feature", "geometry": {"type": "Polygon", "coordinates": [[[80.24104546651081, 13.043307060194195], [80.24131003097631, 13.043271956650983], [80.24132385741459, 13.043370905363219], [80.24105929745237, 13.043405990256346], [80.24104546651081, 13.043307060194195]]]}, "properties": {"source": "microsoft", "height": -1.0, "confidence": -1.0}}, {"type": "Feature", "geometry": {"type": "Polygon", "coordinates": [[[80.23485358858655, 13.04389890058468], [80.23475297830632, 13.04390210415876], [80.23474711085963, 13.043727219852158], [80.23489593671927, 13.043722481022243], [80.23489879754128, 13.043807568106772], [80.23485056952163, 13.043809107044254], [80.23485358858655, 13.04389890058468]]]}, "properties": {"source": "microsoft", "height": -1.0, "confidence": -1.0}}, {"type": "Feature", "geometry": {"type": "Polygon", "coordinates": [[[80.23634953486884, 13.04636337096727], [80.23630917067945, 13.046371008101502], [80.23629913416957, 13.046320647561174], [80.2363394948724, 13.046313011085061], [80.23634953486884, 13.04636337096727]]]}, "properties": {"source": "microsoft", "height": -1.0, "confidence": -1.0}}, {"type": "Feature", "geometry": {"type": "Polygon", "coordinates": [[[80.2364847659765, 13.044136033503904], [80.23649954300063, 13.044357201275247], [80.23639120418703, 13.044364071038146], [80.2363846050615, 13.04426519561315], [80.23634870855997, 13.04426747181077], [80.23634053773488, 13.044145179023147], [80.2364847659765, 13.044136033503904]]]}, "properties": {"source": "microsoft", "height": -1.0, "confidence": -1.0}}, {"type": "Feature", "geometry": {"type": "Polygon", "coordinates": [[[80.23660022900532, 13.047645527546578], [80.23649919373118, 13.047654758504478], [80.23647650218041, 13.047419052086411], [80.23657753745456, 13.047409821119714], [80.23660022900532, 13.047645527546578]]]}, "properties": {"source": "microsoft", "height": -1.0, "confidence": -1.0}}, {"type": "Feature", "geometry": {"type": "Polygon", "coordinates": [[[80.23746655998636, 13.040189782741706], [80.23731603440615, 13.040213183352051], [80.23728492447273, 13.040023255222124], [80.23743546499782, 13.039999862534941], [80.23746655998636, 13.040189782741706]]]}, "properties": {"source": "microsoft", "height": -1.0, "confidence": -1.0}}, {"type": "Feature", "geometry": {"type": "Polygon", "coordinates": [[[80.2383423662457, 13.044939357067946], [80.23835117250076, 13.044979323376921], [80.23828707088862, 13.044992728053984], [80.23827826463354, 13.044952761747169], [80.2383423662457, 13.044939357067946]]]}, "properties": {"source": "microsoft", "height": -1.0, "confidence": -1.0}}, {"type": "Feature", "geometry": {"type": "Polygon", "coordinates": [[[80.23933990022829, 13.03949498198294], [80.23945119611915, 13.039499542739236], [80.23944786585989, 13.039576545736551], [80.2393365758183, 13.039571977633187], [80.23933990022829, 13.03949498198294]]]}, "properties": {"source": "microsoft", "height": -1.0, "confidence": -1.0}}, {"type": "Feature", "geometry": {"type": "Polygon", "coordinates": [[[80.2396774158824, 13.041030866033196], [80.23981484426758, 13.041020802249207], [80.23983529357835, 13.041285833833925], [80.23975794654497, 13.041291497896765], [80.23974932575713, 13.041179768932537], [80.23968925535686, 13.0411841678429], [80.2396774158824, 13.041030866033196]]]}, "properties": {"source": "microsoft", "height": -1.0, "confidence": -1.0}}, {"type": "Feature", "geometry": {"type": "Polygon", "coordinates": [[[80.24006744042657, 13.037833697745413], [80.24006395211245, 13.038043897639682], [80.23999959591784, 13.038042883989405], [80.23999998609528, 13.038019372567021], [80.23975759728215, 13.038015554791286], [80.23975990493798, 13.03787709874652], [80.23978671998871, 13.037877521100626], [80.23978693769209, 13.037864459205608], [80.23984429159376, 13.037865362566066], [80.2398447020934, 13.037840626547748], [80.23993051025577, 13.03784198393187], [80.23993068366778, 13.037831534414423], [80.24006744042657, 13.037833697745413]]]}, "properties": {"source": "microsoft", "height": -1.0, "confidence": -1.0}}, {"type": "Feature", "geometry": {"type": "Polygon", "coordinates": [[[80.24184728067499, 13.045039899790922], [80.24178063211576, 13.045136074269138], [80.24169403931863, 13.045079117222684], [80.24176068506728, 13.044982946777964], [80.24184728067499, 13.045039899790922]]]}, "properties": {"source": "microsoft", "height": -1.0, "confidence": -1.0}}, {"type": "Feature", "geometry": {"type": "Polygon", "coordinates": [[[80.24230305177238, 13.042592468230396], [80.24253466303834, 13.042556999365189], [80.24256675708381, 13.042755899607414], [80.24233515976249, 13.042791366308592], [80.24230305177238, 13.042592468230396]]]}, "properties": {"source": "microsoft", "height": -1.0, "confidence": -1.0}}, {"type": "Feature", "geometry": {"type": "Polygon", "coordinates": [[[80.23336761513966, 13.046027555268438], [80.23337142539413, 13.046095289286242], [80.23337038015099, 13.04609534508839], [80.2333759028919, 13.046193396326359], [80.23321545344037, 13.046201973136519], [80.23321075794318, 13.046118608862798], [80.23324284783348, 13.046116893500226], [80.23323820499222, 13.046034464056717], [80.23336761513966, 13.046027555268438]]]}, "properties": {"source": "microsoft", "height": -1.0, "confidence": -1.0}}, {"type": "Feature", "geometry": {"type": "Polygon", "coordinates": [[[80.2339559168054, 13.038231261402231], [80.23395765891824, 13.038280851588922], [80.23388693157179, 13.038283204971762], [80.23388519301741, 13.03823361466715], [80.2339559168054, 13.038231261402231]]]}, "properties": {"source": "microsoft", "height": -1.0, "confidence": -1.0}}, {"type": "Feature", "geometry": {"type": "Polygon", "coordinates": [[[80.23716388151838, 13.045259928404562], [80.23697014355544, 13.04527941248341], [80.23695672783526, 13.04515272531961], [80.23715046579821, 13.0451332412308], [80.23716388151838, 13.045259928404562]]]}, "properties": {"source": "microsoft", "height": -1.0, "confidence": -1.0}}, {"type": "Feature", "geometry": {"type": "Polygon", "coordinates": [[[80.24208892468516, 13.047946493651182], [80.2421864792509, 13.047933995585069], [80.24221664544125, 13.048157458172454], [80.2421190908755, 13.048169956227284], [80.24208892468516, 13.047946493651182]]]}, "properties": {"source": "microsoft", "height": -1.0, "confidence": -1.0}}, {"type": "Feature", "geometry": {"type": "Polygon", "coordinates": [[[80.24246314850005, 13.038329314830492], [80.24234627632175, 13.038356185840811], [80.24231629578283, 13.038232425889802], [80.24243316796112, 13.038205554866067], [80.24246314850005, 13.038329314830492]]]}, "properties": {"source": "microsoft", "height": -1.0, "confidence": -1.0}}, {"type": "Feature", "geometry": {"type": "Polygon", "coordinates": [[[80.23358345031738, 13.044490140402488], [80.23358345031738, 13.044547626282963], [80.23353785276413, 13.044547626282963], [80.23353785276413, 13.044490140402488], [80.23358345031738, 13.044490140402488]]]}, "properties": {"source": "microsoft", "height": -1.0, "confidence": -1.0}}, {"type": "Feature", "geometry": {"type": "Polygon", "coordinates": [[[80.23574898638165, 13.043294913288406], [80.23581590608399, 13.043387487300507], [80.2357361886025, 13.043442183534921], [80.23566926445459, 13.043349612593545], [80.23574898638165, 13.043294913288406]]]}, "properties": {"source": "microsoft", "height": -1.0, "confidence": -1.0}}, {"type": "Feature", "geometry": {"type": "Polygon", "coordinates": [[[80.24237015545395, 13.040385104608262], [80.24236679060942, 13.04030161607973], [80.2424899823069, 13.040296903853232], [80.24249324200007, 13.040377783367205], [80.2424637831159, 13.040378910203614], [80.24246550763795, 13.040421699037722], [80.2423530285706, 13.040426009160669], [80.2423514088913, 13.040385821685945], [80.24237015545395, 13.040385104608262]]]}, "properties": {"source": "microsoft", "height": -1.0, "confidence": -1.0}}, {"type": "Feature", "geometry": {"type": "Polygon", "coordinates": [[[80.23401681947034, 13.042953848735053], [80.23412647303262, 13.042932435959116], [80.23416318351211, 13.043110791000814], [80.23405351763134, 13.04313220616686], [80.23401681947034, 13.042953848735053]]]}, "properties": {"source": "microsoft", "height": -1.0, "confidence": -1.0}}, {"type": "Feature", "geometry": {"type": "Polygon", "coordinates": [[[80.23502074490005, 13.040458016526557], [80.23495819601602, 13.040468422697643], [80.23493371725692, 13.040328778100616], [80.23499626614095, 13.04031837192369], [80.23502074490005, 13.040458016526557]]]}, "properties": {"source": "microsoft", "height": -1.0, "confidence": -1.0}}, {"type": "Feature", "geometry": {"type": "Polygon", "coordinates": [[[80.23711130660396, 13.046862261438491], [80.23714961465681, 13.047010872360104], [80.23705878157568, 13.047033087316947], [80.23702047502458, 13.04688448223449], [80.23711130660396, 13.046862261438491]]]}, "properties": {"source": "microsoft", "height": -1.0, "confidence": -1.0}}, {"type": "Feature", "geometry": {"type": "Polygon", "coordinates": [[[80.23552145580031, 13.044835120440197], [80.2353704418991, 13.044855888536972], [80.23534444230577, 13.044676554679938], [80.23549546883909, 13.044655784830894], [80.23552145580031, 13.044835120440197]]]}, "properties": {"source": "microsoft", "height": -1.0, "confidence": -1.0}}, {"type": "Feature", "geometry": {"type": "Polygon", "coordinates": [[[80.23927077163772, 13.04319824550521], [80.23934855398879, 13.043198600835836], [80.23934856656605, 13.043195987884744], [80.23943707751727, 13.043196392226491], [80.23943681339458, 13.043251264193188], [80.23945827059488, 13.0432513622154], [80.23945808193578, 13.043290556469827], [80.23950636063647, 13.043290777019791], [80.23950570661835, 13.043426650386934], [80.23929381676544, 13.043425682418217], [80.23929455882445, 13.043271518399166], [80.2392704194741, 13.04327140812417], [80.23927077163772, 13.04319824550521]]]}, "properties": {"source": "microsoft", "height": -1.0, "confidence": -1.0}}, {"type": "Feature", "geometry": {"type": "Polygon", "coordinates": [[[80.24157394311953, 13.038015159943726], [80.24157793632034, 13.038130002920056], [80.24161812334148, 13.03812867669616], [80.24162057371471, 13.038199148496545], [80.24146518389966, 13.038204276560691], [80.24145874032563, 13.03801896178723], [80.24157394311953, 13.038015159943726]]]}, "properties": {"source": "microsoft", "height": -1.0, "confidence": -1.0}}, {"type": "Feature", "geometry": {"type": "Polygon", "coordinates": [[[80.24247978237501, 13.044132162583281], [80.2423602589216, 13.044149561656795], [80.24231219671442, 13.043836215706833], [80.24243169692515, 13.043818811846833], [80.24247978237501, 13.044132162583281]]]}, "properties": {"source": "microsoft", "height": -1.0, "confidence": -1.0}}, {"type": "Feature", "geometry": {"type": "Polygon", "coordinates": [[[80.2331594046353, 13.046051373395713], [80.23316253006237, 13.046170560986809], [80.23301510477535, 13.046174229891164], [80.2330119796117, 13.046055052347057], [80.2331594046353, 13.046051373395713]]]}, "properties": {"source": "microsoft", "height": -1.0, "confidence": -1.0}}, {"type": "Feature", "geometry": {"type": "Polygon", "coordinates": [[[80.23385973775355, 13.04347309377492], [80.23375616472428, 13.043483171138476], [80.2337391895369, 13.043317590368204], [80.23384276256618, 13.043307512997913], [80.23385973775355, 13.04347309377492]]]}, "properties": {"source": "microsoft", "height": -1.0, "confidence": -1.0}}, {"type": "Feature", "geometry": {"type": "Polygon", "coordinates": [[[80.23626253969469, 13.039725426924008], [80.23625336718565, 13.03947750959594], [80.23634712269525, 13.039474217387465], [80.23635629520429, 13.039722134718815], [80.23626253969469, 13.039725426924008]]]}, "properties": {"source": "microsoft", "height": -1.0, "confidence": -1.0}}, {"type": "Feature", "geometry": {"type": "Polygon", "coordinates": [[[80.23789753596226, 13.040154407344886], [80.23788055311222, 13.039900766098427], [80.23811440476442, 13.03988590541016], [80.23813285214632, 13.040161715583523], [80.23801800529577, 13.040169013805937], [80.2380165231594, 13.040146854126647], [80.23789753596226, 13.040154407344886]]]}, "properties": {"source": "microsoft", "height": -1.0, "confidence": -1.0}}, {"type": "Feature", "geometry": {"type": "Polygon", "coordinates": [[[80.23831867946713, 13.04113066155871], [80.23832275706548, 13.041397131292726], [80.2381967212516, 13.041398961724326], [80.23819264365322, 13.041132491992258], [80.23831867946713, 13.04113066155871]]]}, "properties": {"source": "microsoft", "height": -1.0, "confidence": -1.0}}, {"type": "Feature", "geometry": {"type": "Polygon", "coordinates": [[[80.23909754615072, 13.039624164411322], [80.23895852379309, 13.03964450658654], [80.23894415350837, 13.039551253321235], [80.23908317729449, 13.039530920408552], [80.23909754615072, 13.039624164411322]]]}, "properties": {"source": "microsoft", "height": -1.0, "confidence": -1.0}}, {"type": "Feature", "geometry": {"type": "Polygon", "coordinates": [[[80.23924270741445, 13.042926824366134], [80.23917699504175, 13.042917675228992], [80.23918714274666, 13.04284853677477], [80.23918451425176, 13.042848170809165], [80.23919258948544, 13.04279315252451], [80.23926092968283, 13.042802672198277], [80.23924270741445, 13.042926824366134]]]}, "properties": {"source": "microsoft", "height": -1.0, "confidence": -1.0}}, {"type": "Feature", "geometry": {"type": "Polygon", "coordinates": [[[80.24002793167007, 13.046887986378664], [80.23995146005706, 13.046900917083747], [80.23993247852587, 13.046794381962997], [80.23988918298625, 13.046801702876607], [80.23989641121521, 13.04684228816734], [80.2398104859711, 13.04685681740439], [80.23979783657038, 13.046785793145418], [80.24003478194054, 13.046745727659967], [80.24007297282915, 13.046960163052745], [80.2400417269175, 13.04696544434114], [80.24002793167007, 13.046887986378664]]]}, "properties": {"source": "microsoft", "height": -1.0, "confidence": -1.0}}, {"type": "Feature", "geometry": {"type": "Polygon", "coordinates": [[[80.24099047496458, 13.042243546219197], [80.24099124963914, 13.042285340885826], [80.24095371095274, 13.042286001240328], [80.24095535713613, 13.042374814883232], [80.24082933440332, 13.042377031786828], [80.2408269135454, 13.042246423478574], [80.24099047496458, 13.042243546219197]]]}, "properties": {"source": "microsoft", "height": -1.0, "confidence": -1.0}}, {"type": "Feature", "geometry": {"type": "Polygon", "coordinates": [[[80.24145014286132, 13.038584829554623], [80.2414550228652, 13.038690636163508], [80.24136133440805, 13.038694730926721], [80.24135645469822, 13.038588930694786], [80.24145014286132, 13.038584829554623]]]}, "properties": {"source": "microsoft", "height": -1.0, "confidence": -1.0}}, {"type": "Feature", "geometry": {"type": "Polygon", "coordinates": [[[80.24195164340689, 13.039059718971643], [80.2418429893174, 13.039064119618828], [80.24183411554976, 13.038856524003307], [80.24194278421176, 13.03885211535271], [80.24195164340689, 13.039059718971643]]]}, "properties": {"source": "microsoft", "height": -1.0, "confidence": -1.0}}, {"type": "Feature", "geometry": {"type": "Polygon", "coordinates": [[[80.24305831226249, 13.043299543238348], [80.243084234068, 13.043503855222212], [80.24290458830605, 13.043525486585253], [80.24287866496985, 13.043321162554648], [80.24305831226249, 13.043299543238348]]]}, "properties": {"source": "microsoft", "height": -1.0, "confidence": -1.0}}, {"type": "Feature", "geometry": {"type": "Polygon", "coordinates": [[[80.23352826131513, 13.038556839421787], [80.23333827464273, 13.038565842537821], [80.23332849858294, 13.038370326420889], [80.23351848525533, 13.038361323297721], [80.23352826131513, 13.038556839421787]]]}, "properties": {"source": "microsoft", "height": -1.0, "confidence": -1.0}}, {"type": "Feature", "geometry": {"type": "Polygon", "coordinates": [[[80.23396868203366, 13.046752874913878], [80.23396937992378, 13.046820805345064], [80.23392378693751, 13.04682124987852], [80.23392308904737, 13.046753319447475], [80.23396868203366, 13.046752874913878]]]}, "properties": {"source": "microsoft", "height": -1.0, "confidence": -1.0}}, {"type": "Feature", "geometry": {"type": "Polygon", "coordinates": [[[80.23502205740216, 13.045107888154376], [80.23489098638775, 13.045121436281505], [80.23487622979253, 13.04498603680841], [80.23500730946357, 13.044972478841729], [80.23502205740216, 13.045107888154376]]]}, "properties": {"source": "microsoft", "height": -1.0, "confidence": -1.0}}, {"type": "Feature", "geometry": {"type": "Polygon", "coordinates": [[[80.23539178298319, 13.044159862948177], [80.23542672279284, 13.044407111592221], [80.23528457616621, 13.044426165966769], [80.23524963770069, 13.044178926853462], [80.23539178298319, 13.044159862948177]]]}, "properties": {"source": "microsoft", "height": -1.0, "confidence": -1.0}}, {"type": "Feature", "geometry": {"type": "Polygon", "coordinates": [[[80.23599336976287, 13.041917958601914], [80.23616223599593, 13.041913698464995], [80.2361661426744, 13.042061066427166], [80.23599727613629, 13.042065315055353], [80.23599336976287, 13.041917958601914]]]}, "properties": {"source": "microsoft", "height": -1.0, "confidence": -1.0}}, {"type": "Feature", "geometry": {"type": "Polygon", "coordinates": [[[80.23621901141686, 13.045058013016842], [80.23624756984897, 13.04526061867196], [80.23608961572906, 13.045281748846634], [80.23606105729692, 13.045079143208838], [80.23621901141686, 13.045058013016842]]]}, "properties": {"source": "microsoft", "height": -1.0, "confidence": -1.0}}, {"type": "Feature", "geometry": {"type": "Polygon", "coordinates": [[[80.23678947031111, 13.047400201080194], [80.23681446110203, 13.047585129352711], [80.23666681629464, 13.047604064819623], [80.23664182550372, 13.047419136561274], [80.23678947031111, 13.047400201080194]]]}, "properties": {"source": "microsoft", "height": -1.0, "confidence": -1.0}}, {"type": "Feature", "geometry": {"type": "Polygon", "coordinates": [[[80.23959663150784, 13.048062280519531], [80.23949525059263, 13.048086121142788], [80.23945242375478, 13.047913285212545], [80.23955380467001, 13.047889444572633], [80.23959663150784, 13.048062280519531]]]}, "properties": {"source": "microsoft", "height": -1.0, "confidence": -1.0}}, {"type": "Feature", "geometry": {"type": "Polygon", "coordinates": [[[80.2403368670041, 13.039539442675078], [80.24040648003812, 13.039536575787281], [80.24041457786976, 13.039723195586404], [80.24034496463011, 13.039726057733972], [80.2403368670041, 13.039539442675078]]]}, "properties": {"source": "microsoft", "height": -1.0, "confidence": -1.0}}, {"type": "Feature", "geometry": {"type": "Polygon", "coordinates": [[[80.24101102590821, 13.044807017967642], [80.24092949096656, 13.044978015018913], [80.24061969018442, 13.044837821450045], [80.24070120673737, 13.044666837104742], [80.24101102590821, 13.044807017967642]]]}, "properties": {"source": "microsoft", "height": -1.0, "confidence": -1.0}}, {"type": "Feature", "geometry": {"type": "Polygon", "coordinates": [[[80.24122730197102, 13.042587273808294], [80.24110164498845, 13.042594239351757], [80.24109023542215, 13.042398895623478], [80.24121589240472, 13.042391930074501], [80.24122730197102, 13.042587273808294]]]}, "properties": {"source": "microsoft", "height": -1.0, "confidence": -1.0}}, {"type": "Feature", "geometry": {"type": "Polygon", "coordinates": [[[80.24127655300614, 13.047559512567531], [80.24127030331343, 13.047433256707563], [80.2414023849951, 13.047427051859572], [80.24141523395016, 13.047686249303268], [80.24133665368075, 13.047689946150328], [80.24133007255206, 13.04755699471309], [80.24127655300614, 13.047559512567531]]]}, "properties": {"source": "microsoft", "height": -1.0, "confidence": -1.0}}, {"type": "Feature", "geometry": {"type": "Polygon", "coordinates": [[[80.24137036386432, 13.047321136128332], [80.2412647256132, 13.047345776302933], [80.24122768531637, 13.04719502507784], [80.24133331332419, 13.047170387277475], [80.24137036386432, 13.047321136128332]]]}, "properties": {"source": "microsoft", "height": -1.0, "confidence": -1.0}}, {"type": "Feature", "geometry": {"type": "Polygon", "coordinates": [[[80.24288759339117, 13.042559881736622], [80.2428943593375, 13.042713767258817], [80.24276584907977, 13.042719129752953], [80.24275908313345, 13.042565244234083], [80.24288759339117, 13.042559881736622]]]}, "properties": {"source": "microsoft", "height": -1.0, "confidence": -1.0}}, {"type": "Feature", "geometry": {"type": "Polygon", "coordinates": [[[80.23575370527065, 13.044046077520434], [80.23556379032169, 13.044055776280999], [80.23555916304876, 13.043969783593923], [80.2356233596512, 13.043966505138542], [80.23562434119395, 13.043984746014303], [80.23575005954045, 13.043978325706206], [80.23575370527065, 13.044046077520434]]]}, "properties": {"source": "microsoft", "height": -1.0, "confidence": -1.0}}, {"type": "Feature", "geometry": {"type": "Polygon", "coordinates": [[[80.23656194390423, 13.039845936258487], [80.23669481251639, 13.039827346128618], [80.23672704813839, 13.040046120160412], [80.23659419361725, 13.040064699243771], [80.23656194390423, 13.039845936258487]]]}, "properties": {"source": "microsoft", "height": -1.0, "confidence": -1.0}}, {"type": "Feature", "geometry": {"type": "Polygon", "coordinates": [[[80.23760774997181, 13.048011854630303], [80.23745933746093, 13.048033964706875], [80.23744370606872, 13.047934388067958], [80.23759212557016, 13.047912276941034], [80.23760774997181, 13.048011854630303]]]}, "properties": {"source": "microsoft", "height": -1.0, "confidence": -1.0}}, {"type": "Feature", "geometry": {"type": "Polygon", "coordinates": [[[80.23776521470786, 13.04486356245468], [80.23766447437615, 13.044878453887378], [80.2376726436399, 13.04493087907791], [80.23781795013602, 13.044909389973029], [80.23782927960737, 13.044982128909822], [80.23760532219539, 13.045015234270423], [80.23756631752718, 13.044764926855663], [80.23764497204205, 13.044753300142446], [80.23764497204205, 13.044753300142446], [80.23774572116277, 13.044738407403003], [80.23776521470786, 13.04486356245468]]]}, "properties": {"source": "microsoft", "height": -1.0, "confidence": -1.0}}, {"type": "Feature", "geometry": {"type": "Polygon", "coordinates": [[[80.23845837860382, 13.03992122043418], [80.23859089273154, 13.039917597261123], [80.23859638366856, 13.040108199207538], [80.23846385585853, 13.04011182275191], [80.23845837860382, 13.03992122043418]]]}, "properties": {"source": "microsoft", "height": -1.0, "confidence": -1.0}}, {"type": "Feature", "geometry": {"type": "Polygon", "coordinates": [[[80.2397468586134, 13.041817707218357], [80.23963153083926, 13.041818595788143], [80.2396297702804, 13.041601728340794], [80.23960294986783, 13.04160193498511], [80.23960249329086, 13.041545693333262], [80.23974464139886, 13.04154458842656], [80.2397468586134, 13.041817707218357]]]}, "properties": {"source": "microsoft", "height": -1.0, "confidence": -1.0}}, {"type": "Feature", "geometry": {"type": "Polygon", "coordinates": [[[80.24035133302209, 13.04305790924009], [80.24033924610139, 13.042900820073314], [80.24051261648027, 13.042888171662113], [80.2405247024965, 13.043045249082027], [80.24035133302209, 13.04305790924009]]]}, "properties": {"source": "microsoft", "height": -1.0, "confidence": -1.0}}, {"type": "Feature", "geometry": {"type": "Polygon", "coordinates": [[[80.24052383931478, 13.045705689347756], [80.24065136367037, 13.045478294805676], [80.24072159590804, 13.0455156746753], [80.24059407155244, 13.04574306918299], [80.24052383931478, 13.045705689347756]]]}, "properties": {"source": "microsoft", "height": -1.0, "confidence": -1.0}}, {"type": "Feature", "geometry": {"type": "Polygon", "coordinates": [[[80.2414210161648, 13.041429237338065], [80.24131803534627, 13.04144184111341], [80.24125766048692, 13.040973658993863], [80.24136064130548, 13.040961055194657], [80.2414210161648, 13.041429237338065]]]}, "properties": {"source": "microsoft", "height": -1.0, "confidence": -1.0}}, {"type": "Feature", "geometry": {"type": "Polygon", "coordinates": [[[80.23287368385257, 13.039794147409765], [80.23297657709203, 13.039773430114835], [80.2330446272009, 13.040094197909553], [80.23294173396145, 13.040114915177625], [80.23287368385257, 13.039794147409765]]]}, "properties": {"source": "microsoft", "height": -1.0, "confidence": -1.0}}, {"type": "Feature", "geometry": {"type": "Polygon", "coordinates": [[[80.23316071585243, 13.038680167263834], [80.23334912703017, 13.038661141310016], [80.23336031257111, 13.038766201047196], [80.23317190274652, 13.038785239702861], [80.23316071585243, 13.038680167263834]]]}, "properties": {"source": "microsoft", "height": -1.0, "confidence": -1.0}}, {"type": "Feature", "geometry": {"type": "Polygon", "coordinates": [[[80.23345114928341, 13.043376327350813], [80.23370028278104, 13.043344664171897], [80.23371760455258, 13.043474083377589], [80.23360034528824, 13.0434889782329], [80.2336053795118, 13.04352657112129], [80.23347351336793, 13.043543330402557], [80.23345114928341, 13.043376327350813]]]}, "properties": {"source": "microsoft", "height": -1.0, "confidence": -1.0}}, {"type": "Feature", "geometry": {"type": "Polygon", "coordinates": [[[80.2347635413314, 13.047373798005282], [80.23477262345018, 13.0475169636006], [80.23467739549044, 13.047522703257343], [80.23466830312537, 13.04737953828294], [80.2347635413314, 13.047373798005282]]]}, "properties": {"source": "microsoft", "height": -1.0, "confidence": -1.0}}, {"type": "Feature", "geometry": {"type": "Polygon", "coordinates": [[[80.23622878123686, 13.045951277228866], [80.23636277914723, 13.045922443090546], [80.23641473401187, 13.046151657290167], [80.23628075180291, 13.046180488023055], [80.23622878123686, 13.045951277228866]]]}, "properties": {"source": "microsoft", "height": -1.0, "confidence": -1.0}}, {"type": "Feature", "geometry": {"type": "Polygon", "coordinates": [[[80.23687423247196, 13.039920843930432], [80.23677588768817, 13.039934804867315], [80.23676173384666, 13.039840131524912], [80.23686007197043, 13.039826171528148], [80.23687423247196, 13.039920843930432]]]}, "properties": {"source": "microsoft", "height": -1.0, "confidence": -1.0}}, {"type": "Feature", "geometry": {"type": "Polygon", "coordinates": [[[80.23741813041212, 13.045352009162244], [80.23721523122188, 13.04536552515188], [80.23720446057334, 13.045212076431952], [80.23728722208514, 13.045206563327582], [80.23729105570581, 13.045261180680711], [80.23732999826007, 13.045258586548272], [80.2373264411419, 13.04520796032699], [80.23740763949951, 13.045202545814732], [80.23741813041212, 13.045352009162244]]]}, "properties": {"source": "microsoft", "height": -1.0, "confidence": -1.0}}, {"type": "Feature", "geometry": {"type": "Polygon", "coordinates": [[[80.23880302577284, 13.04233535956277], [80.23880042366011, 13.04232010265332], [80.2388630672768, 13.042309962702348], [80.23887737889673, 13.042393875696135], [80.23877036271821, 13.042411198106265], [80.23875865321101, 13.04234254202737], [80.23880302577284, 13.04233535956277]]]}, "properties": {"source": "microsoft", "height": -1.0, "confidence": -1.0}}, {"type": "Feature", "geometry": {"type": "Polygon", "coordinates": [[[80.23964338636834, 13.04074442978542], [80.23963471108841, 13.040890269898142], [80.23938610055549, 13.040876234307518], [80.23939198735262, 13.04077727137765], [80.23949891661407, 13.04078330819334], [80.23950170509691, 13.040736431003353], [80.23964338636834, 13.04074442978542]]]}, "properties": {"source": "microsoft", "height": -1.0, "confidence": -1.0}}, {"type": "Feature", "geometry": {"type": "Polygon", "coordinates": [[[80.24048266892831, 13.045847002073145], [80.24056867335294, 13.045838464109679], [80.24060138376304, 13.046151387288916], [80.24051540158878, 13.046159923032704], [80.24048266892831, 13.045847002073145]]]}, "properties": {"source": "microsoft", "height": -1.0, "confidence": -1.0}}, {"type": "Feature", "geometry": {"type": "Polygon", "coordinates": [[[80.23578391112599, 13.03977755553943], [80.23581663760747, 13.040008324619947], [80.23572715059363, 13.040020369140606], [80.23569442411218, 13.039789600071316], [80.23578391112599, 13.03977755553943]]]}, "properties": {"source": "microsoft", "height": -1.0, "confidence": -1.0}}, {"type": "Feature", "geometry": {"type": "Polygon", "coordinates": [[[80.23858652368166, 13.03806552981483], [80.2384876141148, 13.038071113930556], [80.23847738967774, 13.037899228972861], [80.23846135028849, 13.037900134505747], [80.23845577332284, 13.037806379024303], [80.23841300161826, 13.037808793779604], [80.2384114524611, 13.037782750584256], [80.23856917312175, 13.037773846173081], [80.23858652368166, 13.03806552981483]]]}, "properties": {"source": "microsoft", "height": -1.0, "confidence": -1.0}}, {"type": "Feature", "geometry": {"type": "Polygon", "coordinates": [[[80.23971055360947, 13.042087609524998], [80.23972938791528, 13.042287124582103], [80.2396097007772, 13.04229784770304], [80.23959086647139, 13.042098332654604], [80.23971055360947, 13.042087609524998]]]}, "properties": {"source": "microsoft", "height": -1.0, "confidence": -1.0}}, {"type": "Feature", "geometry": {"type": "Polygon", "coordinates": [[[80.24082385720018, 13.047247394878639], [80.24086913050745, 13.047472775926892], [80.24077096439957, 13.047491483292205], [80.24072569238719, 13.04726610870732], [80.24082385720018, 13.047247394878639]]]}, "properties": {"source": "microsoft", "height": -1.0, "confidence": -1.0}}, {"type": "Feature", "geometry": {"type": "Polygon", "coordinates": [[[80.24124891589068, 13.04133797210524], [80.24110501531351, 13.041349294762668], [80.24109726702748, 13.041255835400378], [80.24103597604092, 13.04126065801539], [80.24102951913588, 13.041182775188005], [80.24123471069966, 13.041166629906229], [80.24124891589068, 13.04133797210524]]]}, "properties": {"source": "microsoft", "height": -1.0, "confidence": -1.0}}, {"type": "Feature", "geometry": {"type": "Polygon", "coordinates": [[[80.23341847092891, 13.039752989458393], [80.23344561948124, 13.039861517886436], [80.23329370893518, 13.039897583994943], [80.23326656038284, 13.039789055582716], [80.23341847092891, 13.039752989458393]]]}, "properties": {"source": "microsoft", "height": -1.0, "confidence": -1.0}}, {"type": "Feature", "geometry": {"type": "Polygon", "coordinates": [[[80.23437342515325, 13.040259034885537], [80.23437459176769, 13.040332182323851], [80.23422710587707, 13.040334414791857], [80.23422593926263, 13.04026126735421], [80.23437342515325, 13.040259034885537]]]}, "properties": {"source": "microsoft", "height": -1.0, "confidence": -1.0}}, {"type": "Feature", "geometry": {"type": "Polygon", "coordinates": [[[80.23453462992214, 13.043369819332412], [80.23461281784289, 13.043356816800113], [80.23462394024972, 13.043420292323702], [80.23476728477112, 13.043396454352163], [80.2347846357258, 13.043495476145978], [80.23466214131659, 13.043515846768173], [80.2346674800719, 13.043546315001933], [80.23456844203893, 13.043562784863425], [80.23453462992214, 13.043369819332412]]]}, "properties": {"source": "microsoft", "height": -1.0, "confidence": -1.0}}, {"type": "Feature", "geometry": {"type": "Polygon", "coordinates": [[[80.23537004084739, 13.047809660835625], [80.23529855104753, 13.047817605953526], [80.23529734353973, 13.047807288312526], [80.2352390925917, 13.047813762112384], [80.2352220095612, 13.047667794836215], [80.23535175133104, 13.04765338464206], [80.23537004084739, 13.047809660835625]]]}, "properties": {"source": "microsoft", "height": -1.0, "confidence": -1.0}}, {"type": "Feature", "geometry": {"type": "Polygon", "coordinates": [[[80.23553421758335, 13.039306968078236], [80.23548047055428, 13.03928368625769], [80.23553523684467, 13.03916369182491], [80.23558898387377, 13.03918697365674], [80.23553421758335, 13.039306968078236]]]}, "properties": {"source": "microsoft", "height": -1.0, "confidence": -1.0}}, {"type": "Feature", "geometry": {"type": "Polygon", "coordinates": [[[80.23574508147246, 13.038567732169213], [80.23569193002082, 13.038642935317995], [80.2356355237863, 13.03860509814119], [80.23568867339385, 13.038529897590067], [80.23574508147246, 13.038567732169213]]]}, "properties": {"source": "microsoft", "height": -1.0, "confidence": -1.0}}, {"type": "Feature", "geometry": {"type": "Polygon", "coordinates": [[[80.23631850969964, 13.04375899788559], [80.23622049401607, 13.043759953554371], [80.2362191401995, 13.043628175658668], [80.23627423536205, 13.043627634715094], [80.23627377585893, 13.04358321815495], [80.23637300751314, 13.043582243863668], [80.23637328971992, 13.043609522578436], [80.23642424655127, 13.043609025740778], [80.23642518064035, 13.043699316782707], [80.23631790317637, 13.04370037007007], [80.23631850969964, 13.04375899788559]]]}, "properties": {"source": "microsoft", "height": -1.0, "confidence": -1.0}}, {"type": "Feature", "geometry": {"type": "Polygon", "coordinates": [[[80.23665728922614, 13.045781437438151], [80.23676888582543, 13.045770861034924], [80.23677276318686, 13.045809688280727], [80.23666116658762, 13.045820264682291], [80.23665728922614, 13.045781437438151]]]}, "properties": {"source": "microsoft", "height": -1.0, "confidence": -1.0}}, {"type": "Feature", "geometry": {"type": "Polygon", "coordinates": [[[80.23744840139729, 13.04102330648918], [80.23738814968071, 13.041036074728325], [80.23735750041782, 13.040898853002048], [80.23740751743402, 13.04088825364299], [80.23741810210953, 13.040935658211794], [80.237456517534, 13.040927517406047], [80.23746877347403, 13.0409824068972], [80.2374406021627, 13.040988376820152], [80.23744840139729, 13.04102330648918]]]}, "properties": {"source": "microsoft", "height": -1.0, "confidence": -1.0}}, {"type": "Feature", "geometry": {"type": "Polygon", "coordinates": [[[80.2375009308061, 13.047681022252917], [80.2375158531635, 13.047810032207778], [80.23747877305183, 13.047814102593563], [80.23747578858037, 13.047788300608403], [80.23740162835712, 13.047796441380598], [80.23738969047125, 13.047693233416439], [80.2375009308061, 13.047681022252917]]]}, "properties": {"source": "microsoft", "height": -1.0, "confidence": -1.0}}, {"type": "Feature", "geometry": {"type": "Polygon", "coordinates": [[[80.23804712515525, 13.046877423373559], [80.23801462768938, 13.046888615101935], [80.23799652045386, 13.046838716544087], [80.23802901401842, 13.046827523941559], [80.23804712515525, 13.046877423373559]]]}, "properties": {"source": "microsoft", "height": -1.0, "confidence": -1.0}}, {"type": "Feature", "geometry": {"type": "Polygon", "coordinates": [[[80.23945952063835, 13.042034050840456], [80.2395518171993, 13.04202946317372], [80.23956671560816, 13.042313541749095], [80.23947439869141, 13.042318130422373], [80.23945952063835, 13.042034050840456]]]}, "properties": {"source": "microsoft", "height": -1.0, "confidence": -1.0}}, {"type": "Feature", "geometry": {"type": "Polygon", "coordinates": [[[80.23314602497555, 13.042824454044009], [80.2330214535164, 13.042827775073462], [80.23301579148824, 13.042626723981897], [80.23314037738052, 13.042623402564956], [80.23314602497555, 13.042824454044009]]]}, "properties": {"source": "microsoft", "height": -1.0, "confidence": -1.0}}, {"type": "Feature", "geometry": {"type": "Polygon", "coordinates": [[[80.23481393627515, 13.042496580268747], [80.2346623620316, 13.042450559258953], [80.2347487635544, 13.042180480828407], [80.23490034081152, 13.042226492468387], [80.23481393627515, 13.042496580268747]]]}, "properties": {"source": "microsoft", "height": -1.0, "confidence": -1.0}}, {"type": "Feature", "geometry": {"type": "Polygon", "coordinates": [[[80.23611032462702, 13.038777667930276], [80.23620025118014, 13.038767262636995], [80.23619742394493, 13.038744072273957], [80.23624503212014, 13.03873856358858], [80.23628492755026, 13.039065805184237], [80.23614739282198, 13.039081719142814], [80.23611032462702, 13.038777667930276]]]}, "properties": {"source": "microsoft", "height": -1.0, "confidence": -1.0}}, {"type": "Feature", "geometry": {"type": "Polygon", "coordinates": [[[80.23658254810789, 13.039676688445866], [80.23651087175573, 13.039683799301002], [80.23651156266217, 13.039690409005956], [80.23641981180286, 13.039699517664715], [80.23641007316004, 13.039606414823453], [80.23657350648593, 13.03959018980943], [80.23658254810789, 13.039676688445866]]]}, "properties": {"source": "microsoft", "height": -1.0, "confidence": -1.0}}, {"type": "Feature", "geometry": {"type": "Polygon", "coordinates": [[[80.23813361914603, 13.046225218578996], [80.23817273684982, 13.04641480319161], [80.23795360300072, 13.046457713830677], [80.23791448825999, 13.046268143611584], [80.23813361914603, 13.046225218578996]]]}, "properties": {"source": "microsoft", "height": -1.0, "confidence": -1.0}}, {"type": "Feature", "geometry": {"type": "Polygon", "coordinates": [[[80.23900617031234, 13.038078542405927], [80.23909470039537, 13.038063578217574], [80.23909650747393, 13.038073725018961], [80.23922409494652, 13.038052158982097], [80.23924894227656, 13.038191677471033], [80.23913958158577, 13.038210162635181], [80.23912895932322, 13.038150518332671], [80.23902220371691, 13.038168570443247], [80.23900617031234, 13.038078542405927]]]}, "properties": {"source": "microsoft", "height": -1.0, "confidence": -1.0}}, {"type": "Feature", "geometry": {"type": "Polygon", "coordinates": [[[80.23905150636918, 13.04758930497411], [80.23917475575276, 13.047585372193979], [80.2391775641033, 13.047668897357028], [80.23919802191739, 13.047668244566296], [80.23920257574622, 13.047803973207266], [80.23905887828928, 13.047808558463501], [80.23905150636918, 13.04758930497411]]]}, "properties": {"source": "microsoft", "height": -1.0, "confidence": -1.0}}, {"type": "Feature", "geometry": {"type": "Polygon", "coordinates": [[[80.23971226399918, 13.041346821779996], [80.23958375220577, 13.041352166843055], [80.23957689398611, 13.041195670359258], [80.23970540577952, 13.041190325292845], [80.23971226399918, 13.041346821779996]]]}, "properties": {"source": "microsoft", "height": -1.0, "confidence": -1.0}}, {"type": "Feature", "geometry": {"type": "Polygon", "coordinates": [[[80.2336106322108, 13.044317664127988], [80.23351772104432, 13.0443268941398], [80.23349579435833, 13.044117419574889], [80.23370816273885, 13.044096322386665], [80.23372521682795, 13.044259247077463], [80.2336429240805, 13.044267422232735], [80.23363534448535, 13.044195011274681], [80.23359818001876, 13.044198703281282], [80.2336106322108, 13.044317664127988]]]}, "properties": {"source": "microsoft", "height": -1.0, "confidence": -1.0}}, {"type": "Feature", "geometry": {"type": "Polygon", "coordinates": [[[80.23391580400308, 13.047858006548395], [80.23394635499697, 13.048097310115011], [80.23384961914313, 13.04810903053162], [80.23381905121877, 13.047869729027624], [80.23391580400308, 13.047858006548395]]]}, "properties": {"source": "microsoft", "height": -1.0, "confidence": -1.0}}, {"type": "Feature", "geometry": {"type": "Polygon", "coordinates": [[[80.23433177297302, 13.038707654151168], [80.23418850620374, 13.038738366471463], [80.23416204763217, 13.038621224793872], [80.23430531440145, 13.038590512459038], [80.23433177297302, 13.038707654151168]]]}, "properties": {"source": "microsoft", "height": -1.0, "confidence": -1.0}}, {"type": "Feature", "geometry": {"type": "Polygon", "coordinates": [[[80.23516132137615, 13.03783980358098], [80.23518407729239, 13.037953051653062], [80.23511433044985, 13.0379663532254], [80.23512950106065, 13.038041851907266], [80.2350106731067, 13.038064513836787], [80.23497274657966, 13.037875767106271], [80.23516132137615, 13.03783980358098]]]}, "properties": {"source": "microsoft", "height": -1.0, "confidence": -1.0}}, {"type": "Feature", "geometry": {"type": "Polygon", "coordinates": [[[80.23927523071866, 13.04602675023611], [80.23932108469195, 13.046218820947999], [80.23921166975065, 13.046243618515817], [80.23916581408774, 13.046051540745864], [80.23927523071866, 13.04602675023611]]]}, "properties": {"source": "microsoft", "height": -1.0, "confidence": -1.0}}, {"type": "Feature", "geometry": {"type": "Polygon", "coordinates": [[[80.23974930085248, 13.046170511110446], [80.23974403708779, 13.046019132096873], [80.23984584420796, 13.046015772436874], [80.2398511079727, 13.04616715145248], [80.23974930085248, 13.046170511110446]]]}, "properties": {"source": "microsoft", "height": -1.0, "confidence": -1.0}}, {"type": "Feature", "geometry": {"type": "Polygon", "coordinates": [[[80.23452450917146, 13.042189011586302], [80.23434770815, 13.042226140649575], [80.23431682971935, 13.042086591889301], [80.23435455153414, 13.042006721730019], [80.23463845083322, 13.042133976118095], [80.23464593626537, 13.042167805000531], [80.23461645817072, 13.042230220307857], [80.23452450917146, 13.042189011586302]]]}, "properties": {"source": "microsoft", "height": -1.0, "confidence": -1.0}}, {"type": "Feature", "geometry": {"type": "Polygon", "coordinates": [[[80.2349315585071, 13.041280372303376], [80.23491033691626, 13.04128255287985], [80.23490278262851, 13.041212777317241], [80.2349650631823, 13.041206377818241], [80.23497206248355, 13.041270984351314], [80.23503445418557, 13.04126457343304], [80.2350551585298, 13.04145581007316], [80.23511480367179, 13.041449681376022], [80.23512096305694, 13.041506535070113], [80.23495785862008, 13.041523294481024], [80.2349315585071, 13.041280372303376]]]}, "properties": {"source": "microsoft", "height": -1.0, "confidence": -1.0}}, {"type": "Feature", "geometry": {"type": "Polygon", "coordinates": [[[80.23494365363484, 13.039096077772285], [80.23497212443615, 13.039050092359147], [80.23493672259039, 13.039029292228335], [80.2349801354544, 13.038959172701198], [80.2352543384735, 13.039120297648907], [80.23518246941168, 13.039236392401335], [80.23494365363484, 13.039096077772285]]]}, "properties": {"source": "microsoft", "height": -1.0, "confidence": -1.0}}, {"type": "Feature", "geometry": {"type": "Polygon", "coordinates": [[[80.2358392126159, 13.037936944429944], [80.2357842215185, 13.038043198965028], [80.23558961322689, 13.037947607097806], [80.23564460432429, 13.037841352521653], [80.2358392126159, 13.037936944429944]]]}, "properties": {"source": "microsoft", "height": -1.0, "confidence": -1.0}}, {"type": "Feature", "geometry": {"type": "Polygon", "coordinates": [[[80.23594610136534, 13.047229662953256], [80.23600191609854, 13.047224456947504], [80.23600547874108, 13.047260706170292], [80.23594966400789, 13.047265912175249], [80.23594610136534, 13.047229662953256]]]}, "properties": {"source": "microsoft", "height": -1.0, "confidence": -1.0}}, {"type": "Feature", "geometry": {"type": "Polygon", "coordinates": [[[80.23945080953071, 13.047332574019208], [80.23934020491208, 13.04736663779839], [80.23929203634039, 13.047218206277606], [80.2394026528788, 13.047184146348982], [80.23945080953071, 13.047332574019208]]]}, "properties": {"source": "microsoft", "height": -1.0, "confidence": -1.0}}, {"type": "Feature", "geometry": {"type": "Polygon", "coordinates": [[[80.23987991267192, 13.046227385834285], [80.23996422562642, 13.04621636567488], [80.23997499526952, 13.046294563284746], [80.23989068309272, 13.046305589087623], [80.23987991267192, 13.046227385834285]]]}, "properties": {"source": "microsoft", "height": -1.0, "confidence": -1.0}}, {"type": "Feature", "geometry": {"type": "Polygon", "coordinates": [[[80.23814171801972, 13.038153339564516], [80.2382569850211, 13.038156066783998], [80.23825320910301, 13.038307534982664], [80.23813794210157, 13.03830480776486], [80.23814171801972, 13.038153339564516]]]}, "properties": {"source": "microsoft", "height": -1.0, "confidence": -1.0}}, {"type": "Feature", "geometry": {"type": "Polygon", "coordinates": [[[80.24042454533502, 13.038358608767282], [80.24030921361053, 13.038359206418264], [80.24030795814396, 13.038129263569317], [80.24042328986845, 13.038128665917782], [80.24042454533502, 13.038358608767282]]]}, "properties": {"source": "microsoft", "height": -1.0, "confidence": -1.0}}, {"type": "Feature", "geometry": {"type": "Polygon", "coordinates": [[[80.23391656420742, 13.047689386704405], [80.23391331941494, 13.047506533786432], [80.2340339829065, 13.047504509927691], [80.23403722769898, 13.04768736284717], [80.23391656420742, 13.047689386704405]]]}, "properties": {"source": "microsoft", "height": -1.0, "confidence": -1.0}}, {"type": "Feature", "geometry": {"type": "Polygon", "coordinates": [[[80.23570200244974, 13.047513043811392], [80.23569378207381, 13.047732240028978], [80.23558395809114, 13.047728331291552], [80.23559217846707, 13.047509135070484], [80.23570200244974, 13.047513043811392]]]}, "properties": {"source": "microsoft", "height": -1.0, "confidence": -1.0}}, {"type": "Feature", "geometry": {"type": "Polygon", "coordinates": [[[80.23614764213562, 13.040233535129474], [80.23623079061508, 13.040233535129474], [80.23623079061508, 13.040377252278873], [80.23614764213562, 13.040377252278873], [80.23614764213562, 13.040233535129474]]]}, "properties": {"source": "microsoft", "height": -1.0, "confidence": -1.0}}, {"type": "Feature", "geometry": {"type": "Polygon", "coordinates": [[[80.23666279249667, 13.042069755267178], [80.2366701949376, 13.042309936504822], [80.23655764362537, 13.042313228704572], [80.23655024118447, 13.04207304747014], [80.23666279249667, 13.042069755267178]]]}, "properties": {"source": "microsoft", "height": -1.0, "confidence": -1.0}}, {"type": "Feature", "geometry": {"type": "Polygon", "coordinates": [[[80.23749360066337, 13.039351375802497], [80.23740107070843, 13.039355546102769], [80.23739921339413, 13.039316434071623], [80.23737512506752, 13.03931751972624], [80.23737289629035, 13.039270585280917], [80.23736104925001, 13.039271119224011], [80.23735504883024, 13.039144568581776], [80.23746056396516, 13.039139820233316], [80.237466944579, 13.039274185698318], [80.23748989164253, 13.039273151479989], [80.23749360066337, 13.039351375802497]]]}, "properties": {"source": "microsoft", "height": -1.0, "confidence": -1.0}}, {"type": "Feature", "geometry": {"type": "Polygon", "coordinates": [[[80.23869180166434, 13.03883616646796], [80.23856065495637, 13.038842086169382], [80.23854695245572, 13.038553968832119], [80.23867809873931, 13.038548040200808], [80.23869180166434, 13.03883616646796]]]}, "properties": {"source": "microsoft", "height": -1.0, "confidence": -1.0}}, {"type": "Feature", "geometry": {"type": "Polygon", "coordinates": [[[80.24139672008955, 13.038894366033745], [80.24144767115892, 13.038893639954665], [80.24144755348077, 13.03888580246955], [80.24151727599677, 13.03888480888763], [80.24152127705358, 13.039151283243655], [80.24146764434899, 13.03915204753659], [80.2414678012532, 13.039162497505487], [80.24140076037243, 13.03916345287162], [80.24139672008955, 13.038894366033745]]]}, "properties": {"source": "microsoft", "height": -1.0, "confidence": -1.0}}, {"type": "Feature", "geometry": {"type": "Polygon", "coordinates": [[[80.24165944476282, 13.04113184917064], [80.24165305170226, 13.041081459509101], [80.24172966533601, 13.041072234278062], [80.24173423680057, 13.041108266248159], [80.24199980950716, 13.041076288004803], [80.24201436080101, 13.041191045266402], [80.24140270872647, 13.041264654007293], [80.24138997382384, 13.041164278428624], [80.24165944476282, 13.04113184917064]]]}, "properties": {"source": "microsoft", "height": -1.0, "confidence": -1.0}}, {"type": "Feature", "geometry": {"type": "Polygon", "coordinates": [[[80.24295189463366, 13.042746934743079], [80.2429486981625, 13.042780616007235], [80.24288753021662, 13.042775106608346], [80.24289072668779, 13.042741425343422], [80.24295189463366, 13.042746934743079]]]}, "properties": {"source": "microsoft", "height": -1.0, "confidence": -1.0}}, {"type": "Feature", "geometry": {"type": "Polygon", "coordinates": [[[80.23377809985064, 13.046851147245093], [80.23371778369001, 13.046860017869236], [80.23372001203819, 13.046874397446217], [80.2336439620126, 13.046885587214803], [80.23361664525422, 13.046709311556839], [80.23375301081738, 13.046689247129521], [80.23377809985064, 13.046851147245093]]]}, "properties": {"source": "microsoft", "height": -1.0, "confidence": -1.0}}, {"type": "Feature", "geometry": {"type": "Polygon", "coordinates": [[[80.23481374327989, 13.044028908035017], [80.23480619725396, 13.043984663890058], [80.2348975514945, 13.043969870499481], [80.23492097024396, 13.044107180180859], [80.23478785406488, 13.044128736252034], [80.23477198086876, 13.044035667955384], [80.23481374327989, 13.044028908035017]]]}, "properties": {"source": "microsoft", "height": -1.0, "confidence": -1.0}}, {"type": "Feature", "geometry": {"type": "Polygon", "coordinates": [[[80.23514651064187, 13.046333606732546], [80.23530661359005, 13.046322373985618], [80.23531859604397, 13.046484617248979], [80.2351584922937, 13.046495839128582], [80.23514651064187, 13.046333606732546]]]}, "properties": {"source": "microsoft", "height": -1.0, "confidence": -1.0}}, {"type": "Feature", "geometry": {"type": "Polygon", "coordinates": [[[80.23541992680187, 13.038289108949641], [80.23549001986922, 13.03834061500477], [80.23547067753384, 13.038365597693797], [80.23568608549691, 13.038523884511847], [80.23560871615541, 13.038623815178838], [80.23532321512496, 13.038414022395614], [80.23541992680187, 13.038289108949641]]]}, "properties": {"source": "microsoft", "height": -1.0, "confidence": -1.0}}, {"type": "Feature", "geometry": {"type": "Polygon", "coordinates": [[[80.23663285136594, 13.042540640924699], [80.23668188775824, 13.04240604068832], [80.23675573427958, 13.042431573684937], [80.23676249791991, 13.042413008131248], [80.23681612240628, 13.042431549205148], [80.23676033214663, 13.042584718348905], [80.23663285136594, 13.042540640924699]]]}, "properties": {"source": "microsoft", "height": -1.0, "confidence": -1.0}}, {"type": "Feature", "geometry": {"type": "Polygon", "coordinates": [[[80.23666977076863, 13.039100656265077], [80.23669218945106, 13.039378536033624], [80.23657756257727, 13.039387313105777], [80.23655514389483, 13.039109433347122], [80.23666977076863, 13.039100656265077]]]}, "properties": {"source": "microsoft", "height": -1.0, "confidence": -1.0}}, {"type": "Feature", "geometry": {"type": "Polygon", "coordinates": [[[80.23901084482723, 13.04711651833685], [80.23889971746712, 13.047129202047472], [80.23887352099894, 13.046911380806677], [80.23898464746013, 13.046898689610643], [80.23901084482723, 13.04711651833685]]]}, "properties": {"source": "microsoft", "height": -1.0, "confidence": -1.0}}, {"type": "Feature", "geometry": {"type": "Polygon", "coordinates": [[[80.2422638553191, 13.042590207415756], [80.24226923324144, 13.042746812987716], [80.24218617771882, 13.04274951989865], [80.24218079979647, 13.04259291432841], [80.2422638553191, 13.042590207415756]]]}, "properties": {"source": "microsoft", "height": -1.0, "confidence": -1.0}}, {"type": "Feature", "geometry": {"type": "Polygon", "coordinates": [[[80.24256395746983, 13.039426612098424], [80.24256541759321, 13.03947098831938], [80.2425332641232, 13.039471992418626], [80.24253180399982, 13.039427616197841], [80.24256395746983, 13.039426612098424]]]}, "properties": {"source": "microsoft", "height": -1.0, "confidence": -1.0}}, {"type": "Feature", "geometry": {"type": "Polygon", "coordinates": [[[80.2330380145697, 13.047833147599704], [80.2330123351334, 13.04783507705936], [80.23301912767761, 13.04792079434165], [80.23280749604, 13.047936695568922], [80.23279523236444, 13.04778179588827], [80.2330325360431, 13.047763949566644], [80.2330380145697, 13.047833147599704]]]}, "properties": {"source": "microsoft", "height": -1.0, "confidence": -1.0}}, {"type": "Feature", "geometry": {"type": "Polygon", "coordinates": [[[80.23363831735998, 13.039354864156635], [80.23373678359147, 13.039346351010437], [80.233762290461, 13.03962635490592], [80.23366382422947, 13.039634868042512], [80.23363831735998, 13.039354864156635]]]}, "properties": {"source": "microsoft", "height": -1.0, "confidence": -1.0}}, {"type": "Feature", "geometry": {"type": "Polygon", "coordinates": [[[80.23458688103115, 13.044518400102504], [80.23458904215842, 13.04456795755199], [80.23466784234799, 13.044564696255264], [80.23467158971225, 13.04465076995315], [80.23455263504293, 13.044655693118216], [80.23454672037875, 13.044520062228344], [80.23458688103115, 13.044518400102504]]]}, "properties": {"source": "microsoft", "height": -1.0, "confidence": -1.0}}, {"type": "Feature", "geometry": {"type": "Polygon", "coordinates": [[[80.23883189776755, 13.038196781220947], [80.2389669022523, 13.038192086563356], [80.23897432632002, 13.038394318286933], [80.23883930766209, 13.038399022639723], [80.23883189776755, 13.038196781220947]]]}, "properties": {"source": "microsoft", "height": -1.0, "confidence": -1.0}}, {"type": "Feature", "geometry": {"type": "Polygon", "coordinates": [[[80.23910225786642, 13.045707140316438], [80.23895449454072, 13.045761685602187], [80.23889317173621, 13.045604026502133], [80.23885564454237, 13.045617879280044], [80.23875255113192, 13.045352828987106], [80.23882760551959, 13.045325123400843], [80.23888537337889, 13.045473643013167], [80.23893931872004, 13.045453729633081], [80.23899442037045, 13.04559539442235], [80.2390507111612, 13.045574615253344], [80.23910225786642, 13.045707140316438]]]}, "properties": {"source": "microsoft", "height": -1.0, "confidence": -1.0}}, {"type": "Feature", "geometry": {"type": "Polygon", "coordinates": [[[80.23992184338255, 13.039026758773332], [80.24011853789179, 13.03902017374233], [80.2401220434426, 13.03911935236286], [80.23992534181666, 13.039125937629478], [80.23992184338255, 13.039026758773332]]]}, "properties": {"source": "microsoft", "height": -1.0, "confidence": -1.0}}, {"type": "Feature", "geometry": {"type": "Polygon", "coordinates": [[[80.24047012505137, 13.042740075862497], [80.24033355204163, 13.042745411632083], [80.24032721582677, 13.042591491348745], [80.24046378883651, 13.042586155575819], [80.24047012505137, 13.042740075862497]]]}, "properties": {"source": "microsoft", "height": -1.0, "confidence": -1.0}}, {"type": "Feature", "geometry": {"type": "Polygon", "coordinates": [[[80.24215762309788, 13.045393880070506], [80.24221670191271, 13.045415027810876], [80.24218943009667, 13.045487333163535], [80.24213034994322, 13.04546618897841], [80.24215762309788, 13.045393880070506]]]}, "properties": {"source": "microsoft", "height": -1.0, "confidence": -1.0}}, {"type": "Feature", "geometry": {"type": "Polygon", "coordinates": [[[80.23346379027623, 13.042525187634595], [80.23350847948667, 13.042697071368423], [80.23346058989863, 13.042708888370754], [80.23341590068817, 13.042537004645112], [80.23346379027623, 13.042525187634595]]]}, "properties": {"source": "microsoft", "height": -1.0, "confidence": -1.0}}, {"type": "Feature", "geometry": {"type": "Polygon", "coordinates": [[[80.23643177094418, 13.039426613457394], [80.23632185971837, 13.03942910153269], [80.23631977675554, 13.039341770261487], [80.23642968780268, 13.039339274695138], [80.23643177094418, 13.039426613457394]]]}, "properties": {"source": "microsoft", "height": -1.0, "confidence": -1.0}}, {"type": "Feature", "geometry": {"type": "Polygon", "coordinates": [[[80.23728210361962, 13.039216188412695], [80.23722204504966, 13.039218448877875], [80.23721749238985, 13.039103645978088], [80.23727754272456, 13.039101385821823], [80.23728210361962, 13.039216188412695]]]}, "properties": {"source": "microsoft", "height": -1.0, "confidence": -1.0}}, {"type": "Feature", "geometry": {"type": "Polygon", "coordinates": [[[80.23734970914775, 13.04223911182585], [80.2372478535091, 13.042241681424244], [80.2372407735307, 13.04197533199357], [80.23734262916935, 13.041972762392419], [80.23734970914775, 13.04223911182585]]]}, "properties": {"source": "microsoft", "height": -1.0, "confidence": -1.0}}, {"type": "Feature", "geometry": {"type": "Polygon", "coordinates": [[[80.23797222291633, 13.039074685019386], [80.23806874470816, 13.039076547517382], [80.23806657508452, 13.039183640763298], [80.23814051065615, 13.039185067433806], [80.23814308556072, 13.039058418508205], [80.23821392367961, 13.03905978058053], [80.23821077567814, 13.03921516683512], [80.23816787710398, 13.039214339058702], [80.23816673871076, 13.03927053045139], [80.23796833253135, 13.039266715509129], [80.23797222291633, 13.039074685019386]]]}, "properties": {"source": "microsoft", "height": -1.0, "confidence": -1.0}}, {"type": "Feature", "geometry": {"type": "Polygon", "coordinates": [[[80.23798210689012, 13.044728249994293], [80.23786957484424, 13.044731840835013], [80.23786549216916, 13.044610413621868], [80.23797802447275, 13.044606830443897], [80.23798210689012, 13.044728249994293]]]}, "properties": {"source": "microsoft", "height": -1.0, "confidence": -1.0}}, {"type": "Feature", "geometry": {"type": "Polygon", "coordinates": [[[80.2408923012407, 13.03837979103669], [80.24091173884251, 13.038500794801962], [80.24087246748914, 13.038506782124813], [80.24085302946747, 13.038385775748736], [80.2408923012407, 13.03837979103669]]]}, "properties": {"source": "microsoft", "height": -1.0, "confidence": -1.0}}, {"type": "Feature", "geometry": {"type": "Polygon", "coordinates": [[[80.24250614808115, 13.04152663467822], [80.24262139873557, 13.041529667943578], [80.24261561981302, 13.04173752190357], [80.24250036937696, 13.041734480788335], [80.24250614808115, 13.04152663467822]]]}, "properties": {"source": "microsoft", "height": -1.0, "confidence": -1.0}}, {"type": "Feature", "geometry": {"type": "Polygon", "coordinates": [[[80.24274438490397, 13.038434497773139], [80.24315340581312, 13.03841154524676], [80.24315925729778, 13.038510513111504], [80.24293202345935, 13.03852326451019], [80.24293310136444, 13.038541495427381], [80.24275131429368, 13.038551696545127], [80.24274438490397, 13.038434497773139]]]}, "properties": {"source": "microsoft", "height": -1.0, "confidence": -1.0}}, {"type": "Feature", "geometry": {"type": "Polygon", "coordinates": [[[80.23458182827093, 13.04051815166514], [80.23453801161043, 13.040522922843579], [80.23451608687893, 13.040331945423077], [80.23455991709027, 13.040327172765416], [80.23458182827093, 13.04051815166514]]]}, "properties": {"source": "microsoft", "height": -1.0, "confidence": -1.0}}, {"type": "Feature", "geometry": {"type": "Polygon", "coordinates": [[[80.23554645481701, 13.039131313313035], [80.23559745804278, 13.03902692503081], [80.23562588586451, 13.039040107611456], [80.23557488263874, 13.03914449588811], [80.23554645481701, 13.039131313313035]]]}, "properties": {"source": "microsoft", "height": -1.0, "confidence": -1.0}}, {"type": "Feature", "geometry": {"type": "Polygon", "coordinates": [[[80.23589866174976, 13.041626189861944], [80.23580216416799, 13.04162857165774], [80.2357978177546, 13.041461445274777], [80.23589431533632, 13.041459063477348], [80.23589866174976, 13.041626189861944]]]}, "properties": {"source": "microsoft", "height": -1.0, "confidence": -1.0}}, {"type": "Feature", "geometry": {"type": "Polygon", "coordinates": [[[80.23766378738857, 13.04119632376515], [80.2377600759126, 13.041191347264984], [80.23777327222967, 13.041433676882377], [80.23767698370564, 13.04143865337764], [80.23766378738857, 13.04119632376515]]]}, "properties": {"source": "microsoft", "height": -1.0, "confidence": -1.0}}, {"type": "Feature", "geometry": {"type": "Polygon", "coordinates": [[[80.23874464870377, 13.043495592172135], [80.23890368678695, 13.043554961406528], [80.23886156539062, 13.04366204860709], [80.23870252730744, 13.04360267939839], [80.23874464870377, 13.043495592172135]]]}, "properties": {"source": "microsoft", "height": -1.0, "confidence": -1.0}}, {"type": "Feature", "geometry": {"type": "Polygon", "coordinates": [[[80.2393779167539, 13.03907863944849], [80.23927611598587, 13.039082089228799], [80.23927192259912, 13.038964643964547], [80.23937372336718, 13.038961194182605], [80.2393779167539, 13.03907863944849]]]}, "properties": {"source": "microsoft", "height": -1.0, "confidence": -1.0}}, {"type": "Feature", "geometry": {"type": "Polygon", "coordinates": [[[80.23558286197378, 13.040221433022253], [80.23557831076086, 13.04046697859485], [80.2355085960576, 13.04046575221318], [80.2355131472705, 13.040220206639361], [80.23558286197378, 13.040221433022253]]]}, "properties": {"source": "microsoft", "height": -1.0, "confidence": -1.0}}, {"type": "Feature", "geometry": {"type": "Polygon", "coordinates": [[[80.23586707153119, 13.038338126610753], [80.2357819763879, 13.038484559284456], [80.23555245238789, 13.038357966750667], [80.23563754753118, 13.038211534002045], [80.23586707153119, 13.038338126610753]]]}, "properties": {"source": "microsoft", "height": -1.0, "confidence": -1.0}}, {"type": "Feature", "geometry": {"type": "Polygon", "coordinates": [[[80.23889608035543, 13.043233089394803], [80.23891649016144, 13.043232536928116], [80.23910224814959, 13.043291558404661], [80.23910982793647, 13.043291353746639], [80.23919398664307, 13.043318093755602], [80.23919323647263, 13.043291725327677], [80.23913639628375, 13.04327366531514], [80.23913268612908, 13.043143253644601], [80.23914730330767, 13.043099592268405], [80.23917804601825, 13.043098762199236], [80.23924196875848, 13.043119072587416], [80.2392458078699, 13.043254017091016], [80.23922355869148, 13.04332047513509], [80.2392241889257, 13.043342627812464], [80.23918838391762, 13.043449576919244], [80.23910037218869, 13.043421612692242], [80.23909939696706, 13.043387333749692], [80.23898469475341, 13.043350889066232], [80.23890133358545, 13.043353145542625], [80.23886474137211, 13.043341518986281], [80.23886435276157, 13.043327859361085], [80.23889608035543, 13.043233089394803]]]}, "properties": {"source": "microsoft", "height": -1.0, "confidence": -1.0}}, {"type": "Feature", "geometry": {"type": "Polygon", "coordinates": [[[80.24250904907952, 13.041758706238241], [80.2426696147175, 13.041751228803804], [80.24267780182693, 13.04191808100299], [80.2425172361889, 13.041925558432368], [80.24250904907952, 13.041758706238241]]]}, "properties": {"source": "microsoft", "height": -1.0, "confidence": -1.0}}, {"type": "Feature", "geometry": {"type": "Polygon", "coordinates": [[[80.24262690941497, 13.047196399022695], [80.24269765598073, 13.04722718350682], [80.24266369720581, 13.047301247602277], [80.24259294620416, 13.047270461197144], [80.24262690941497, 13.047196399022695]]]}, "properties": {"source": "microsoft", "height": -1.0, "confidence": -1.0}}, {"type": "Feature", "geometry": {"type": "Polygon", "coordinates": [[[80.24290913013532, 13.042301223853741], [80.24279253867115, 13.042313784216233], [80.24274554002861, 13.041899737072342], [80.24286213238426, 13.041887184542432], [80.24290913013532, 13.042301223853741]]]}, "properties": {"source": "microsoft", "height": -1.0, "confidence": -1.0}}, {"type": "Feature", "geometry": {"type": "Polygon", "coordinates": [[[80.2341132976693, 13.038510499261704], [80.2340652504473, 13.03851375567605], [80.23406097935893, 13.038453944808992], [80.23410902658094, 13.038450688393837], [80.2341132976693, 13.038510499261704]]]}, "properties": {"source": "microsoft", "height": -1.0, "confidence": -1.0}}, {"type": "Feature", "geometry": {"type": "Polygon", "coordinates": [[[80.23458513124467, 13.042815400685143], [80.23451342413198, 13.042841694914642], [80.23448247873162, 13.042761586817605], [80.23455418080334, 13.042735294428041], [80.23458513124467, 13.042815400685143]]]}, "properties": {"source": "microsoft", "height": -1.0, "confidence": -1.0}}, {"type": "Feature", "geometry": {"type": "Polygon", "coordinates": [[[80.23510222914692, 13.038049867215463], [80.23512174580385, 13.038124480021295], [80.23496810540405, 13.03816261227314], [80.23491778365441, 13.037970230593118], [80.23498480233577, 13.037953592539594], [80.23501560205611, 13.038071373242857], [80.23510222914692, 13.038049867215463]]]}, "properties": {"source": "microsoft", "height": -1.0, "confidence": -1.0}}, {"type": "Feature", "geometry": {"type": "Polygon", "coordinates": [[[80.23718176556075, 13.040511125831515], [80.23721661390124, 13.040510303703073], [80.23721580239399, 13.040477562268222], [80.23725869273159, 13.040476553340383], [80.2372618643667, 13.040604517525892], [80.23718412562974, 13.040606346206644], [80.23718176556075, 13.040511125831515]]]}, "properties": {"source": "microsoft", "height": -1.0, "confidence": -1.0}}, {"type": "Feature", "geometry": {"type": "Polygon", "coordinates": [[[80.24007829337923, 13.0442507970578], [80.23997331564853, 13.044469509413261], [80.23997991875399, 13.044472516868865], [80.23993875101644, 13.044558286366197], [80.23990793652433, 13.044544251577847], [80.2398703381229, 13.044622584643946], [80.23974488248845, 13.044565435996262], [80.23989568879894, 13.044251243674381], [80.23993750846678, 13.04427029090948], [80.2399704426568, 13.044201675234106], [80.24007829337923, 13.0442507970578]]]}, "properties": {"source": "microsoft", "height": -1.0, "confidence": -1.0}}, {"type": "Feature", "geometry": {"type": "Polygon", "coordinates": [[[80.24013401488895, 13.038891357522672], [80.24013851229344, 13.039003547707907], [80.23988944672875, 13.039013023859695], [80.23988494932422, 13.038900833678767], [80.24013401488895, 13.038891357522672]]]}, "properties": {"source": "microsoft", "height": -1.0, "confidence": -1.0}}, {"type": "Feature", "geometry": {"type": "Polygon", "coordinates": [[[80.24197697951818, 13.039586403312782], [80.24207845289152, 13.039569030028161], [80.24208740692903, 13.039618685963248], [80.24198593234539, 13.039636052532629], [80.24197697951818, 13.039586403312782]]]}, "properties": {"source": "microsoft", "height": -1.0, "confidence": -1.0}}, {"type": "Feature", "geometry": {"type": "Polygon", "coordinates": [[[80.24294755990373, 13.040862613343208], [80.24301275843342, 13.04124667194246], [80.24288744148473, 13.041266871295491], [80.24282224295503, 13.040882812727588], [80.24294755990373, 13.040862613343208]]]}, "properties": {"source": "microsoft", "height": -1.0, "confidence": -1.0}}, {"type": "Feature", "geometry": {"type": "Polygon", "coordinates": [[[80.23531425827242, 13.039375649547281], [80.23541990812197, 13.039127152918539], [80.23550593746538, 13.039161866981956], [80.23540027024949, 13.039410362432946], [80.23531425827242, 13.039375649547281]]]}, "properties": {"source": "microsoft", "height": -1.0, "confidence": -1.0}}, {"type": "Feature", "geometry": {"type": "Polygon", "coordinates": [[[80.23617592667341, 13.04167999232348], [80.23620059740999, 13.041826121333102], [80.23603738474196, 13.041852261962134], [80.23601272605572, 13.04170614216551], [80.23617592667341, 13.04167999232348]]]}, "properties": {"source": "microsoft", "height": -1.0, "confidence": -1.0}}, {"type": "Feature", "geometry": {"type": "Polygon", "coordinates": [[[80.23783924902214, 13.047549524775476], [80.23789294075988, 13.047824383811133], [80.23774961848939, 13.047850953808151], [80.23769594580865, 13.047576091269107], [80.23783924902214, 13.047549524775476]]]}, "properties": {"source": "microsoft", "height": -1.0, "confidence": -1.0}}, {"type": "Feature", "geometry": {"type": "Polygon", "coordinates": [[[80.23807728775547, 13.04668400911612], [80.238151482183, 13.046993764560469], [80.2380395590657, 13.047019206807875], [80.23800928773929, 13.046892826646456], [80.23804998705465, 13.046883574915697], [80.2380354354678, 13.046822823277722], [80.23798964802883, 13.046833228516675], [80.23796027722376, 13.046710607862579], [80.23807728775547, 13.04668400911612]]]}, "properties": {"source": "microsoft", "height": -1.0, "confidence": -1.0}}, {"type": "Feature", "geometry": {"type": "Polygon", "coordinates": [[[80.23664671517476, 13.046091024711615], [80.23648653274435, 13.046113861791866], [80.23645714189529, 13.045918308489988], [80.23661732271864, 13.045895460699299], [80.23664671517476, 13.046091024711615]]]}, "properties": {"source": "microsoft", "height": -1.0, "confidence": -1.0}}, {"type": "Feature", "geometry": {"type": "Polygon", "coordinates": [[[80.23803338735904, 13.03862820054431], [80.23803731893949, 13.038816262821129], [80.23789679108006, 13.038819041541728], [80.2378928730046, 13.038630979000018], [80.23803338735904, 13.03862820054431]]]}, "properties": {"source": "microsoft", "height": -1.0, "confidence": -1.0}}, {"type": "Feature", "geometry": {"type": "Polygon", "coordinates": [[[80.24065010114836, 13.038766579165525], [80.24065465758427, 13.038897080908527], [80.24068412778671, 13.038896104337766], [80.24068831970771, 13.039016165880994], [80.2405463269142, 13.039020871174046], [80.2405423172506, 13.038906029701323], [80.24055839190649, 13.038905497026377], [80.24055283305466, 13.038746284896135], [80.24057694503847, 13.038745485883197], [80.24057430230565, 13.038669794834291], [80.24061984716393, 13.038668285587221], [80.24062331005521, 13.038767466957566], [80.24065010114836, 13.038766579165525]]]}, "properties": {"source": "microsoft", "height": -1.0, "confidence": -1.0}}, {"type": "Feature", "geometry": {"type": "Polygon", "coordinates": [[[80.2415311236683, 13.047375062070842], [80.2416141173828, 13.047371570669299], [80.24162440671614, 13.047603691539464], [80.24154141300164, 13.047607182937725], [80.2415311236683, 13.047375062070842]]]}, "properties": {"source": "microsoft", "height": -1.0, "confidence": -1.0}}, {"type": "Feature", "geometry": {"type": "Polygon", "coordinates": [[[80.24265263840566, 13.041364305723079], [80.24250430029922, 13.041372508361434], [80.2424977828237, 13.041260508536567], [80.24264611290968, 13.041252306337995], [80.24265263840566, 13.041364305723079]]]}, "properties": {"source": "microsoft", "height": -1.0, "confidence": -1.0}}, {"type": "Feature", "geometry": {"type": "Polygon", "coordinates": [[[80.23477032392533, 13.040935265024899], [80.23464243342659, 13.040951301197993], [80.23461309380413, 13.040729227777561], [80.23464334473015, 13.040725432551952], [80.23463247182369, 13.040643179524551], [80.23473009456869, 13.040630931949735], [80.23477032392533, 13.040935265024899]]]}, "properties": {"source": "microsoft", "height": -1.0, "confidence": -1.0}}, {"type": "Feature", "geometry": {"type": "Polygon", "coordinates": [[[80.23637182966293, 13.047873166803981], [80.23637556597718, 13.047998482834558], [80.23626400940029, 13.048001646982954], [80.23626026409046, 13.047876331209139], [80.23637182966293, 13.047873166803981]]]}, "properties": {"source": "microsoft", "height": -1.0, "confidence": -1.0}}, {"type": "Feature", "geometry": {"type": "Polygon", "coordinates": [[[80.2371906359772, 13.042264687886885], [80.23692164090666, 13.04227690298461], [80.23691403094163, 13.042117854389375], [80.23718301461062, 13.042105639801534], [80.2371906359772, 13.042264687886885]]]}, "properties": {"source": "microsoft", "height": -1.0, "confidence": -1.0}}, {"type": "Feature", "geometry": {"type": "Polygon", "coordinates": [[[80.24019080805668, 13.038970141903235], [80.24044326962793, 13.038946421137254], [80.24044839563791, 13.038998200571228], [80.2404127344318, 13.039001551223691], [80.24041811287238, 13.03905591998057], [80.24017739896513, 13.039078536950413], [80.24016663434418, 13.03896980016188], [80.24019055175619, 13.038967552931496], [80.24019080805668, 13.038970141903235]]]}, "properties": {"source": "microsoft", "height": -1.0, "confidence": -1.0}}, {"type": "Feature", "geometry": {"type": "Polygon", "coordinates": [[[80.2416399735385, 13.042695035514711], [80.24165358368703, 13.042823212145194], [80.24155146969832, 13.042833502659718], [80.2415378511709, 13.04270533384198], [80.2416399735385, 13.042695035514711]]]}, "properties": {"source": "microsoft", "height": -1.0, "confidence": -1.0}}, {"type": "Feature", "geometry": {"type": "Polygon", "coordinates": [[[80.23709629321623, 13.039995583456985], [80.23699514549355, 13.04001380441872], [80.23698101900385, 13.039939378063664], [80.23696286451158, 13.03994264969046], [80.2369295132494, 13.039766936250615], [80.23704881569152, 13.03974544483826], [80.23709629321623, 13.039995583456985]]]}, "properties": {"source": "microsoft", "height": -1.0, "confidence": -1.0}}, {"type": "Feature", "geometry": {"type": "Polygon", "coordinates": [[[80.23756958598868, 13.0422293843597], [80.23740354591708, 13.042235746858154], [80.23739322276862, 13.041980066467787], [80.23755926284022, 13.041973703962753], [80.23756958598868, 13.0422293843597]]]}, "properties": {"source": "microsoft", "height": -1.0, "confidence": -1.0}}, {"type": "Feature", "geometry": {"type": "Polygon", "coordinates": [[[80.24011336418401, 13.045546253142021], [80.24023602710895, 13.045377339876694], [80.24035400258161, 13.045458655274459], [80.24023133965667, 13.04562756848425], [80.24011336418401, 13.045546253142021]]]}, "properties": {"source": "microsoft", "height": -1.0, "confidence": -1.0}}, {"type": "Feature", "geometry": {"type": "Polygon", "coordinates": [[[80.2326357998165, 13.043992327374909], [80.23305906441489, 13.043938966336086], [80.23309127698889, 13.04418146349478], [80.23295557350156, 13.04419858089328], [80.23295271736791, 13.044177091472633], [80.23266517460091, 13.044213342003786], [80.2326357998165, 13.043992327374909]]]}, "properties": {"source": "microsoft", "height": -1.0, "confidence": -1.0}}, {"type": "Feature", "geometry": {"type": "Polygon", "coordinates": [[[80.23504945557517, 13.047648983917895], [80.23516812941793, 13.04762848029604], [80.2351865698838, 13.047729812730964], [80.23510950976403, 13.047743126624695], [80.23510489788308, 13.047717793826067], [80.23506329121817, 13.047724982327082], [80.23504945557517, 13.047648983917895]]]}, "properties": {"source": "microsoft", "height": -1.0, "confidence": -1.0}}, {"type": "Feature", "geometry": {"type": "Polygon", "coordinates": [[[80.23635356276225, 13.044703601951895], [80.23645154964697, 13.044700455196491], [80.23645777132312, 13.044884322007746], [80.23635977101785, 13.044887462509848], [80.23635356276225, 13.044703601951895]]]}, "properties": {"source": "microsoft", "height": -1.0, "confidence": -1.0}}, {"type": "Feature", "geometry": {"type": "Polygon", "coordinates": [[[80.23712438889318, 13.040291797419613], [80.23701608041391, 13.040287300018491], [80.23702201449574, 13.040151668346013], [80.23713031324866, 13.04015616534572], [80.23712438889318, 13.040291797419613]]]}, "properties": {"source": "microsoft", "height": -1.0, "confidence": -1.0}}, {"type": "Feature", "geometry": {"type": "Polygon", "coordinates": [[[80.23718081124728, 13.041231719491776], [80.23725049609521, 13.041229856955923], [80.23725757322809, 13.041480518485614], [80.2371878883802, 13.041482381019591], [80.23718081124728, 13.041231719491776]]]}, "properties": {"source": "microsoft", "height": -1.0, "confidence": -1.0}}, {"type": "Feature", "geometry": {"type": "Polygon", "coordinates": [[[80.23881398352222, 13.047440247577924], [80.23889944733469, 13.04741412474091], [80.23891706869175, 13.047468836768516], [80.23883160487928, 13.047494959599746], [80.23881398352222, 13.047440247577924]]]}, "properties": {"source": "microsoft", "height": -1.0, "confidence": -1.0}}, {"type": "Feature", "geometry": {"type": "Polygon", "coordinates": [[[80.23893484141895, 13.039032416079209], [80.2390317396729, 13.039017735469272], [80.23904803063867, 13.039119789385893], [80.23895113238473, 13.039134469989762], [80.23893484141895, 13.039032416079209]]]}, "properties": {"source": "microsoft", "height": -1.0, "confidence": -1.0}}, {"type": "Feature", "geometry": {"type": "Polygon", "coordinates": [[[80.23937555221781, 13.042445265395543], [80.23929789414579, 13.042442220779435], [80.23930399171017, 13.042294869124802], [80.23938164956344, 13.042297919029096], [80.23937555221781, 13.042445265395543]]]}, "properties": {"source": "microsoft", "height": -1.0, "confidence": -1.0}}, {"type": "Feature", "geometry": {"type": "Polygon", "coordinates": [[[80.24136252418465, 13.042326984007559], [80.24137962476192, 13.042563594370975], [80.24127820410094, 13.042570557970421], [80.24126110352361, 13.042333947613656], [80.24136252418465, 13.042326984007559]]]}, "properties": {"source": "microsoft", "height": -1.0, "confidence": -1.0}}, {"type": "Feature", "geometry": {"type": "Polygon", "coordinates": [[[80.24169761358135, 13.046293516975794], [80.24179334270946, 13.046125910291138], [80.24188266660747, 13.046174322148659], [80.24178694667468, 13.046341933784177], [80.24169761358135, 13.046293516975794]]]}, "properties": {"source": "microsoft", "height": -1.0, "confidence": -1.0}}, {"type": "Feature", "geometry": {"type": "Polygon", "coordinates": [[[80.23447523817222, 13.045203683278714], [80.23438803814295, 13.045207755960163], [80.23438144515663, 13.045073785872134], [80.23446863529087, 13.04506970770575], [80.23447523817222, 13.045203683278714]]]}, "properties": {"source": "microsoft", "height": -1.0, "confidence": -1.0}}, {"type": "Feature", "geometry": {"type": "Polygon", "coordinates": [[[80.23517673501928, 13.043252407709588], [80.2350574191506, 13.043273860559296], [80.23502274428483, 13.043090899075054], [80.23508499526449, 13.043079702171255], [80.23508088010746, 13.043057988588004], [80.23513794421855, 13.043047728520733], [80.23517673501928, 13.043252407709588]]]}, "properties": {"source": "microsoft", "height": -1.0, "confidence": -1.0}}, {"type": "Feature", "geometry": {"type": "Polygon", "coordinates": [[[80.2355683608817, 13.045109950040398], [80.23538675088014, 13.045121540189157], [80.23538089843453, 13.045034601288435], [80.23556250760608, 13.045022998805976], [80.2355683608817, 13.045109950040398]]]}, "properties": {"source": "microsoft", "height": -1.0, "confidence": -1.0}}, {"type": "Feature", "geometry": {"type": "Polygon", "coordinates": [[[80.2370219618803, 13.046468270790442], [80.23718370489065, 13.04644499069272], [80.23720776093225, 13.046603532593522], [80.23704600677506, 13.046626814280714], [80.2370219618803, 13.046468270790442]]]}, "properties": {"source": "microsoft", "height": -1.0, "confidence": -1.0}}, {"type": "Feature", "geometry": {"type": "Polygon", "coordinates": [[[80.23836384895785, 13.044517847062309], [80.23830604577628, 13.044558110146696], [80.23833269360283, 13.044594421350851], [80.23827868308096, 13.044632042628422], [80.23812386186972, 13.04442109876615], [80.23823567729936, 13.044343213141275], [80.23836384895785, 13.044517847062309]]]}, "properties": {"source": "microsoft", "height": -1.0, "confidence": -1.0}}, {"type": "Feature", "geometry": {"type": "Polygon", "coordinates": [[[80.23871199770458, 13.042675840150011], [80.23872134891647, 13.042716940012042], [80.23867665672105, 13.042726590679607], [80.23866730335588, 13.04268549433155], [80.23871199770458, 13.042675840150011]]]}, "properties": {"source": "microsoft", "height": -1.0, "confidence": -1.0}}, {"type": "Feature", "geometry": {"type": "Polygon", "coordinates": [[[80.23994770812777, 13.041937591116678], [80.240048000731, 13.041932277760736], [80.24006913931045, 13.042311449199616], [80.23996887348684, 13.042316754292173], [80.23994770812777, 13.041937591116678]]]}, "properties": {"source": "microsoft", "height": -1.0, "confidence": -1.0}}, {"type": "Feature", "geometry": {"type": "Polygon", "coordinates": [[[80.2417485351482, 13.041323346043015], [80.24175118952276, 13.04138704863415], [80.24166143839267, 13.041390604095824], [80.24165877919417, 13.041326895576816], [80.2417485351482, 13.041323346043015]]]}, "properties": {"source": "microsoft", "height": -1.0, "confidence": -1.0}}, {"type": "Feature", "geometry": {"type": "Polygon", "coordinates": [[[80.2329715657843, 13.038883577147729], [80.23305199765154, 13.038885194983777], [80.23304816520367, 13.039065418562444], [80.23296773333642, 13.03906380072759], [80.2329715657843, 13.038883577147729]]]}, "properties": {"source": "microsoft", "height": -1.0, "confidence": -1.0}}, {"type": "Feature", "geometry": {"type": "Polygon", "coordinates": [[[80.23494804101898, 13.042284225531859], [80.2350578224843, 13.042338598517688], [80.23502684193993, 13.042397972216804], [80.23498525836439, 13.042377379385428], [80.23496098172836, 13.042423898744374], [80.2348927792734, 13.042390119183594], [80.23494804101898, 13.042284225531859]]]}, "properties": {"source": "microsoft", "height": -1.0, "confidence": -1.0}}, {"type": "Feature", "geometry": {"type": "Polygon", "coordinates": [[[80.23656434350806, 13.04673822046908], [80.23636860907392, 13.046741743704857], [80.23636568607357, 13.046587630977484], [80.23650243204807, 13.046585169537252], [80.23650446328564, 13.046692264833638], [80.23656345174524, 13.046691203036332], [80.23656434350806, 13.04673822046908]]]}, "properties": {"source": "microsoft", "height": -1.0, "confidence": -1.0}}, {"type": "Feature", "geometry": {"type": "Polygon", "coordinates": [[[80.2376111739588, 13.045417575948491], [80.23763839850764, 13.045605824872922], [80.2374369466656, 13.045633460653335], [80.23740973732485, 13.04544522339809], [80.2376111739588, 13.045417575948491]]]}, "properties": {"source": "microsoft", "height": -1.0, "confidence": -1.0}}, {"type": "Feature", "geometry": {"type": "Polygon", "coordinates": [[[80.23813691557032, 13.04782011568274], [80.23822227450133, 13.047809238236951], [80.23824883601655, 13.048007051279242], [80.23816346311288, 13.048017930496883], [80.23813691557032, 13.04782011568274]]]}, "properties": {"source": "microsoft", "height": -1.0, "confidence": -1.0}}, {"type": "Feature", "geometry": {"type": "Polygon", "coordinates": [[[80.23847078650998, 13.038459861516841], [80.23832619460968, 13.038465688134579], [80.23831943850952, 13.038306563764692], [80.23846403040982, 13.038300737143203], [80.23847078650998, 13.038459861516841]]]}, "properties": {"source": "microsoft", "height": -1.0, "confidence": -1.0}}, {"type": "Feature", "geometry": {"type": "Polygon", "coordinates": [[[80.23891007030952, 13.042424361771097], [80.23890837532235, 13.042143489814691], [80.23902907060608, 13.042142806773299], [80.23903076554356, 13.042423670501407], [80.23891007030952, 13.042424361771097]]]}, "properties": {"source": "microsoft", "height": -1.0, "confidence": -1.0}}, {"type": "Feature", "geometry": {"type": "Polygon", "coordinates": [[[80.23999786498837, 13.039668230089731], [80.23998986741836, 13.039572179386823], [80.2403058080166, 13.039547212061109], [80.24031607576977, 13.039670634126907], [80.24025595249181, 13.039675381290152], [80.24025367383895, 13.03964801470623], [80.23999786498837, 13.039668230089731]]]}, "properties": {"source": "microsoft", "height": -1.0, "confidence": -1.0}}, {"type": "Feature", "geometry": {"type": "Polygon", "coordinates": [[[80.24312056400358, 13.039216499553504], [80.24305889629048, 13.039217660068303], [80.24305962401391, 13.039254229078665], [80.24298608946314, 13.039255612913365], [80.24298293011077, 13.039096276257112], [80.24311812093198, 13.039093732121486], [80.24312056400358, 13.039216499553504]]]}, "properties": {"source": "microsoft", "height": -1.0, "confidence": -1.0}}, {"type": "Feature", "geometry": {"type": "Polygon", "coordinates": [[[80.23605256538679, 13.046368383610584], [80.23617807489174, 13.046352167113653], [80.23620988746391, 13.046585837391973], [80.23608436146132, 13.046602056005142], [80.23605256538679, 13.046368383610584]]]}, "properties": {"source": "microsoft", "height": -1.0, "confidence": -1.0}}, {"type": "Feature", "geometry": {"type": "Polygon", "coordinates": [[[80.23750558090344, 13.03955610838615], [80.23741453530795, 13.039559702738629], [80.2374066137609, 13.039369262969075], [80.23749765935639, 13.039365668613826], [80.23750558090344, 13.03955610838615]]]}, "properties": {"source": "microsoft", "height": -1.0, "confidence": -1.0}}, {"type": "Feature", "geometry": {"type": "Polygon", "coordinates": [[[80.24193584918976, 13.042271697807493], [80.24193584918976, 13.042475513151615], [80.24178296327591, 13.042475513151615], [80.24178296327591, 13.042271697807493], [80.24193584918976, 13.042271697807493]]]}, "properties": {"source": "microsoft", "height": -1.0, "confidence": -1.0}}, {"type": "Feature", "geometry": {"type": "Polygon", "coordinates": [[[80.2330015721662, 13.039697348127191], [80.23303832610317, 13.039692075433763], [80.23302943454324, 13.03963325095576], [80.23310556769839, 13.039622328945029], [80.23312141787048, 13.03972718996593], [80.23300853077832, 13.039743384664462], [80.2330015721662, 13.039697348127191]]]}, "properties": {"source": "microsoft", "height": -1.0, "confidence": -1.0}}, {"type": "Feature", "geometry": {"type": "Polygon", "coordinates": [[[80.2331312063358, 13.045656702776611], [80.23326741065274, 13.045628963280421], [80.23332328495637, 13.045889333945851], [80.23318708063942, 13.045917073412795], [80.2331312063358, 13.045656702776611]]]}, "properties": {"source": "microsoft", "height": -1.0, "confidence": -1.0}}, {"type": "Feature", "geometry": {"type": "Polygon", "coordinates": [[[80.23471455158284, 13.042998211616677], [80.23476656616727, 13.042989242470782], [80.23477301083547, 13.043024713330695], [80.23472099625099, 13.043033682475311], [80.23471455158284, 13.042998211616677]]]}, "properties": {"source": "microsoft", "height": -1.0, "confidence": -1.0}}, {"type": "Feature", "geometry": {"type": "Polygon", "coordinates": [[[80.235538407689, 13.046205863658656], [80.23581018397037, 13.046176029833617], [80.23582630011634, 13.046315361430032], [80.23555451395038, 13.046345196323344], [80.235538407689, 13.046205863658656]]]}, "properties": {"source": "microsoft", "height": -1.0, "confidence": -1.0}}, {"type": "Feature", "geometry": {"type": "Polygon", "coordinates": [[[80.23925973077952, 13.041862130706221], [80.23917407276157, 13.04186587444174], [80.23916414830934, 13.041650698508604], [80.23924980605848, 13.041646948941136], [80.23925973077952, 13.041862130706221]]]}, "properties": {"source": "microsoft", "height": -1.0, "confidence": -1.0}}, {"type": "Feature", "geometry": {"type": "Polygon", "coordinates": [[[80.23937558702777, 13.038077847058588], [80.23948534420883, 13.03807313230223], [80.23948965515362, 13.038168381313511], [80.23933332566267, 13.038175085979532], [80.23932713642795, 13.03803811930949], [80.23937369843564, 13.038036119180177], [80.23937558702777, 13.038077847058588]]]}, "properties": {"source": "microsoft", "height": -1.0, "confidence": -1.0}}, {"type": "Feature", "geometry": {"type": "Polygon", "coordinates": [[[80.24061295709532, 13.046892439847014], [80.24071480476523, 13.046873398886888], [80.24075450733474, 13.047075013774148], [80.24065267363503, 13.047094052106942], [80.24061295709532, 13.046892439847014]]]}, "properties": {"source": "microsoft", "height": -1.0, "confidence": -1.0}}, {"type": "Feature", "geometry": {"type": "Polygon", "coordinates": [[[80.24106305246666, 13.042222749657554], [80.2411569109293, 13.042221456941064], [80.24115734658909, 13.042251329523111], [80.24106348821974, 13.042252628637712], [80.24106305246666, 13.042222749657554]]]}, "properties": {"source": "microsoft", "height": -1.0, "confidence": -1.0}}, {"type": "Feature", "geometry": {"type": "Polygon", "coordinates": [[[80.24144784837785, 13.044596163468626], [80.24157728903043, 13.044568574592887], [80.24159721286817, 13.044657290436732], [80.241467764242, 13.044684872175907], [80.24144784837785, 13.044596163468626]]]}, "properties": {"source": "microsoft", "height": -1.0, "confidence": -1.0}}, {"type": "Feature", "geometry": {"type": "Polygon", "coordinates": [[[80.24159425506197, 13.039252866281501], [80.24159691297322, 13.039361044755239], [80.24146824087748, 13.039364054031054], [80.2414655827508, 13.039255866790256], [80.24159425506197, 13.039252866281501]]]}, "properties": {"source": "microsoft", "height": -1.0, "confidence": -1.0}}, {"type": "Feature", "geometry": {"type": "Polygon", "coordinates": [[[80.24260533791498, 13.037865729254435], [80.24261584162001, 13.038088947675675], [80.24252110416124, 13.038093172271942], [80.24251061676173, 13.037869959585947], [80.24260533791498, 13.037865729254435]]]}, "properties": {"source": "microsoft", "height": -1.0, "confidence": -1.0}}, {"type": "Feature", "geometry": {"type": "Polygon", "coordinates": [[[80.23325974394835, 13.045445337877041], [80.23312325416155, 13.04546500190375], [80.2330747325876, 13.04514536910861], [80.23320597276721, 13.045126461366223], [80.23322368955677, 13.045243169652181], [80.23322893911079, 13.045242412992522], [80.23325974394835, 13.045445337877041]]]}, "properties": {"source": "microsoft", "height": -1.0, "confidence": -1.0}}, {"type": "Feature", "geometry": {"type": "Polygon", "coordinates": [[[80.23643105870383, 13.045284067053018], [80.23650327536424, 13.045280334725774], [80.23651524190808, 13.045500368149618], [80.23644302498064, 13.045504095563402], [80.23643105870383, 13.045284067053018]]]}, "properties": {"source": "microsoft", "height": -1.0, "confidence": -1.0}}, {"type": "Feature", "geometry": {"type": "Polygon", "coordinates": [[[80.23784118515033, 13.045117932089525], [80.2378677729462, 13.045215579182525], [80.23775146749757, 13.045245641817445], [80.23772487314781, 13.04514799643033], [80.23784118515033, 13.045117932089525]]]}, "properties": {"source": "microsoft", "height": -1.0, "confidence": -1.0}}, {"type": "Feature", "geometry": {"type": "Polygon", "coordinates": [[[80.24154817863698, 13.038868329076521], [80.24171963297894, 13.038874127561357], [80.24171389454685, 13.03903484535455], [80.24154244062176, 13.039029035197089], [80.24154817863698, 13.038868329076521]]]}, "properties": {"source": "microsoft", "height": -1.0, "confidence": -1.0}}, {"type": "Feature", "geometry": {"type": "Polygon", "coordinates": [[[80.23365609076177, 13.0430281891406], [80.23380498975226, 13.043004452822913], [80.23381011920708, 13.043034991250039], [80.23392767104171, 13.043016252052553], [80.23395460067951, 13.043176578745317], [80.23385533468584, 13.043192402946374], [80.23385148759472, 13.04316949914093], [80.23381752817583, 13.043174912683668], [80.2338247949035, 13.043218175424514], [80.2337281411728, 13.043233583196653], [80.23371830971774, 13.043175051254977], [80.23368173803587, 13.043180881223932], [80.23365609076177, 13.0430281891406]]]}, "properties": {"source": "microsoft", "height": -1.0, "confidence": -1.0}}, {"type": "Feature", "geometry": {"type": "Polygon", "coordinates": [[[80.23397023541872, 13.044665620784485], [80.23406240610461, 13.04466169929006], [80.23406754223062, 13.044776452436338], [80.2339753797732, 13.04478037357886], [80.23397023541872, 13.044665620784485]]]}, "properties": {"source": "microsoft", "height": -1.0, "confidence": -1.0}}, {"type": "Feature", "geometry": {"type": "Polygon", "coordinates": [[[80.23688344456976, 13.04737553122041], [80.23694144128791, 13.04737379131545], [80.2369430916992, 13.047426001085455], [80.23688509872845, 13.047427740877637], [80.23688344456976, 13.04737553122041]]]}, "properties": {"source": "microsoft", "height": -1.0, "confidence": -1.0}}, {"type": "Feature", "geometry": {"type": "Polygon", "coordinates": [[[80.23990366210575, 13.047059331671363], [80.23998034181649, 13.047040708896915], [80.2400051866683, 13.047137794607053], [80.23992851478414, 13.047156420701015], [80.23990366210575, 13.047059331671363]]]}, "properties": {"source": "microsoft", "height": -1.0, "confidence": -1.0}}, {"type": "Feature", "geometry": {"type": "Polygon", "coordinates": [[[80.2415952498031, 13.046089824442802], [80.2416070299715, 13.046062117338906], [80.24169721059612, 13.046098511631627], [80.24163990734037, 13.046233266788946], [80.2415039439338, 13.046178405187263], [80.241549460989, 13.046071348523313], [80.2415952498031, 13.046089824442802]]]}, "properties": {"source": "microsoft", "height": -1.0, "confidence": -1.0}}, {"type": "Feature", "geometry": {"type": "Polygon", "coordinates": [[[80.2430559432804, 13.0418827034742], [80.24306114702792, 13.042074325844112], [80.24290970409228, 13.042078229032882], [80.24290451382222, 13.041886595993645], [80.2430559432804, 13.0418827034742]]]}, "properties": {"source": "microsoft", "height": -1.0, "confidence": -1.0}}, {"type": "Feature", "geometry": {"type": "Polygon", "coordinates": [[[80.23509474395402, 13.042638276250074], [80.23523549643829, 13.042642076647383], [80.23522949478838, 13.04285356867507], [80.2351074881735, 13.042850274429739], [80.2351094195024, 13.04278238825026], [80.23509065845064, 13.04278188169144], [80.23509474395402, 13.042638276250074]]]}, "properties": {"source": "microsoft", "height": -1.0, "confidence": -1.0}}, {"type": "Feature", "geometry": {"type": "Polygon", "coordinates": [[[80.24178519530759, 13.03959857935908], [80.2418107700141, 13.039743231507046], [80.24170917784399, 13.03976027877033], [80.24168360313752, 13.03961562663234], [80.24178519530759, 13.03959857935908]]]}, "properties": {"source": "microsoft", "height": -1.0, "confidence": -1.0}}, {"type": "Feature", "geometry": {"type": "Polygon", "coordinates": [[[80.24228948475691, 13.0380895943413], [80.24229341408402, 13.038166738047408], [80.24213822808323, 13.038174240173689], [80.24213429929378, 13.038097107025166], [80.24228948475691, 13.0380895943413]]]}, "properties": {"source": "microsoft", "height": -1.0, "confidence": -1.0}}, {"type": "Feature", "geometry": {"type": "Polygon", "coordinates": [[[80.2342408887613, 13.047785438778263], [80.23412834712082, 13.047788884088149], [80.2341262419911, 13.047723624524949], [80.2342387836316, 13.047720179214153], [80.2342408887613, 13.047785438778263]]]}, "properties": {"source": "microsoft", "height": -1.0, "confidence": -1.0}}, {"type": "Feature", "geometry": {"type": "Polygon", "coordinates": [[[80.23749918191324, 13.04570245614039], [80.23752938384375, 13.045917928961345], [80.2373608645756, 13.045940346029099], [80.23733066264509, 13.04572487322767], [80.23749918191324, 13.04570245614039]]]}, "properties": {"source": "microsoft", "height": -1.0, "confidence": -1.0}}, {"type": "Feature", "geometry": {"type": "Polygon", "coordinates": [[[80.23859963150309, 13.047765274602554], [80.23861668013652, 13.047920272524053], [80.23849469907599, 13.047933005679994], [80.23847267922037, 13.047732811805048], [80.23857079369378, 13.047722563296801], [80.23857576564343, 13.0477677658738], [80.23859963150309, 13.047765274602554]]]}, "properties": {"source": "microsoft", "height": -1.0, "confidence": -1.0}}, {"type": "Feature", "geometry": {"type": "Polygon", "coordinates": [[[80.23862898526903, 13.04039124447489], [80.23848249419291, 13.040408953782617], [80.23846234482745, 13.040250675130793], [80.23850052214917, 13.040246062474225], [80.23849462190927, 13.040199740633383], [80.23860292571798, 13.040186655158422], [80.23862898526903, 13.04039124447489]]]}, "properties": {"source": "microsoft", "height": -1.0, "confidence": -1.0}}, {"type": "Feature", "geometry": {"type": "Polygon", "coordinates": [[[80.24073096621056, 13.041015641712903], [80.24104147552043, 13.040984413489852], [80.2410561159097, 13.041122574029032], [80.24074560881965, 13.041153823182867], [80.24073096621056, 13.041015641712903]]]}, "properties": {"source": "microsoft", "height": -1.0, "confidence": -1.0}}, {"type": "Feature", "geometry": {"type": "Polygon", "coordinates": [[[80.23633724846577, 13.04442763484289], [80.2363323255539, 13.044547640947641], [80.23624395379403, 13.04454420042822], [80.2362488767059, 13.04442419432182], [80.23633724846577, 13.04442763484289]]]}, "properties": {"source": "microsoft", "height": -1.0, "confidence": -1.0}}, {"type": "Feature", "geometry": {"type": "Polygon", "coordinates": [[[80.23879721961188, 13.045674012298647], [80.23865087871556, 13.04571468212039], [80.23862399062085, 13.045622861300771], [80.23877033151717, 13.045582191463907], [80.23879721961188, 13.045674012298647]]]}, "properties": {"source": "microsoft", "height": -1.0, "confidence": -1.0}}, {"type": "Feature", "geometry": {"type": "Polygon", "coordinates": [[[80.23937483943897, 13.040095567183442], [80.23938285083172, 13.04017454376931], [80.23945868684774, 13.040167247773027], [80.23946143564817, 13.040194364741879], [80.23949982157578, 13.040190669109336], [80.23950967136147, 13.040287768595007], [80.23896778911576, 13.040339901720955], [80.23894718039986, 13.040136740374734], [80.23937483943897, 13.040095567183442]]]}, "properties": {"source": "microsoft", "height": -1.0, "confidence": -1.0}}, {"type": "Feature", "geometry": {"type": "Polygon", "coordinates": [[[80.240945829357, 13.038711012271122], [80.24101383454808, 13.038707868460293], [80.24102044781486, 13.038843441608122], [80.24095243290591, 13.038846585866509], [80.240945829357, 13.038711012271122]]]}, "properties": {"source": "microsoft", "height": -1.0, "confidence": -1.0}}, {"type": "Feature", "geometry": {"type": "Polygon", "coordinates": [[[80.24096435556649, 13.042098809135979], [80.24085058393678, 13.042103641957084], [80.24084104846796, 13.041890936212624], [80.2407982148217, 13.041892758633551], [80.24079383697685, 13.041795102886809], [80.24095046463796, 13.041788449607665], [80.24096435556649, 13.042098809135979]]]}, "properties": {"source": "microsoft", "height": -1.0, "confidence": -1.0}}, {"type": "Feature", "geometry": {"type": "Polygon", "coordinates": [[[80.24113459653677, 13.046132615810649], [80.24121334450236, 13.046130140601605], [80.24121860658845, 13.046289366782247], [80.24104876978095, 13.046294705095761], [80.24103956814126, 13.046016875342104], [80.24107277425068, 13.046015833870001], [80.24107427840632, 13.0460613483517], [80.24113217590764, 13.046059528514732], [80.24113459653677, 13.046132615810649]]]}, "properties": {"source": "microsoft", "height": -1.0, "confidence": -1.0}}, {"type": "Feature", "geometry": {"type": "Polygon", "coordinates": [[[80.24119448197814, 13.041760638344684], [80.24130786872101, 13.04175242791105], [80.24133520410409, 13.0421110455556], [80.24122184298344, 13.042119254122], [80.24119448197814, 13.041760638344684]]]}, "properties": {"source": "microsoft", "height": -1.0, "confidence": -1.0}}, {"type": "Feature", "geometry": {"type": "Polygon", "coordinates": [[[80.23452263451648, 13.046998456848556], [80.23414989557205, 13.047038229923658], [80.23412813636332, 13.046844579066175], [80.23450086156019, 13.046804807426838], [80.23452263451648, 13.046998456848556]]]}, "properties": {"source": "microsoft", "height": -1.0, "confidence": -1.0}}, {"type": "Feature", "geometry": {"type": "Polygon", "coordinates": [[[80.23579126502976, 13.048070688633246], [80.23567226612094, 13.048084546584917], [80.23565108632883, 13.047911944894096], [80.23577008523768, 13.047898086932761], [80.23579126502976, 13.048070688633246]]]}, "properties": {"source": "microsoft", "height": -1.0, "confidence": -1.0}}, {"type": "Feature", "geometry": {"type": "Polygon", "coordinates": [[[80.24207285719814, 13.047372552288039], [80.24192981170584, 13.04737559526177], [80.24192709450539, 13.047254373802645], [80.24207014892033, 13.047251340391313], [80.24207285719814, 13.047372552288039]]]}, "properties": {"source": "microsoft", "height": -1.0, "confidence": -1.0}}, {"type": "Feature", "geometry": {"type": "Polygon", "coordinates": [[[80.2343396983232, 13.047995128109818], [80.23421661396866, 13.04801378377077], [80.23418687020816, 13.047827545998231], [80.23434923680348, 13.047802936384088], [80.23435835879981, 13.04786005293083], [80.23431907614136, 13.047866004253535], [80.2343396983232, 13.047995128109818]]]}, "properties": {"source": "microsoft", "height": -1.0, "confidence": -1.0}}, {"type": "Feature", "geometry": {"type": "Polygon", "coordinates": [[[80.23489043998879, 13.04322467122796], [80.23484226302446, 13.043226839231991], [80.23484003760477, 13.043179905225387], [80.23486680258496, 13.04317870077847], [80.2348628462833, 13.043095262522101], [80.23499005655268, 13.043089537949584], [80.23499686672702, 13.043232946976033], [80.23489105816091, 13.043237708450576], [80.23489043998879, 13.04322467122796]]]}, "properties": {"source": "microsoft", "height": -1.0, "confidence": -1.0}}, {"type": "Feature", "geometry": {"type": "Polygon", "coordinates": [[[80.23495574698825, 13.039395823673857], [80.23492016843346, 13.039507919338945], [80.23483937982749, 13.03948358278437], [80.23487495838224, 13.039371487108284], [80.23495574698825, 13.039395823673857]]]}, "properties": {"source": "microsoft", "height": -1.0, "confidence": -1.0}}, {"type": "Feature", "geometry": {"type": "Polygon", "coordinates": [[[80.23571596561182, 13.04183835387154], [80.23585397987827, 13.041811515715054], [80.23587353857417, 13.041907007206746], [80.23573553090516, 13.041933844069916], [80.23571596561182, 13.04183835387154]]]}, "properties": {"source": "microsoft", "height": -1.0, "confidence": -1.0}}, {"type": "Feature", "geometry": {"type": "Polygon", "coordinates": [[[80.23948530364954, 13.042880850324494], [80.23938648663122, 13.042897916815804], [80.23933252697432, 13.042601513535132], [80.23943134399265, 13.042584447023373], [80.23948530364954, 13.042880850324494]]]}, "properties": {"source": "microsoft", "height": -1.0, "confidence": -1.0}}, {"type": "Feature", "geometry": {"type": "Polygon", "coordinates": [[[80.24014679909473, 13.046395223637745], [80.24025013880045, 13.046390376037309], [80.24025645273223, 13.046518115586508], [80.24015310387047, 13.046522963613924], [80.24014679909473, 13.046395223637745]]]}, "properties": {"source": "microsoft", "height": -1.0, "confidence": -1.0}}, {"type": "Feature", "geometry": {"type": "Polygon", "coordinates": [[[80.24171279287654, 13.042649822816998], [80.24181325249437, 13.042645815763663], [80.24183469527435, 13.043156021567626], [80.24173419877643, 13.04316002323155], [80.24171279287654, 13.042649822816998]]]}, "properties": {"source": "microsoft", "height": -1.0, "confidence": -1.0}}, {"type": "Feature", "geometry": {"type": "Polygon", "coordinates": [[[80.23300030164003, 13.038203053417988], [80.23300156471784, 13.038242210665246], [80.23296405083768, 13.038243359146193], [80.23296278775987, 13.03820420189912], [80.23300030164003, 13.038203053417988]]]}, "properties": {"source": "microsoft", "height": -1.0, "confidence": -1.0}}, {"type": "Feature", "geometry": {"type": "Polygon", "coordinates": [[[80.233301925247, 13.043432468788055], [80.23339525057112, 13.043409580341404], [80.23342868330118, 13.043538919445183], [80.23333535952379, 13.043561813863633], [80.233301925247, 13.043432468788055]]]}, "properties": {"source": "microsoft", "height": -1.0, "confidence": -1.0}}, {"type": "Feature", "geometry": {"type": "Polygon", "coordinates": [[[80.23464564908133, 13.042593825619065], [80.2347835428951, 13.042553688259318], [80.23483210029292, 13.042712013403616], [80.23481732595573, 13.042716313832557], [80.23483645462761, 13.042778684315039], [80.23476997011024, 13.042798036239574], [80.23476114149244, 13.042769249867234], [80.23468726980651, 13.042790752006326], [80.23466372682574, 13.042713988337098], [80.23468096355248, 13.042708971169915], [80.23464564908133, 13.042593825619065]]]}, "properties": {"source": "microsoft", "height": -1.0, "confidence": -1.0}}, {"type": "Feature", "geometry": {"type": "Polygon", "coordinates": [[[80.23998287669004, 13.040728454070333], [80.24003279198654, 13.040721412407038], [80.240044585163, 13.040800752779589], [80.23999466986652, 13.040807794440624], [80.23998287669004, 13.040728454070333]]]}, "properties": {"source": "microsoft", "height": -1.0, "confidence": -1.0}}, {"type": "Feature", "geometry": {"type": "Polygon", "coordinates": [[[80.24089060544487, 13.0451898117484], [80.24097350369838, 13.045018942096988], [80.24100200557385, 13.0450320654178], [80.24109941102171, 13.044831293437198], [80.24114764496478, 13.044853502150374], [80.24115697101831, 13.04483427929435], [80.24119424270162, 13.0448514405727], [80.24100461294672, 13.045242304991135], [80.24089060544487, 13.0451898117484]]]}, "properties": {"source": "microsoft", "height": -1.0, "confidence": -1.0}}, {"type": "Feature", "geometry": {"type": "Polygon", "coordinates": [[[80.23285171075388, 13.04318757159939], [80.23299232266412, 13.043181378166764], [80.23300092854952, 13.043366522657749], [80.23286030336523, 13.04337271667039], [80.23285171075388, 13.04318757159939]]]}, "properties": {"source": "microsoft", "height": -1.0, "confidence": -1.0}}, {"type": "Feature", "geometry": {"type": "Polygon", "coordinates": [[[80.233536551284, 13.040456794353531], [80.23341168484926, 13.040478240804802], [80.23330961662582, 13.039914006158114], [80.23343448455434, 13.03989256791533], [80.233536551284, 13.040456794353531]]]}, "properties": {"source": "microsoft", "height": -1.0, "confidence": -1.0}}, {"type": "Feature", "geometry": {"type": "Polygon", "coordinates": [[[80.23368746936515, 13.038333694472655], [80.2335454643154, 13.038338216216658], [80.23354218496326, 13.03824067897473], [80.23368418968784, 13.038236147556788], [80.23368746936515, 13.038333694472655]]]}, "properties": {"source": "microsoft", "height": -1.0, "confidence": -1.0}}, {"type": "Feature", "geometry": {"type": "Polygon", "coordinates": [[[80.23426566301868, 13.047384142895893], [80.23428367898295, 13.047649504307387], [80.2341661757949, 13.047657075257774], [80.23414815983061, 13.047391713854424], [80.23426566301868, 13.047384142895893]]]}, "properties": {"source": "microsoft", "height": -1.0, "confidence": -1.0}}, {"type": "Feature", "geometry": {"type": "Polygon", "coordinates": [[[80.23467246566992, 13.041745136591999], [80.2345681127116, 13.041695985128271], [80.23462633852469, 13.041578661462637], [80.23473069434525, 13.041627807182422], [80.23467246566992, 13.041745136591999]]]}, "properties": {"source": "microsoft", "height": -1.0, "confidence": -1.0}}, {"type": "Feature", "geometry": {"type": "Polygon", "coordinates": [[[80.23556833155803, 13.041800237808317], [80.23548001489476, 13.041804290438108], [80.23547693231546, 13.041740628989913], [80.23556524868779, 13.041736570350679], [80.23556833155803, 13.041800237808317]]]}, "properties": {"source": "microsoft", "height": -1.0, "confidence": -1.0}}, {"type": "Feature", "geometry": {"type": "Polygon", "coordinates": [[[80.2365948884014, 13.046536559161424], [80.23673980262873, 13.046517618111082], [80.23676559523683, 13.046704993872225], [80.23662068100953, 13.046723934908243], [80.2365948884014, 13.046536559161424]]]}, "properties": {"source": "microsoft", "height": -1.0, "confidence": -1.0}}, {"type": "Feature", "geometry": {"type": "Polygon", "coordinates": [[[80.2372761164708, 13.045479084461022], [80.23736158631333, 13.045463373398121], [80.23740214888699, 13.045672794819353], [80.23731667904445, 13.04568850586891], [80.2372761164708, 13.045479084461022]]]}, "properties": {"source": "microsoft", "height": -1.0, "confidence": -1.0}}, {"type": "Feature", "geometry": {"type": "Polygon", "coordinates": [[[80.23785986698576, 13.046260995934716], [80.23786315956538, 13.046391565910227], [80.23768892113085, 13.046395735777523], [80.23768562855128, 13.0462651658042], [80.23785986698576, 13.046260995934716]]]}, "properties": {"source": "microsoft", "height": -1.0, "confidence": -1.0}}, {"type": "Feature", "geometry": {"type": "Polygon", "coordinates": [[[80.24139630034271, 13.040344355794645], [80.24146058221882, 13.040341997746879], [80.24146239756998, 13.040388965846489], [80.24139811569387, 13.040391323893829], [80.24139630034271, 13.040344355794645]]]}, "properties": {"source": "microsoft", "height": -1.0, "confidence": -1.0}}, {"type": "Feature", "geometry": {"type": "Polygon", "coordinates": [[[80.24212532096867, 13.038393535697509], [80.24199777476198, 13.03839733614015], [80.24199159401084, 13.038200462272854], [80.24211915462007, 13.038196670095687], [80.24212532096867, 13.038393535697509]]]}, "properties": {"source": "microsoft", "height": -1.0, "confidence": -1.0}}, {"type": "Feature", "geometry": {"type": "Polygon", "coordinates": [[[80.23397522937557, 13.043312213788965], [80.2339872142418, 13.043428628093352], [80.23388630532958, 13.043438487529258], [80.23387432046336, 13.043322073229518], [80.23397522937557, 13.043312213788965]]]}, "properties": {"source": "microsoft", "height": -1.0, "confidence": -1.0}}, {"type": "Feature", "geometry": {"type": "Polygon", "coordinates": [[[80.23653089958832, 13.043537624498981], [80.23648772764453, 13.043613652515091], [80.23635628917603, 13.043542817902832], [80.2365198881209, 13.043254711530437], [80.23660819834191, 13.043302303593222], [80.23648777134082, 13.043514381886922], [80.23653089958832, 13.043537624498981]]]}, "properties": {"source": "microsoft", "height": -1.0, "confidence": -1.0}}, {"type": "Feature", "geometry": {"type": "Polygon", "coordinates": [[[80.23737072376751, 13.038202302534486], [80.23737328190502, 13.03828323067421], [80.23722857984444, 13.038287571904078], [80.23722313348719, 13.038115273255215], [80.23729816418525, 13.038113022245597], [80.237301052405, 13.038204392756953], [80.23737072376751, 13.038202302534486]]]}, "properties": {"source": "microsoft", "height": -1.0, "confidence": -1.0}}, {"type": "Feature", "geometry": {"type": "Polygon", "coordinates": [[[80.23830792754335, 13.045183608121107], [80.23832663011648, 13.045288917964186], [80.23814800857531, 13.045319024124296], [80.23812931124898, 13.04521370123122], [80.23830792754335, 13.045183608121107]]]}, "properties": {"source": "microsoft", "height": -1.0, "confidence": -1.0}}, {"type": "Feature", "geometry": {"type": "Polygon", "coordinates": [[[80.23890592597611, 13.039495492884868], [80.23891169088418, 13.039632429882516], [80.23878048334694, 13.039637672394363], [80.23877471806286, 13.039500726468347], [80.23890592597611, 13.039495492884868]]]}, "properties": {"source": "microsoft", "height": -1.0, "confidence": -1.0}}, {"type": "Feature", "geometry": {"type": "Polygon", "coordinates": [[[80.23892103283387, 13.040185609827503], [80.23886355871745, 13.040187443831215], [80.23886224511298, 13.040148290140465], [80.23891971641957, 13.040146456226111], [80.23892103283387, 13.040185609827503]]]}, "properties": {"source": "microsoft", "height": -1.0, "confidence": -1.0}}, {"type": "Feature", "geometry": {"type": "Polygon", "coordinates": [[[80.23894262589633, 13.039328563315834], [80.23905625056817, 13.039324209274753], [80.23906473144417, 13.039534263134101], [80.23895109139332, 13.039538610012343], [80.23894262589633, 13.039328563315834]]]}, "properties": {"source": "microsoft", "height": -1.0, "confidence": -1.0}}, {"type": "Feature", "geometry": {"type": "Polygon", "coordinates": [[[80.23916730552571, 13.04707629276993], [80.23906653856267, 13.04708681149991], [80.23904238633196, 13.046867230342187], [80.23914315329502, 13.04685671160287], [80.23916730552571, 13.04707629276993]]]}, "properties": {"source": "microsoft", "height": -1.0, "confidence": -1.0}}, {"type": "Feature", "geometry": {"type": "Polygon", "coordinates": [[[80.23951023002272, 13.038298270192541], [80.23932103888788, 13.03831867782445], [80.23930783662607, 13.038202514193202], [80.23960725554122, 13.038170216516932], [80.23962030366367, 13.03828502392706], [80.23951007663146, 13.038296921391378], [80.23951023002272, 13.038298270192541]]]}, "properties": {"source": "microsoft", "height": -1.0, "confidence": -1.0}}, {"type": "Feature", "geometry": {"type": "Polygon", "coordinates": [[[80.24263665234362, 13.04091320238544], [80.24277737999587, 13.040899385100147], [80.24281992923001, 13.041310679295606], [80.2426792015778, 13.041324496557934], [80.24263665234362, 13.04091320238544]]]}, "properties": {"source": "microsoft", "height": -1.0, "confidence": -1.0}}, {"type": "Feature", "geometry": {"type": "Polygon", "coordinates": [[[80.24304213693438, 13.039361700988138], [80.24298752300815, 13.039364758231812], [80.24298389568071, 13.039303258951009], [80.24303850498418, 13.039300198241861], [80.24304213693438, 13.039361700988138]]]}, "properties": {"source": "microsoft", "height": -1.0, "confidence": -1.0}}, {"type": "Feature", "geometry": {"type": "Polygon", "coordinates": [[[80.23575410408499, 13.03862499282917], [80.23591071739703, 13.03865725281456], [80.23588194646092, 13.038789818393454], [80.23572533314892, 13.038757558425345], [80.23575410408499, 13.03862499282917]]]}, "properties": {"source": "microsoft", "height": -1.0, "confidence": -1.0}}, {"type": "Feature", "geometry": {"type": "Polygon", "coordinates": [[[80.2367125017788, 13.046222384950497], [80.23673333694563, 13.046464867186259], [80.23664810347071, 13.046471817627847], [80.23662726879977, 13.046229341169848], [80.2367125017788, 13.046222384950497]]]}, "properties": {"source": "microsoft", "height": -1.0, "confidence": -1.0}}, {"type": "Feature", "geometry": {"type": "Polygon", "coordinates": [[[80.23677376545989, 13.047123132147831], [80.2367546481866, 13.046971250697368], [80.23691848178325, 13.046951679958397], [80.23695898448085, 13.04727346260728], [80.23682157565784, 13.047289876754206], [80.23680019023354, 13.04711997557905], [80.23677376545989, 13.047123132147831]]]}, "properties": {"source": "microsoft", "height": -1.0, "confidence": -1.0}}, {"type": "Feature", "geometry": {"type": "Polygon", "coordinates": [[[80.24029433727264, 13.038404400480061], [80.24029433727264, 13.038610832067477], [80.240179002285, 13.038610832067477], [80.240179002285, 13.038574249267086], [80.24015218019485, 13.038574249267086], [80.24015218019485, 13.038404400480061], [80.24029433727264, 13.038404400480061]]]}, "properties": {"source": "microsoft", "height": -1.0, "confidence": -1.0}}, {"type": "Feature", "geometry": {"type": "Polygon", "coordinates": [[[80.24095104769653, 13.04622353537927], [80.24095488656059, 13.046316302591379], [80.24083973838484, 13.04632081695145], [80.24083589984511, 13.046228057579341], [80.24095104769653, 13.04622353537927]]]}, "properties": {"source": "microsoft", "height": -1.0, "confidence": -1.0}}, {"type": "Feature", "geometry": {"type": "Polygon", "coordinates": [[[80.23426532141973, 13.0427436751568], [80.23427098286189, 13.042863620128472], [80.23417998017177, 13.042867696717678], [80.23417431872961, 13.04274775174801], [80.23426532141973, 13.0427436751568]]]}, "properties": {"source": "microsoft", "height": -1.0, "confidence": -1.0}}, {"type": "Feature", "geometry": {"type": "Polygon", "coordinates": [[[80.23456409345216, 13.039559998413822], [80.23462629967466, 13.039418767855992], [80.23458876613526, 13.03940307744746], [80.23461500577044, 13.03934349426676], [80.234678431143, 13.039370008425607], [80.2346551070228, 13.039422971247944], [80.23477871446349, 13.039474643724816], [80.23471359232433, 13.039622494429665], [80.23456409345216, 13.039559998413822]]]}, "properties": {"source": "microsoft", "height": -1.0, "confidence": -1.0}}, {"type": "Feature", "geometry": {"type": "Polygon", "coordinates": [[[80.24221772397539, 13.037904275103017], [80.24225255038439, 13.037903092540517], [80.24225880640326, 13.038077955368266], [80.24214734714224, 13.038081740066474], [80.24214566304993, 13.038034762120674], [80.24213657272755, 13.038035070790698], [80.24213395827189, 13.037961993790418], [80.24221968481712, 13.037959082868056], [80.24221772397539, 13.037904275103017]]]}, "properties": {"source": "microsoft", "height": -1.0, "confidence": -1.0}}, {"type": "Feature", "geometry": {"type": "Polygon", "coordinates": [[[80.23568177896266, 13.046869393537094], [80.23565905022684, 13.0468723983913], [80.23566869556002, 13.046941673401435], [80.23551330552989, 13.046962216745214], [80.23549187145615, 13.046808272264713], [80.23566998424917, 13.046784724842539], [80.23568177896266, 13.046869393537094]]]}, "properties": {"source": "microsoft", "height": -1.0, "confidence": -1.0}}, {"type": "Feature", "geometry": {"type": "Polygon", "coordinates": [[[80.23605354278106, 13.045982551355465], [80.23607134551496, 13.046084108748573], [80.23599678420611, 13.046096513127864], [80.23597898856175, 13.045994954560385], [80.23605354278106, 13.045982551355465]]]}, "properties": {"source": "microsoft", "height": -1.0, "confidence": -1.0}}, {"type": "Feature", "geometry": {"type": "Polygon", "coordinates": [[[80.23635765144505, 13.045039272309296], [80.23643493821403, 13.045024000971623], [80.23647099275138, 13.045197173037323], [80.2363937059824, 13.045212444364282], [80.23635765144505, 13.045039272309296]]]}, "properties": {"source": "microsoft", "height": -1.0, "confidence": -1.0}}, {"type": "Feature", "geometry": {"type": "Polygon", "coordinates": [[[80.23789659076886, 13.039814730521599], [80.23782315241534, 13.039818110464836], [80.2378160117546, 13.039670858757106], [80.23788943931035, 13.03966747430222], [80.23789659076886, 13.039814730521599]]]}, "properties": {"source": "microsoft", "height": -1.0, "confidence": -1.0}}, {"type": "Feature", "geometry": {"type": "Polygon", "coordinates": [[[80.23850652292093, 13.041501654206925], [80.23876663608601, 13.041497770144545], [80.23876860898345, 13.041623165924335], [80.23850849581837, 13.04162704998474], [80.23850652292093, 13.041501654206925]]]}, "properties": {"source": "microsoft", "height": -1.0, "confidence": -1.0}}, {"type": "Feature", "geometry": {"type": "Polygon", "coordinates": [[[80.23896789986257, 13.043238233441102], [80.23897176661825, 13.043154787220459], [80.23902797845516, 13.04315725931076], [80.23902954932463, 13.04312335927591], [80.23908434356598, 13.043125769023348], [80.23907889752755, 13.043243114906886], [80.23896789986257, 13.043238233441102]]]}, "properties": {"source": "microsoft", "height": -1.0, "confidence": -1.0}}, {"type": "Feature", "geometry": {"type": "Polygon", "coordinates": [[[80.23567597411139, 13.043263175424002], [80.2356947201029, 13.04322682374044], [80.23596144346854, 13.043357344805969], [80.23590826593424, 13.043460479439474], [80.23594681726385, 13.043479347145649], [80.23592422510902, 13.04352316325648], [80.23579357893654, 13.043459222702168], [80.23585059723199, 13.043348639140845], [80.23567597411139, 13.043263175424002]]]}, "properties": {"source": "microsoft", "height": -1.0, "confidence": -1.0}}, {"type": "Feature", "geometry": {"type": "Polygon", "coordinates": [[[80.23598665645999, 13.047126792746099], [80.23606955530401, 13.047111605255509], [80.23609419065102, 13.047239220830548], [80.23601129286082, 13.047254413772336], [80.23598665645999, 13.047126792746099]]]}, "properties": {"source": "microsoft", "height": -1.0, "confidence": -1.0}}, {"type": "Feature", "geometry": {"type": "Polygon", "coordinates": [[[80.23915627495502, 13.038993490325211], [80.23915895080329, 13.039054751438485], [80.23909737150214, 13.03905730427131], [80.23909048003894, 13.03889953045865], [80.23917883321197, 13.038895873709606], [80.23918304864381, 13.038992382219874], [80.23915627495502, 13.038993490325211]]]}, "properties": {"source": "microsoft", "height": -1.0, "confidence": -1.0}}, {"type": "Feature", "geometry": {"type": "Polygon", "coordinates": [[[80.24198378370991, 13.039348933011283], [80.2419825462937, 13.039516159412116], [80.24185648902085, 13.039515274116397], [80.24185761042932, 13.039363725194889], [80.24180396903664, 13.039363348473088], [80.24180480042564, 13.039250993178086], [80.2419335397681, 13.039251897310834], [80.24193282438686, 13.03934857512553], [80.24198378370991, 13.039348933011283]]]}, "properties": {"source": "microsoft", "height": -1.0, "confidence": -1.0}}, {"type": "Feature", "geometry": {"type": "Polygon", "coordinates": [[[80.24204217555695, 13.047667741760023], [80.2420531567742, 13.047864205548663], [80.24197025441147, 13.047868608794488], [80.24195927287919, 13.047672139373631], [80.24204217555695, 13.047667741760023]]]}, "properties": {"source": "microsoft", "height": -1.0, "confidence": -1.0}}, {"type": "Feature", "geometry": {"type": "Polygon", "coordinates": [[[80.23383061196266, 13.03869171940191], [80.23382549669, 13.038583836527522], [80.23391758888276, 13.038579685944114], [80.23392444568576, 13.038724079511454], [80.2338537548288, 13.038727260717522], [80.2338520239468, 13.038690755826892], [80.23383061196266, 13.03869171940191]]]}, "properties": {"source": "microsoft", "height": -1.0, "confidence": -1.0}}, {"type": "Feature", "geometry": {"type": "Polygon", "coordinates": [[[80.23749716692913, 13.04788460013286], [80.23744004383256, 13.047891552272574], [80.2374362578759, 13.047862046593266], [80.23749338256788, 13.047855090363669], [80.23749716692913, 13.04788460013286]]]}, "properties": {"source": "microsoft", "height": -1.0, "confidence": -1.0}}, {"type": "Feature", "geometry": {"type": "Polygon", "coordinates": [[[80.24095887216316, 13.039209524321507], [80.24087578734438, 13.039211767690077], [80.24086878971421, 13.038965174684648], [80.24095187469368, 13.038962936974627], [80.24095887216316, 13.039209524321507]]]}, "properties": {"source": "microsoft", "height": -1.0, "confidence": -1.0}}, {"type": "Feature", "geometry": {"type": "Polygon", "coordinates": [[[80.23306153012624, 13.03890941077259], [80.23311509750816, 13.03890743479515], [80.23312077667039, 13.03905355627613], [80.23306720928849, 13.039055532252405], [80.23306153012624, 13.03890941077259]]]}, "properties": {"source": "microsoft", "height": -1.0, "confidence": -1.0}}, {"type": "Feature", "geometry": {"type": "Polygon", "coordinates": [[[80.23337361998739, 13.038591353572485], [80.23359078883506, 13.038587044583608], [80.23359379212144, 13.038730703099347], [80.23337662327377, 13.038735012085752], [80.23337361998739, 13.038591353572485]]]}, "properties": {"source": "microsoft", "height": -1.0, "confidence": -1.0}}, {"type": "Feature", "geometry": {"type": "Polygon", "coordinates": [[[80.23376562216743, 13.03964366702887], [80.2337930910201, 13.039809188479978], [80.23366239672544, 13.03982977350067], [80.2336349278728, 13.039664252063332], [80.23376562216743, 13.03964366702887]]]}, "properties": {"source": "microsoft", "height": -1.0, "confidence": -1.0}}, {"type": "Feature", "geometry": {"type": "Polygon", "coordinates": [[[80.23626719827793, 13.040374127889535], [80.2362668316526, 13.040131115728201], [80.23639021300077, 13.040130939063019], [80.2363905796261, 13.040373951224524], [80.23626719827793, 13.040374127889535]]]}, "properties": {"source": "microsoft", "height": -1.0, "confidence": -1.0}}, {"type": "Feature", "geometry": {"type": "Polygon", "coordinates": [[[80.23726189729956, 13.040469993677661], [80.23721097268827, 13.040471337433132], [80.23720741547646, 13.040343392435688], [80.23725834008775, 13.040342048679548], [80.23726189729956, 13.040469993677661]]]}, "properties": {"source": "microsoft", "height": -1.0, "confidence": -1.0}}, {"type": "Feature", "geometry": {"type": "Polygon", "coordinates": [[[80.23849941920227, 13.041361365133241], [80.23871386167197, 13.041366599616495], [80.2387108813619, 13.041482802256638], [80.23856881297743, 13.041479344093787], [80.23856814321879, 13.04150545805625], [80.23849576875877, 13.04150369635083], [80.23849941920227, 13.041361365133241]]]}, "properties": {"source": "microsoft", "height": -1.0, "confidence": -1.0}}, {"type": "Feature", "geometry": {"type": "Polygon", "coordinates": [[[80.23965182879131, 13.039805434165785], [80.2397732458946, 13.039812752544009], [80.23975475139822, 13.040104298581966], [80.23974820860903, 13.040103904217872], [80.23974209192711, 13.040200218043154], [80.23979553154535, 13.040203439094427], [80.23978743107466, 13.040330989776692], [80.23958436052521, 13.0403187497879], [80.23959047720717, 13.040222436008733], [80.23964658880634, 13.04022581811229], [80.23965709071037, 13.040060454179454], [80.23963571477083, 13.040059167210131], [80.23965182879131, 13.039805434165785]]]}, "properties": {"source": "microsoft", "height": -1.0, "confidence": -1.0}}, {"type": "Feature", "geometry": {"type": "Polygon", "coordinates": [[[80.23985747096548, 13.043183779979955], [80.24026329187171, 13.043260509240085], [80.24024573362142, 13.043348644731338], [80.24032069417099, 13.04336281764435], [80.24030313592066, 13.043450953099168], [80.24020232690572, 13.043431892981374], [80.24021637350596, 13.043361384614599], [80.23983640106509, 13.04328954259853], [80.23985747096548, 13.043183779979955]]]}, "properties": {"source": "microsoft", "height": -1.0, "confidence": -1.0}}, {"type": "Feature", "geometry": {"type": "Polygon", "coordinates": [[[80.24110835530223, 13.03962964993245], [80.24100036108155, 13.03963654215653], [80.24098199034628, 13.039363344586349], [80.24108996502405, 13.039356453601883], [80.24110835530223, 13.03962964993245]]]}, "properties": {"source": "microsoft", "height": -1.0, "confidence": -1.0}}, {"type": "Feature", "geometry": {"type": "Polygon", "coordinates": [[[80.2329978535684, 13.043668786085036], [80.23312833670818, 13.043657967662924], [80.23313944165626, 13.04378508409296], [80.23300895851649, 13.043795902509501], [80.2329978535684, 13.043668786085036]]]}, "properties": {"source": "microsoft", "height": -1.0, "confidence": -1.0}}, {"type": "Feature", "geometry": {"type": "Polygon", "coordinates": [[[80.2339784030927, 13.0390269250032], [80.23398189143732, 13.039128720340656], [80.23389728876685, 13.039131477715927], [80.23389379311732, 13.03902968261771], [80.2339784030927, 13.0390269250032]]]}, "properties": {"source": "microsoft", "height": -1.0, "confidence": -1.0}}, {"type": "Feature", "geometry": {"type": "Polygon", "coordinates": [[[80.2348246066504, 13.04281524577209], [80.23492382148872, 13.04279927411163], [80.23493762747874, 13.042880668009644], [80.23495714944507, 13.042877525353447], [80.23497353729883, 13.042974181661918], [80.23485480725363, 13.042993294877718], [80.2348246066504, 13.04281524577209]]]}, "properties": {"source": "microsoft", "height": -1.0, "confidence": -1.0}}, {"type": "Feature", "geometry": {"type": "Polygon", "coordinates": [[[80.23608213905997, 13.038685506871417], [80.2360744927908, 13.038646605841919], [80.23617022422725, 13.038628746911627], [80.23619174443895, 13.038738232768722], [80.23605461385178, 13.03876380544851], [80.23604074114688, 13.03869322692762], [80.23608213905997, 13.038685506871417]]]}, "properties": {"source": "microsoft", "height": -1.0, "confidence": -1.0}}, {"type": "Feature", "geometry": {"type": "Polygon", "coordinates": [[[80.23727615522044, 13.047941230651617], [80.23729083210355, 13.048038418587538], [80.23718581767804, 13.048053476212843], [80.23717114079493, 13.047956288282847], [80.23727615522044, 13.047941230651617]]]}, "properties": {"source": "microsoft", "height": -1.0, "confidence": -1.0}}, {"type": "Feature", "geometry": {"type": "Polygon", "coordinates": [[[80.23923257312572, 13.045277292697918], [80.2391850599861, 13.045349547414503], [80.23901580280331, 13.045243918296961], [80.23906331594293, 13.04517166354951], [80.23923257312572, 13.045277292697918]]]}, "properties": {"source": "microsoft", "height": -1.0, "confidence": -1.0}}, {"type": "Feature", "geometry": {"type": "Polygon", "coordinates": [[[80.24258953836423, 13.045678464578543], [80.24265210657799, 13.045708523180693], [80.24266487414664, 13.045683301104859], [80.24274686008197, 13.045722688237177], [80.24270749341187, 13.045800456283601], [80.24272906865802, 13.045810821314134], [80.24271098126908, 13.045846552568989], [80.24254485187387, 13.045766741834314], [80.24258953836423, 13.045678464578543]]]}, "properties": {"source": "microsoft", "height": -1.0, "confidence": -1.0}}, {"type": "Feature", "geometry": {"type": "Polygon", "coordinates": [[[80.23700571464418, 13.038360161471218], [80.23718207523835, 13.038349615504018], [80.23718577606532, 13.038408287704158], [80.23700941622678, 13.038418845648664], [80.23700571464418, 13.038360161471218]]]}, "properties": {"source": "microsoft", "height": -1.0, "confidence": -1.0}}, {"type": "Feature", "geometry": {"type": "Polygon", "coordinates": [[[80.2389648558264, 13.041759394754806], [80.239077383714, 13.04176304688633], [80.23907198460324, 13.041920930593207], [80.23895945645356, 13.041917286128083], [80.2389648558264, 13.041759394754806]]]}, "properties": {"source": "microsoft", "height": -1.0, "confidence": -1.0}}, {"type": "Feature", "geometry": {"type": "Polygon", "coordinates": [[[80.23924900693352, 13.043528036807658], [80.23931438518728, 13.043413134882229], [80.2396344625071, 13.043585979683158], [80.23956909375252, 13.043700864833497], [80.23924900693352, 13.043528036807658]]]}, "properties": {"source": "microsoft", "height": -1.0, "confidence": -1.0}}, {"type": "Feature", "geometry": {"type": "Polygon", "coordinates": [[[80.23712628484306, 13.045750676279482], [80.23705880068687, 13.045757099598887], [80.23703336130839, 13.045503448670331], [80.23710086351545, 13.045497023626226], [80.23712628484306, 13.045750676279482]]]}, "properties": {"source": "microsoft", "height": -1.0, "confidence": -1.0}}, {"type": "Feature", "geometry": {"type": "Polygon", "coordinates": [[[80.23773545406476, 13.047904778151903], [80.23780535199272, 13.04810650246543], [80.23770181668328, 13.048140556133689], [80.23763191875531, 13.047938831847972], [80.23773545406476, 13.047904778151903]]]}, "properties": {"source": "microsoft", "height": -1.0, "confidence": -1.0}}, {"type": "Feature", "geometry": {"type": "Polygon", "coordinates": [[[80.23361348591503, 13.045143022049444], [80.23347299972231, 13.045146767324766], [80.23346873481796, 13.044995327678052], [80.23360923188238, 13.044991582110598], [80.23361348591503, 13.045143022049444]]]}, "properties": {"source": "microsoft", "height": -1.0, "confidence": -1.0}}, {"type": "Feature", "geometry": {"type": "Polygon", "coordinates": [[[80.23698994665563, 13.042600865726158], [80.23700000553892, 13.042563013958159], [80.23713574698652, 13.042597249299277], [80.23709995430006, 13.042731937810075], [80.23698180896604, 13.042702140400039], [80.2370075424704, 13.042605304764706], [80.23698994665563, 13.042600865726158]]]}, "properties": {"source": "microsoft", "height": -1.0, "confidence": -1.0}}, {"type": "Feature", "geometry": {"type": "Polygon", "coordinates": [[[80.24033788827082, 13.039873641349558], [80.24034142314345, 13.039946644112007], [80.24027451680078, 13.039949718860925], [80.24027098192815, 13.039876716099386], [80.24033788827082, 13.039873641349558]]]}, "properties": {"source": "microsoft", "height": -1.0, "confidence": -1.0}}, {"type": "Feature", "geometry": {"type": "Polygon", "coordinates": [[[80.24070454063649, 13.045976801772767], [80.24061045558085, 13.045998259742888], [80.24056818852952, 13.04582237801813], [80.24066227358514, 13.045800920032733], [80.24070454063649, 13.045976801772767]]]}, "properties": {"source": "microsoft", "height": -1.0, "confidence": -1.0}}, {"type": "Feature", "geometry": {"type": "Polygon", "coordinates": [[[80.24207874545854, 13.044414469472102], [80.24209604974766, 13.044540246806918], [80.24192478274284, 13.044562609127595], [80.24190747845371, 13.044436831804148], [80.24207874545854, 13.044414469472102]]]}, "properties": {"source": "microsoft", "height": -1.0, "confidence": -1.0}}, {"type": "Feature", "geometry": {"type": "Polygon", "coordinates": [[[80.23412318454693, 13.039608289569358], [80.23399302091798, 13.039630370789837], [80.23393816999389, 13.039323497029045], [80.23412039907444, 13.039292583281465], [80.23414759787977, 13.039444752155063], [80.2341814404233, 13.039439011033593], [80.23420229284069, 13.039555673776036], [80.2341163848456, 13.039570247384887], [80.23412318454693, 13.039608289569358]]]}, "properties": {"source": "microsoft", "height": -1.0, "confidence": -1.0}}, {"type": "Feature", "geometry": {"type": "Polygon", "coordinates": [[[80.23426480732036, 13.04654584899319], [80.23426694700235, 13.046702599613639], [80.23412917407869, 13.04670438440759], [80.23412702313718, 13.04654763393414], [80.23426480732036, 13.04654584899319]]]}, "properties": {"source": "microsoft", "height": -1.0, "confidence": -1.0}}, {"type": "Feature", "geometry": {"type": "Polygon", "coordinates": [[[80.23516248319072, 13.047271419423026], [80.23521275346422, 13.04726567488801], [80.23522640913055, 13.047379084871821], [80.23528197101176, 13.047372735651692], [80.23528954754153, 13.04743565853019], [80.23518371452977, 13.047447745161662], [80.23516248319072, 13.047271419423026]]]}, "properties": {"source": "microsoft", "height": -1.0, "confidence": -1.0}}, {"type": "Feature", "geometry": {"type": "Polygon", "coordinates": [[[80.23531378592126, 13.046765962917945], [80.23521068087636, 13.04677808250068], [80.23519919712896, 13.046685365406518], [80.2353023021739, 13.04667324581925], [80.23531378592126, 13.046765962917945]]]}, "properties": {"source": "microsoft", "height": -1.0, "confidence": -1.0}}, {"type": "Feature", "geometry": {"type": "Polygon", "coordinates": [[[80.23538266947156, 13.045584686106977], [80.23527850038765, 13.04559126302459], [80.23527054608043, 13.04547156797743], [80.23537471516435, 13.045464991056647], [80.23538266947156, 13.045584686106977]]]}, "properties": {"source": "microsoft", "height": -1.0, "confidence": -1.0}}, {"type": "Feature", "geometry": {"type": "Polygon", "coordinates": [[[80.23685448714511, 13.041713186335642], [80.23694683622288, 13.041709383138155], [80.23694774169003, 13.041730250041553], [80.23701068218888, 13.041727657973112], [80.23701576702408, 13.04184503461984], [80.23686047595103, 13.041851429944046], [80.23685448714511, 13.041713186335642]]]}, "properties": {"source": "microsoft", "height": -1.0, "confidence": -1.0}}, {"type": "Feature", "geometry": {"type": "Polygon", "coordinates": [[[80.23718006043147, 13.045825268329267], [80.23717604856631, 13.04574445492753], [80.23729111442543, 13.04573903371002], [80.23729512629059, 13.045819847113549], [80.23718006043147, 13.045825268329267]]]}, "properties": {"source": "microsoft", "height": -1.0, "confidence": -1.0}}, {"type": "Feature", "geometry": {"type": "Polygon", "coordinates": [[[80.24085955342521, 13.039668564502747], [80.24081020748167, 13.039670791872965], [80.2408080993546, 13.039626465247025], [80.24085744212047, 13.039624238019826], [80.24085955342521, 13.039668564502747]]]}, "properties": {"source": "microsoft", "height": -1.0, "confidence": -1.0}}, {"type": "Feature", "geometry": {"type": "Polygon", "coordinates": [[[80.24131861778422, 13.046977435982427], [80.24122055457102, 13.046996391222748], [80.24116781442001, 13.046737449810436], [80.24126587763317, 13.046718494550234], [80.24131861778422, 13.046977435982427]]]}, "properties": {"source": "microsoft", "height": -1.0, "confidence": -1.0}}, {"type": "Feature", "geometry": {"type": "Polygon", "coordinates": [[[80.2337639727563, 13.043684787330918], [80.23365525468104, 13.043683000865116], [80.23365792317786, 13.043528877465548], [80.23376663018365, 13.043530663750602], [80.2337639727563, 13.043684787330918]]]}, "properties": {"source": "microsoft", "height": -1.0, "confidence": -1.0}}, {"type": "Feature", "geometry": {"type": "Polygon", "coordinates": [[[80.23386258486182, 13.042108470770359], [80.23383322787886, 13.042114924119005], [80.23381537491842, 13.042037844984549], [80.23384472663221, 13.042031392792197], [80.23386258486182, 13.042108470770359]]]}, "properties": {"source": "microsoft", "height": -1.0, "confidence": -1.0}}, {"type": "Feature", "geometry": {"type": "Polygon", "coordinates": [[[80.23449168462578, 13.043565966755935], [80.23438995877129, 13.04357033641962], [80.23438258292771, 13.043407631202982], [80.23448430846838, 13.043403254613935], [80.23449168462578, 13.043565966755935]]]}, "properties": {"source": "microsoft", "height": -1.0, "confidence": -1.0}}, {"type": "Feature", "geometry": {"type": "Polygon", "coordinates": [[[80.23591812925588, 13.038563343340172], [80.23594994127822, 13.038496765120755], [80.23604473564593, 13.038539753835877], [80.23598726876688, 13.038660024133762], [80.23591892864131, 13.0386290322852], [80.23594458349804, 13.038575340188416], [80.23591812925588, 13.038563343340172]]]}, "properties": {"source": "microsoft", "height": -1.0, "confidence": -1.0}}, {"type": "Feature", "geometry": {"type": "Polygon", "coordinates": [[[80.23605488648762, 13.041310968204954], [80.23612933214545, 13.041298938144536], [80.23614232196228, 13.041375229898307], [80.23606788163858, 13.04138725909307], [80.23605488648762, 13.041310968204954]]]}, "properties": {"source": "microsoft", "height": -1.0, "confidence": -1.0}}, {"type": "Feature", "geometry": {"type": "Polygon", "coordinates": [[[80.2381374595053, 13.04745557226559], [80.2382056508664, 13.047711342706691], [80.23810422020989, 13.047737000066462], [80.23803604779019, 13.04748123177501], [80.2381374595053, 13.04745557226559]]]}, "properties": {"source": "microsoft", "height": -1.0, "confidence": -1.0}}, {"type": "Feature", "geometry": {"type": "Polygon", "coordinates": [[[80.23886799980374, 13.04096022039323], [80.23863378555279, 13.04099185616694], [80.23861262318114, 13.04084315871863], [80.2385573591444, 13.040850623343275], [80.23857742691061, 13.04099162954222], [80.23839847669639, 13.041015800692463], [80.23835980063784, 13.040744043245624], [80.23854664571445, 13.040718805693302], [80.2385459159775, 13.040713678190926], [80.23876960374525, 13.04068346421586], [80.23878383361586, 13.040783450505486], [80.2388417292734, 13.040775630420384], [80.23886799980374, 13.04096022039323]]]}, "properties": {"source": "microsoft", "height": -1.0, "confidence": -1.0}}, {"type": "Feature", "geometry": {"type": "Polygon", "coordinates": [[[80.23899080887614, 13.046111517763904], [80.23914201491795, 13.046095991542302], [80.23915571565398, 13.046222620600545], [80.2390045096122, 13.04623814681419], [80.23899080887614, 13.046111517763904]]]}, "properties": {"source": "microsoft", "height": -1.0, "confidence": -1.0}}, {"type": "Feature", "geometry": {"type": "Polygon", "coordinates": [[[80.24029948708503, 13.040600382975867], [80.24023297403951, 13.040606233272229], [80.24022480701214, 13.040518108384106], [80.24044563032325, 13.040498685392734], [80.24046244479139, 13.04068011896598], [80.2404544632259, 13.040680821001317], [80.24046527252683, 13.04079745679924], [80.24031894382668, 13.040810327440795], [80.24029948708503, 13.040600382975867]]]}, "properties": {"source": "microsoft", "height": -1.0, "confidence": -1.0}}, {"type": "Feature", "geometry": {"type": "Polygon", "coordinates": [[[80.24032910084183, 13.039391021245123], [80.24050454310418, 13.03938804261196], [80.24050660744528, 13.039502981683057], [80.24033115692805, 13.039505960454989], [80.24032910084183, 13.039391021245123]]]}, "properties": {"source": "microsoft", "height": -1.0, "confidence": -1.0}}, {"type": "Feature", "geometry": {"type": "Polygon", "coordinates": [[[80.24064605243336, 13.046521257032097], [80.24080091462842, 13.04649581021863], [80.2408119121494, 13.04655932744977], [80.2407675759859, 13.04656661272577], [80.24077593410186, 13.046614885809092], [80.24066541587932, 13.046633046053316], [80.24064605243336, 13.046521257032097]]]}, "properties": {"source": "microsoft", "height": -1.0, "confidence": -1.0}}, {"type": "Feature", "geometry": {"type": "Polygon", "coordinates": [[[80.2417074903125, 13.039140641823678], [80.24156292631538, 13.039146782724458], [80.24155876686211, 13.039053997568601], [80.24170333041825, 13.039047846827302], [80.2417074903125, 13.039140641823678]]]}, "properties": {"source": "microsoft", "height": -1.0, "confidence": -1.0}}, {"type": "Feature", "geometry": {"type": "Polygon", "coordinates": [[[80.23399656583534, 13.04673334792804], [80.23413707150732, 13.046718508545013], [80.23414569372964, 13.046795987044106], [80.23400518805768, 13.046810826422472], [80.23399656583534, 13.04673334792804]]]}, "properties": {"source": "microsoft", "height": -1.0, "confidence": -1.0}}, {"type": "Feature", "geometry": {"type": "Polygon", "coordinates": [[[80.23597725235226, 13.042214239974072], [80.23593208310028, 13.042299886347209], [80.23595330287566, 13.042310509012495], [80.23589333933688, 13.04242420709474], [80.23577026463953, 13.042362595658005], [80.23575001265732, 13.042400995850059], [80.23565239891347, 13.042352136869283], [80.23573261721143, 13.042200033271115], [80.23578991060502, 13.042228714477957], [80.2358252633177, 13.042161681435658], [80.23577751081858, 13.042137779672586], [80.23579885456455, 13.04209731483418], [80.23583599351763, 13.042115906689034], [80.23582446562276, 13.042137764985583], [80.23597725235226, 13.042214239974072]]]}, "properties": {"source": "microsoft", "height": -1.0, "confidence": -1.0}}, {"type": "Feature", "geometry": {"type": "Polygon", "coordinates": [[[80.23836616102022, 13.03889175345465], [80.23825215287582, 13.038896526423173], [80.23823880702487, 13.03859397070481], [80.2383528368652, 13.038589196822116], [80.23836616102022, 13.03889175345465]]]}, "properties": {"source": "microsoft", "height": -1.0, "confidence": -1.0}}, {"type": "Feature", "geometry": {"type": "Polygon", "coordinates": [[[80.23961629401643, 13.046802030578405], [80.2396360579769, 13.046935120970247], [80.23953718925648, 13.046949048029475], [80.23954364748934, 13.046992558763193], [80.23938863813235, 13.047014394020579], [80.23938331958763, 13.046978561655337], [80.23933602859739, 13.046985223259881], [80.2393436265184, 13.047036412350081], [80.2393094719143, 13.047041223507804], [80.23930567295379, 13.04701562896453], [80.23924524557732, 13.047024141013438], [80.23922359150244, 13.046878252071124], [80.23933919170089, 13.046861968141584], [80.2393429906614, 13.046887562700789], [80.23948749090944, 13.046867207789433], [80.23948065278054, 13.046821137577197], [80.23961629401643, 13.046802030578405]]]}, "properties": {"source": "microsoft", "height": -1.0, "confidence": -1.0}}, {"type": "Feature", "geometry": {"type": "Polygon", "coordinates": [[[80.24277050828404, 13.038750502088917], [80.24296029383895, 13.038739670973186], [80.24297438677013, 13.038974041580147], [80.24278460121522, 13.038984872685617], [80.24277050828404, 13.038750502088917]]]}, "properties": {"source": "microsoft", "height": -1.0, "confidence": -1.0}}, {"type": "Feature", "geometry": {"type": "Polygon", "coordinates": [[[80.23546612321955, 13.040526378078113], [80.2355828546992, 13.040523974399548], [80.23558897826669, 13.040807154094495], [80.23547226694949, 13.040809549397338], [80.23546612321955, 13.040526378078113]]]}, "properties": {"source": "microsoft", "height": -1.0, "confidence": -1.0}}, {"type": "Feature", "geometry": {"type": "Polygon", "coordinates": [[[80.23628787350745, 13.04543071202201], [80.23607756780508, 13.045467965172648], [80.23605423081494, 13.045342933088818], [80.23626453392663, 13.045305666039269], [80.23628787350745, 13.04543071202201]]]}, "properties": {"source": "microsoft", "height": -1.0, "confidence": -1.0}}, {"type": "Feature", "geometry": {"type": "Polygon", "coordinates": [[[80.23974294483406, 13.043806624397249], [80.23978343786455, 13.04371854246584], [80.2402826315058, 13.043936375971228], [80.24024214623942, 13.044024427176083], [80.23974294483406, 13.043806624397249]]]}, "properties": {"source": "microsoft", "height": -1.0, "confidence": -1.0}}, {"type": "Feature", "geometry": {"type": "Polygon", "coordinates": [[[80.24100486077488, 13.044871082310038], [80.24102836528614, 13.044832364457449], [80.24106810877211, 13.044855262404312], [80.24104460426086, 13.044893980253306], [80.24100486077488, 13.044871082310038]]]}, "properties": {"source": "microsoft", "height": -1.0, "confidence": -1.0}}, {"type": "Feature", "geometry": {"type": "Polygon", "coordinates": [[[80.24137601580547, 13.039910928112903], [80.24135394297319, 13.039631868870927], [80.24155925395445, 13.039616456035603], [80.24158132568597, 13.039895501378723], [80.24137601580547, 13.039910928112903]]]}, "properties": {"source": "microsoft", "height": -1.0, "confidence": -1.0}}, {"type": "Feature", "geometry": {"type": "Polygon", "coordinates": [[[80.23358293522014, 13.043913383618317], [80.23374202026467, 13.043865386166459], [80.23375443016023, 13.04390442288414], [80.23372016501135, 13.043914758664187], [80.23375958075862, 13.044038745270129], [80.23363475771635, 13.044076397017733], [80.23358293522014, 13.043913383618317]]]}, "properties": {"source": "microsoft", "height": -1.0, "confidence": -1.0}}, {"type": "Feature", "geometry": {"type": "Polygon", "coordinates": [[[80.23458347407355, 13.043965124483094], [80.23461597426612, 13.044123410253292], [80.23448960231758, 13.044148035921665], [80.234457102125, 13.043989750167228], [80.23458347407355, 13.043965124483094]]]}, "properties": {"source": "microsoft", "height": -1.0, "confidence": -1.0}}, {"type": "Feature", "geometry": {"type": "Polygon", "coordinates": [[[80.2377229290704, 13.047154697466652], [80.23774011460071, 13.04739779487403], [80.23761998438599, 13.04740584634358], [80.237602799432, 13.04716275709616], [80.2377229290704, 13.047154697466652]]]}, "properties": {"source": "microsoft", "height": -1.0, "confidence": -1.0}}, {"type": "Feature", "geometry": {"type": "Polygon", "coordinates": [[[80.23886630489142, 13.038646294835075], [80.23899899927977, 13.038632940456466], [80.23901654525221, 13.038798410204066], [80.23888385086386, 13.038811764573722], [80.23886630489142, 13.038646294835075]]]}, "properties": {"source": "microsoft", "height": -1.0, "confidence": -1.0}}, {"type": "Feature", "geometry": {"type": "Polygon", "coordinates": [[[80.23954819610215, 13.044185720946572], [80.23956821801404, 13.044152887375574], [80.23952261951666, 13.044126497884463], [80.23957561869523, 13.04403958546034], [80.2396668156899, 13.044092364458294], [80.2395937945995, 13.044212110431346], [80.23954819610215, 13.044185720946572]]]}, "properties": {"source": "microsoft", "height": -1.0, "confidence": -1.0}}, {"type": "Feature", "geometry": {"type": "Polygon", "coordinates": [[[80.2405528716565, 13.04736852755778], [80.2405744707043, 13.047515900120075], [80.24048246797418, 13.047528690608019], [80.24046086982734, 13.04738132420097], [80.2405528716565, 13.04736852755778]]]}, "properties": {"source": "microsoft", "height": -1.0, "confidence": -1.0}}, {"type": "Feature", "geometry": {"type": "Polygon", "coordinates": [[[80.24072565380389, 13.047715415624637], [80.24064817064328, 13.047725125678937], [80.24063018132853, 13.04758889311455], [80.24070765486115, 13.047579184261451], [80.24072565380389, 13.047715415624637]]]}, "properties": {"source": "microsoft", "height": -1.0, "confidence": -1.0}}, {"type": "Feature", "geometry": {"type": "Polygon", "coordinates": [[[80.24121268754747, 13.04217111402589], [80.2413518120687, 13.042164312577412], [80.24135933065308, 13.042310274058437], [80.2412202061319, 13.04231707550295], [80.24121268754747, 13.04217111402589]]]}, "properties": {"source": "microsoft", "height": -1.0, "confidence": -1.0}}, {"type": "Feature", "geometry": {"type": "Polygon", "coordinates": [[[80.24279514582433, 13.038709343471396], [80.24279188510228, 13.038613789710908], [80.2429301111876, 13.038609312903219], [80.24293336537309, 13.038704876301551], [80.24279514582433, 13.038709343471396]]]}, "properties": {"source": "microsoft", "height": -1.0, "confidence": -1.0}}, {"type": "Feature", "geometry": {"type": "Polygon", "coordinates": [[[80.23376127284972, 13.046690204820862], [80.23361409459474, 13.046697128921465], [80.2336075039366, 13.046564177398665], [80.23375468219159, 13.046557253294353], [80.23376127284972, 13.046690204820862]]]}, "properties": {"source": "microsoft", "height": -1.0, "confidence": -1.0}}, {"type": "Feature", "geometry": {"type": "Polygon", "coordinates": [[[80.2350550624756, 13.046749211691889], [80.23500953238774, 13.046750919077851], [80.23500959372203, 13.046752471300806], [80.2349104990915, 13.046756194122565], [80.23490507651094, 13.046618961664606], [80.234974710763, 13.046616350367017], [80.23497765886455, 13.04669095972993], [80.23505264939578, 13.046688142458677], [80.2350550624756, 13.046749211691889]]]}, "properties": {"source": "microsoft", "height": -1.0, "confidence": -1.0}}, {"type": "Feature", "geometry": {"type": "Polygon", "coordinates": [[[80.23515607051213, 13.047630262709063], [80.23504277203081, 13.047636218609696], [80.235034556689, 13.047487711618459], [80.235147844532, 13.047481756273484], [80.23515607051213, 13.047630262709063]]]}, "properties": {"source": "microsoft", "height": -1.0, "confidence": -1.0}}, {"type": "Feature", "geometry": {"type": "Polygon", "coordinates": [[[80.24035200997545, 13.04670286432669], [80.24038425030675, 13.046848849583895], [80.24030990740142, 13.046864431244273], [80.24027766600017, 13.046718441151569], [80.24035200997545, 13.04670286432669]]]}, "properties": {"source": "microsoft", "height": -1.0, "confidence": -1.0}}, {"type": "Feature", "geometry": {"type": "Polygon", "coordinates": [[[80.24157667575557, 13.044841567146747], [80.24156054557534, 13.044869220857649], [80.2415098558319, 13.044841163743627], [80.24152598601212, 13.044813510029613], [80.24157667575557, 13.044841567146747]]]}, "properties": {"source": "microsoft", "height": -1.0, "confidence": -1.0}}, {"type": "Feature", "geometry": {"type": "Polygon", "coordinates": [[[80.24163821424355, 13.039572096162672], [80.24149739171004, 13.039576849082422], [80.2414943227248, 13.039490722105555], [80.24163515143837, 13.039485968975583], [80.24163821424355, 13.039572096162672]]]}, "properties": {"source": "microsoft", "height": -1.0, "confidence": -1.0}}, {"type": "Feature", "geometry": {"type": "Polygon", "coordinates": [[[80.24297425976728, 13.045544336643019], [80.24287604650584, 13.045730279714746], [80.24254646810292, 13.045565092042821], [80.2426184834153, 13.04542872983042], [80.24263969171889, 13.045439359632894], [80.24267503913161, 13.045372428684203], [80.24281500995023, 13.04544259293425], [80.24280585390906, 13.045459930056339], [80.24297425976728, 13.045544336643019]]]}, "properties": {"source": "microsoft", "height": -1.0, "confidence": -1.0}}, {"type": "Feature", "geometry": {"type": "Polygon", "coordinates": [[[80.23282338519746, 13.045303987008737], [80.23299845988629, 13.04529609662913], [80.23300253980925, 13.045382141287249], [80.23282747128889, 13.045390031386106], [80.23282338519746, 13.045303987008737]]]}, "properties": {"source": "microsoft", "height": -1.0, "confidence": -1.0}}, {"type": "Feature", "geometry": {"type": "Polygon", "coordinates": [[[80.23416583768564, 13.044096053053238], [80.23426754493842, 13.04409147615712], [80.23427223594344, 13.044190559003965], [80.23417052869061, 13.04419513589825], [80.23416583768564, 13.044096053053238]]]}, "properties": {"source": "microsoft", "height": -1.0, "confidence": -1.0}}, {"type": "Feature", "geometry": {"type": "Polygon", "coordinates": [[[80.2402583637743, 13.04355579474499], [80.2403252229631, 13.043590490706933], [80.24028576029336, 13.043662661859017], [80.24021889916284, 13.043627969458342], [80.2402583637743, 13.04355579474499]]]}, "properties": {"source": "microsoft", "height": -1.0, "confidence": -1.0}}, {"type": "Feature", "geometry": {"type": "Polygon", "coordinates": [[[80.24060647063604, 13.041858002911965], [80.24064330365536, 13.042222910319111], [80.24040024797782, 13.04224619447794], [80.24040077080028, 13.04225137042988], [80.24031841919694, 13.04225925951799], [80.24028103739073, 13.041889178692387], [80.24060647063604, 13.041858002911965]]]}, "properties": {"source": "microsoft", "height": -1.0, "confidence": -1.0}}, {"type": "Feature", "geometry": {"type": "Polygon", "coordinates": [[[80.24211236166184, 13.047150963345771], [80.24203932072786, 13.04716909580901], [80.24200145297192, 13.047024331436191], [80.24207449390595, 13.047006198962322], [80.24211236166184, 13.047150963345771]]]}, "properties": {"source": "microsoft", "height": -1.0, "confidence": -1.0}}, {"type": "Feature", "geometry": {"type": "Polygon", "coordinates": [[[80.23429578933431, 13.040787614706218], [80.23457650791774, 13.040772015238304], [80.23458382788716, 13.040897034076934], [80.23430310930378, 13.040912633536962], [80.23429578933431, 13.040787614706218]]]}, "properties": {"source": "microsoft", "height": -1.0, "confidence": -1.0}}, {"type": "Feature", "geometry": {"type": "Polygon", "coordinates": [[[80.23562454976503, 13.04409446485161], [80.2357213677559, 13.04408383011328], [80.23573259589229, 13.044180782979211], [80.23563577177799, 13.044191424987716], [80.23562454976503, 13.04409446485161]]]}, "properties": {"source": "microsoft", "height": -1.0, "confidence": -1.0}}, {"type": "Feature", "geometry": {"type": "Polygon", "coordinates": [[[80.23684243084003, 13.04273998252448], [80.23677524442604, 13.04288889879166], [80.23667408721187, 13.042845584237156], [80.23674127362587, 13.0426966679439], [80.23684243084003, 13.04273998252448]]]}, "properties": {"source": "microsoft", "height": -1.0, "confidence": -1.0}}, {"type": "Feature", "geometry": {"type": "Polygon", "coordinates": [[[80.23862943897446, 13.04523155251698], [80.2385049205763, 13.045272007273383], [80.2384554197442, 13.045127377774492], [80.23857993140706, 13.04508693367218], [80.23862943897446, 13.04523155251698]]]}, "properties": {"source": "microsoft", "height": -1.0, "confidence": -1.0}}, {"type": "Feature", "geometry": {"type": "Polygon", "coordinates": [[[80.23961570272637, 13.04243894568748], [80.2396201107669, 13.042611297721677], [80.23948608352131, 13.042614550997499], [80.23948167548079, 13.042442198965574], [80.23961570272637, 13.04243894568748]]]}, "properties": {"source": "microsoft", "height": -1.0, "confidence": -1.0}}, {"type": "Feature", "geometry": {"type": "Polygon", "coordinates": [[[80.23426942982363, 13.046743066427169], [80.23427662074336, 13.046812914047308], [80.23414915685424, 13.046825367901107], [80.2341419659345, 13.046755520284492], [80.23426942982363, 13.046743066427169]]]}, "properties": {"source": "microsoft", "height": -1.0, "confidence": -1.0}}, {"type": "Feature", "geometry": {"type": "Polygon", "coordinates": [[[80.23467741087704, 13.047051723203666], [80.23455411194605, 13.047054833709566], [80.23454953078357, 13.046882493347354], [80.23467282971455, 13.046879382839279], [80.23467741087704, 13.047051723203666]]]}, "properties": {"source": "microsoft", "height": -1.0, "confidence": -1.0}}, {"type": "Feature", "geometry": {"type": "Polygon", "coordinates": [[[80.23563854548722, 13.041751777349816], [80.2356375070524, 13.041742952901913], [80.23568915175572, 13.041737184984797], [80.2357129392387, 13.041939450501516], [80.23559777001043, 13.041952305265326], [80.23557500702857, 13.041758869283328], [80.23563854548722, 13.041751777349816]]]}, "properties": {"source": "microsoft", "height": -1.0, "confidence": -1.0}}, {"type": "Feature", "geometry": {"type": "Polygon", "coordinates": [[[80.23635306958063, 13.047230188211657], [80.23628124907489, 13.047236578620613], [80.23626861547528, 13.047101828465827], [80.23634043598103, 13.047095438053418], [80.23635306958063, 13.047230188211657]]]}, "properties": {"source": "microsoft", "height": -1.0, "confidence": -1.0}}, {"type": "Feature", "geometry": {"type": "Polygon", "coordinates": [[[80.2383602833109, 13.041527353762277], [80.23816493237244, 13.041536491092288], [80.23815883107305, 13.041412691020923], [80.23835418135664, 13.041403540397312], [80.2383602833109, 13.041527353762277]]]}, "properties": {"source": "microsoft", "height": -1.0, "confidence": -1.0}}, {"type": "Feature", "geometry": {"type": "Polygon", "coordinates": [[[80.24008882552147, 13.04570273305005], [80.23992925987089, 13.045916088500334], [80.23984340870723, 13.045855147345506], [80.24000297435776, 13.045641791842655], [80.24008882552147, 13.04570273305005]]]}, "properties": {"source": "microsoft", "height": -1.0, "confidence": -1.0}}, {"type": "Feature", "geometry": {"type": "Polygon", "coordinates": [[[80.24206617756536, 13.045341784934024], [80.24209785930037, 13.045267268863213], [80.24223158588549, 13.045321237218133], [80.2421999028905, 13.045395743646452], [80.24206617756536, 13.045341784934024]]]}, "properties": {"source": "microsoft", "height": -1.0, "confidence": -1.0}}, {"type": "Feature", "geometry": {"type": "Polygon", "coordinates": [[[80.23343487010413, 13.04623735778597], [80.23344234735399, 13.046386894155944], [80.23325503655025, 13.04639577018655], [80.23324755993747, 13.046246246562973], [80.23343487010413, 13.04623735778597]]]}, "properties": {"source": "microsoft", "height": -1.0, "confidence": -1.0}}, {"type": "Feature", "geometry": {"type": "Polygon", "coordinates": [[[80.23453298479586, 13.044711090753822], [80.2344399443444, 13.044731390746406], [80.2343989810775, 13.04455320961165], [80.23435410982228, 13.044562996775], [80.23434988496929, 13.044544613849368], [80.2344878081962, 13.044514521103551], [80.23453298479586, 13.044711090753822]]]}, "properties": {"source": "microsoft", "height": -1.0, "confidence": -1.0}}, {"type": "Feature", "geometry": {"type": "Polygon", "coordinates": [[[80.23483675304331, 13.045162425262788], [80.234694256174, 13.045188492757248], [80.23465776791619, 13.04499919355841], [80.23480026478549, 13.044973126044027], [80.23483675304331, 13.045162425262788]]]}, "properties": {"source": "microsoft", "height": -1.0, "confidence": -1.0}}, {"type": "Feature", "geometry": {"type": "Polygon", "coordinates": [[[80.23617562672322, 13.042995615772824], [80.23614254306852, 13.04306736772287], [80.23592722336498, 13.04297314393375], [80.23596030273019, 13.042901390079294], [80.23617562672322, 13.042995615772824]]]}, "properties": {"source": "microsoft", "height": -1.0, "confidence": -1.0}}, {"type": "Feature", "geometry": {"type": "Polygon", "coordinates": [[[80.23801836467437, 13.045270730924258], [80.23807032414238, 13.045258055042751], [80.23809846651326, 13.045367504829471], [80.23804650050309, 13.04538018584455], [80.23801836467437, 13.045270730924258]]]}, "properties": {"source": "microsoft", "height": -1.0, "confidence": -1.0}}, {"type": "Feature", "geometry": {"type": "Polygon", "coordinates": [[[80.24217550763508, 13.038709463649056], [80.24209637708562, 13.038713639738447], [80.24209042961218, 13.038606818299783], [80.24216956781342, 13.038602641804786], [80.24217550763508, 13.038709463649056]]]}, "properties": {"source": "microsoft", "height": -1.0, "confidence": -1.0}}, {"type": "Feature", "geometry": {"type": "Polygon", "coordinates": [[[80.24287051670467, 13.047776172747959], [80.24301422618993, 13.047771734082971], [80.24301851656627, 13.04790385404985], [80.2428748162449, 13.047908282631653], [80.24287051670467, 13.047776172747959]]]}, "properties": {"source": "microsoft", "height": -1.0, "confidence": -1.0}}, {"type": "Feature", "geometry": {"type": "Polygon", "coordinates": [[[80.23416160756862, 13.044645795570617], [80.23416605342054, 13.04476322079141], [80.23407498197588, 13.044766486985466], [80.23407053612395, 13.044649061766222], [80.23416160756862, 13.044645795570617]]]}, "properties": {"source": "microsoft", "height": -1.0, "confidence": -1.0}}, {"type": "Feature", "geometry": {"type": "Polygon", "coordinates": [[[80.23464430016942, 13.042826104575624], [80.23468281172997, 13.043032518641837], [80.23463088311688, 13.04304171372631], [80.23459237091689, 13.042835296240298], [80.23464430016942, 13.042826104575624]]]}, "properties": {"source": "microsoft", "height": -1.0, "confidence": -1.0}}, {"type": "Feature", "geometry": {"type": "Polygon", "coordinates": [[[80.23599405452407, 13.040612578808023], [80.2358110756461, 13.040636645393235], [80.23578263905718, 13.040431342628523], [80.23573258889073, 13.040437925560582], [80.23571837059626, 13.040335274117055], [80.2359250359644, 13.040308092095628], [80.23593677203252, 13.040392778763007], [80.2359631139809, 13.040389314093474], [80.23599405452407, 13.040612578808023]]]}, "properties": {"source": "microsoft", "height": -1.0, "confidence": -1.0}}, {"type": "Feature", "geometry": {"type": "Polygon", "coordinates": [[[80.23618181233013, 13.045973778730868], [80.23618492650773, 13.046074118780723], [80.23611525261931, 13.04607616625772], [80.23611213858908, 13.045975830954902], [80.23618181233013, 13.045973778730868]]]}, "properties": {"source": "microsoft", "height": -1.0, "confidence": -1.0}}, {"type": "Feature", "geometry": {"type": "Polygon", "coordinates": [[[80.23765483771281, 13.040304049950436], [80.23767643097918, 13.040559635048027], [80.23752190964785, 13.040572025214772], [80.23750053654297, 13.040319046036316], [80.23757367869221, 13.040313176199774], [80.23757345922965, 13.040310580773152], [80.23765483771281, 13.040304049950436]]]}, "properties": {"source": "microsoft", "height": -1.0, "confidence": -1.0}}, {"type": "Feature", "geometry": {"type": "Polygon", "coordinates": [[[80.23480130540284, 13.042557864984104], [80.23485984159726, 13.042547723370745], [80.23488787188414, 13.042701210743985], [80.23482932570732, 13.04271135807241], [80.23480130540284, 13.042557864984104]]]}, "properties": {"source": "microsoft", "height": -1.0, "confidence": -1.0}}, {"type": "Feature", "geometry": {"type": "Polygon", "coordinates": [[[80.23643233840941, 13.039377230144297], [80.2364395520744, 13.039159418249255], [80.23654137002248, 13.039162618685054], [80.23653415612779, 13.039380437512435], [80.23643233840941, 13.039377230144297]]]}, "properties": {"source": "microsoft", "height": -1.0, "confidence": -1.0}}, {"type": "Feature", "geometry": {"type": "Polygon", "coordinates": [[[80.23661799098781, 13.045297448965655], [80.23672743212572, 13.04528265933449], [80.2367489698225, 13.04543391493516], [80.23670793951231, 13.045439459676444], [80.23670445479604, 13.045414974756753], [80.23663603265528, 13.045424216502127], [80.23661799098781, 13.045297448965655]]]}, "properties": {"source": "microsoft", "height": -1.0, "confidence": -1.0}}, {"type": "Feature", "geometry": {"type": "Polygon", "coordinates": [[[80.23704674771162, 13.043459768852998], [80.23688822517056, 13.043824303843863], [80.2367449548669, 13.043765184334688], [80.23690348100955, 13.043400640974525], [80.23704674771162, 13.043459768852998]]]}, "properties": {"source": "microsoft", "height": -1.0, "confidence": -1.0}}, {"type": "Feature", "geometry": {"type": "Polygon", "coordinates": [[[80.24052739747985, 13.047958825227298], [80.2406614096148, 13.047962361318795], [80.24065795748878, 13.048086522791309], [80.24056414917199, 13.048084041137201], [80.2405625193892, 13.04814265897312], [80.2405223157487, 13.048141598146472], [80.24052739747985, 13.047958825227298]]]}, "properties": {"source": "microsoft", "height": -1.0, "confidence": -1.0}}, {"type": "Feature", "geometry": {"type": "Polygon", "coordinates": [[[80.24060619768053, 13.046006117689359], [80.2407032269813, 13.045982711399091], [80.24073201370142, 13.046095964217017], [80.2406349920669, 13.046119368647211], [80.24060619768053, 13.046006117689359]]]}, "properties": {"source": "microsoft", "height": -1.0, "confidence": -1.0}}, {"type": "Feature", "geometry": {"type": "Polygon", "coordinates": [[[80.24109656166928, 13.038036782105436], [80.24112649486756, 13.038260312059577], [80.24106161598114, 13.038268562319885], [80.2410605832574, 13.038260854463289], [80.24099992592068, 13.038268567894335], [80.24099407381959, 13.038224890037128], [80.24095715196246, 13.038229585169773], [80.2409347762819, 13.038062581530099], [80.24103499275131, 13.038049837589767], [80.2410343042688, 13.038044699014193], [80.24109656166928, 13.038036782105436]]]}, "properties": {"source": "microsoft", "height": -1.0, "confidence": -1.0}}, {"type": "Feature", "geometry": {"type": "Polygon", "coordinates": [[[80.24159401549045, 13.043403558766926], [80.24159609742827, 13.043515881390675], [80.2415531960724, 13.043516636077797], [80.24155440650136, 13.043581939905152], [80.24145787845069, 13.04358363795069], [80.24145705535902, 13.043539231350252], [80.24141147266843, 13.043540033205247], [80.24140871289039, 13.043391140428469], [80.24147038358942, 13.043390055565183], [80.24147067409235, 13.04340572849334], [80.24159401549045, 13.043403558766926]]]}, "properties": {"source": "microsoft", "height": -1.0, "confidence": -1.0}}, {"type": "Feature", "geometry": {"type": "Polygon", "coordinates": [[[80.23413160842377, 13.037847507206251], [80.23415208510528, 13.03798840124307], [80.23404004862843, 13.038003855254388], [80.23401956202397, 13.037862962595085], [80.23413160842377, 13.037847507206251]]]}, "properties": {"source": "microsoft", "height": -1.0, "confidence": -1.0}}, {"type": "Feature", "geometry": {"type": "Polygon", "coordinates": [[[80.23622482208413, 13.03846055504647], [80.23625140263906, 13.038320140689876], [80.23630951091204, 13.038330580771856], [80.23632071977691, 13.038271346355842], [80.23636481862601, 13.03827926641516], [80.23632703968727, 13.038478913095773], [80.23622482208413, 13.03846055504647]]]}, "properties": {"source": "microsoft", "height": -1.0, "confidence": -1.0}}, {"type": "Feature", "geometry": {"type": "Polygon", "coordinates": [[[80.2362852413624, 13.046371861926744], [80.23631156310745, 13.04658450110766], [80.23624018150379, 13.046592886866918], [80.23621385916488, 13.046380242895978], [80.2362852413624, 13.046371861926744]]]}, "properties": {"source": "microsoft", "height": -1.0, "confidence": -1.0}}, {"type": "Feature", "geometry": {"type": "Polygon", "coordinates": [[[80.2372356764884, 13.045484325773558], [80.23726348163598, 13.045700420945522], [80.23715785297716, 13.045713319757496], [80.23713004782954, 13.045497224596787], [80.2372356764884, 13.045484325773558]]]}, "properties": {"source": "microsoft", "height": -1.0, "confidence": -1.0}}, {"type": "Feature", "geometry": {"type": "Polygon", "coordinates": [[[80.23749451690098, 13.039105962753297], [80.23747078418072, 13.03898097216819], [80.2375900836365, 13.03895947309121], [80.23761381785022, 13.03908447155247], [80.23749451690098, 13.039105962753297]]]}, "properties": {"source": "microsoft", "height": -1.0, "confidence": -1.0}}, {"type": "Feature", "geometry": {"type": "Polygon", "coordinates": [[[80.23825563936083, 13.04777404339248], [80.23839317876187, 13.047749492599593], [80.23842789017701, 13.047934042651562], [80.23829035077601, 13.047958593426102], [80.23825563936083, 13.04777404339248]]]}, "properties": {"source": "microsoft", "height": -1.0, "confidence": -1.0}}, {"type": "Feature", "geometry": {"type": "Polygon", "coordinates": [[[80.24008832041108, 13.047369595759562], [80.24030879497592, 13.047337802260003], [80.24032083922788, 13.047417067315877], [80.24020010315665, 13.047434478036763], [80.24019660643833, 13.047411465605421], [80.24009686794476, 13.047425848375255], [80.24008832041108, 13.047369595759562]]]}, "properties": {"source": "microsoft", "height": -1.0, "confidence": -1.0}}, {"type": "Feature", "geometry": {"type": "Polygon", "coordinates": [[[80.24154438497668, 13.043672686239887], [80.24154752267522, 13.043779732073986], [80.2413920813012, 13.043784056241705], [80.2413889436027, 13.043677010409482], [80.24154438497668, 13.043672686239887]]]}, "properties": {"source": "microsoft", "height": -1.0, "confidence": -1.0}}, {"type": "Feature", "geometry": {"type": "Polygon", "coordinates": [[[80.23536849390312, 13.040234288715752], [80.23537235677459, 13.040385751741042], [80.23526659191064, 13.040388304597428], [80.23526273991381, 13.040236841311184], [80.23536849390312, 13.040234288715752]]]}, "properties": {"source": "microsoft", "height": -1.0, "confidence": -1.0}}, {"type": "Feature", "geometry": {"type": "Polygon", "coordinates": [[[80.23606859380521, 13.041400471136043], [80.2361436746498, 13.04139924762758], [80.23614685925737, 13.04158472061637], [80.23607177841284, 13.04158594412391], [80.23606859380521, 13.041400471136043]]]}, "properties": {"source": "microsoft", "height": -1.0, "confidence": -1.0}}, {"type": "Feature", "geometry": {"type": "Polygon", "coordinates": [[[80.23672633543018, 13.046206931609575], [80.23690416755142, 13.046171975236575], [80.23695149092656, 13.046400453713687], [80.23677365880532, 13.046435410054372], [80.23672633543018, 13.046206931609575]]]}, "properties": {"source": "microsoft", "height": -1.0, "confidence": -1.0}}, {"type": "Feature", "geometry": {"type": "Polygon", "coordinates": [[[80.24076554485268, 13.044093257530832], [80.24072100400363, 13.04421646465731], [80.24034159244674, 13.04408629004871], [80.24038613329579, 13.04396308285736], [80.24076554485268, 13.044093257530832]]]}, "properties": {"source": "microsoft", "height": -1.0, "confidence": -1.0}}, {"type": "Feature", "geometry": {"type": "Polygon", "coordinates": [[[80.24160912566717, 13.040039512853852], [80.24140005470485, 13.040034209886244], [80.24140350484934, 13.03990476386906], [80.24161257619134, 13.039910052593754], [80.24160912566717, 13.040039512853852]]]}, "properties": {"source": "microsoft", "height": -1.0, "confidence": -1.0}}, {"type": "Feature", "geometry": {"type": "Polygon", "coordinates": [[[80.24232210804234, 13.042395216472187], [80.24225382548225, 13.042398238042239], [80.24224642035934, 13.042239171639707], [80.24235884154518, 13.042234196889083], [80.24236814008351, 13.042433934958154], [80.24232400423367, 13.04243588500303], [80.24232210804234, 13.042395216472187]]]}, "properties": {"source": "microsoft", "height": -1.0, "confidence": -1.0}}, {"type": "Feature", "geometry": {"type": "Polygon", "coordinates": [[[80.24235266560547, 13.047111647738191], [80.24251590025757, 13.047169811381963], [80.24248094260385, 13.047262919052955], [80.24231770426604, 13.047204765247713], [80.24235266560547, 13.047111647738191]]]}, "properties": {"source": "microsoft", "height": -1.0, "confidence": -1.0}}, {"type": "Feature", "geometry": {"type": "Polygon", "coordinates": [[[80.23352247469208, 13.044069846539784], [80.23322897302079, 13.044124638799303], [80.23321161447251, 13.044036424402236], [80.23327486125388, 13.04402461719522], [80.23325998773798, 13.043949003848027], [80.23349024874096, 13.043906017621651], [80.23352247469208, 13.044069846539784]]]}, "properties": {"source": "microsoft", "height": -1.0, "confidence": -1.0}}, {"type": "Feature", "geometry": {"type": "Polygon", "coordinates": [[[80.23380146751916, 13.048138017731702], [80.2336330424175, 13.048147422731759], [80.23362209233233, 13.047961550392387], [80.23360070510343, 13.047962746132413], [80.23359569844197, 13.047877760456728], [80.23363481010712, 13.047875576425938], [80.23363720540704, 13.047916285141156], [80.23368800027899, 13.047913445246664], [80.23367625736307, 13.047713871415965], [80.23376180696316, 13.047709094245604], [80.23376977559587, 13.047844523197], [80.2338125503959, 13.047842134613134], [80.23381816307389, 13.047937523467851], [80.23378974961562, 13.047939112037966], [80.23380146751916, 13.048138017731702]]]}, "properties": {"source": "microsoft", "height": -1.0, "confidence": -1.0}}, {"type": "Feature", "geometry": {"type": "Polygon", "coordinates": [[[80.23391014246883, 13.038451915058786], [80.2339136042057, 13.038548480428034], [80.23387877796655, 13.038549665356285], [80.2338753162297, 13.038453099987493], [80.23391014246883, 13.038451915058786]]]}, "properties": {"source": "microsoft", "height": -1.0, "confidence": -1.0}}, {"type": "Feature", "geometry": {"type": "Polygon", "coordinates": [[[80.23427568132281, 13.044921410253977], [80.2342253579223, 13.04492693102533], [80.23421748351045, 13.044858852690709], [80.23426780651909, 13.044853328529683], [80.23427568132281, 13.044921410253977]]]}, "properties": {"source": "microsoft", "height": -1.0, "confidence": -1.0}}, {"type": "Feature", "geometry": {"type": "Polygon", "coordinates": [[[80.23797434530618, 13.048066080075984], [80.23796850554419, 13.047947416951118], [80.23807822429704, 13.04794230006921], [80.23808406369173, 13.048060955732865], [80.23797434530618, 13.048066080075984]]]}, "properties": {"source": "microsoft", "height": -1.0, "confidence": -1.0}}, {"type": "Feature", "geometry": {"type": "Polygon", "coordinates": [[[80.23832957844513, 13.040247292369088], [80.23846216195678, 13.040241009525118], [80.23847113014797, 13.040420884220111], [80.23833855952829, 13.040427166448623], [80.23832957844513, 13.040247292369088]]]}, "properties": {"source": "microsoft", "height": -1.0, "confidence": -1.0}}, {"type": "Feature", "geometry": {"type": "Polygon", "coordinates": [[[80.24222550361033, 13.038862124586416], [80.24223452009488, 13.03907235231128], [80.24213009625119, 13.039076602987379], [80.24212108007147, 13.038866382373755], [80.24222550361033, 13.038862124586416]]]}, "properties": {"source": "microsoft", "height": -1.0, "confidence": -1.0}}, {"type": "Feature", "geometry": {"type": "Polygon", "coordinates": [[[80.24229917256534, 13.039659378770963], [80.24234291526321, 13.039933401844209], [80.24220789981518, 13.03995386654529], [80.24217571136204, 13.039752314983815], [80.242222850051, 13.03974517002409], [80.24221412782262, 13.039690554796096], [80.2421763176414, 13.039696283227727], [80.24215489847423, 13.03956210426145], [80.24225293161092, 13.039547245058131], [80.2422715090605, 13.03966356993088], [80.24229917256534, 13.039659378770963]]]}, "properties": {"source": "microsoft", "height": -1.0, "confidence": -1.0}}, {"type": "Feature", "geometry": {"type": "Polygon", "coordinates": [[[80.23324224652588, 13.043120947467614], [80.23324356294017, 13.043160100598172], [80.23316854157626, 13.0431624945072], [80.23316722516196, 13.043123341377012], [80.23324224652588, 13.043120947467614]]]}, "properties": {"source": "microsoft", "height": -1.0, "confidence": -1.0}}, {"type": "Feature", "geometry": {"type": "Polygon", "coordinates": [[[80.23476028852899, 13.039667395236776], [80.23471572611615, 13.039780318871465], [80.2344726906384, 13.03968931014198], [80.23451725874857, 13.039576372028478], [80.23476028852899, 13.039667395236776]]]}, "properties": {"source": "microsoft", "height": -1.0, "confidence": -1.0}}, {"type": "Feature", "geometry": {"type": "Polygon", "coordinates": [[[80.23563890598737, 13.04660944193327], [80.23586728007889, 13.046576602608624], [80.23588162308947, 13.046671220114533], [80.2356532489979, 13.04670405942663], [80.23563890598737, 13.04660944193327]]]}, "properties": {"source": "microsoft", "height": -1.0, "confidence": -1.0}}, {"type": "Feature", "geometry": {"type": "Polygon", "coordinates": [[[80.23715078367582, 13.04163665586566], [80.23715938291754, 13.041800848955134], [80.2370791255752, 13.041804838207554], [80.23707292061977, 13.041686361401403], [80.23708897203109, 13.041685562458952], [80.237086577802, 13.041639847269735], [80.23715078367582, 13.04163665586566]]]}, "properties": {"source": "microsoft", "height": -1.0, "confidence": -1.0}}, {"type": "Feature", "geometry": {"type": "Polygon", "coordinates": [[[80.23716281391597, 13.044235037065604], [80.23726345993326, 13.044223988715572], [80.23727480092485, 13.044322037658176], [80.23717415490756, 13.044333086003846], [80.23716281391597, 13.044235037065604]]]}, "properties": {"source": "microsoft", "height": -1.0, "confidence": -1.0}}, {"type": "Feature", "geometry": {"type": "Polygon", "coordinates": [[[80.24151534338306, 13.038261769981617], [80.24146284789482, 13.038263735059445], [80.24146150764632, 13.038229815438626], [80.24151400556777, 13.038227850269465], [80.24151534338306, 13.038261769981617]]]}, "properties": {"source": "microsoft", "height": -1.0, "confidence": -1.0}}, {"type": "Feature", "geometry": {"type": "Polygon", "coordinates": [[[80.2332902571624, 13.045005058894688], [80.23343328045013, 13.044989358656537], [80.2334413385231, 13.045059024798874], [80.23329831523536, 13.04507472503262], [80.2332902571624, 13.045005058894688]]]}, "properties": {"source": "microsoft", "height": -1.0, "confidence": -1.0}}, {"type": "Feature", "geometry": {"type": "Polygon", "coordinates": [[[80.23377223564395, 13.040886986404757], [80.23380141745828, 13.040883997837398], [80.23380699506761, 13.040935687277369], [80.23377781325325, 13.040938675844103], [80.23377223564395, 13.040886986404757]]]}, "properties": {"source": "microsoft", "height": -1.0, "confidence": -1.0}}, {"type": "Feature", "geometry": {"type": "Polygon", "coordinates": [[[80.2366524573373, 13.045877073826901], [80.23681471972523, 13.045852147910253], [80.23682875092602, 13.045938833830036], [80.23686015654953, 13.045934009460467], [80.23688533017452, 13.046089534125798], [80.23678326189824, 13.046105213316665], [80.23676964337982, 13.04602107703981], [80.23667804364469, 13.04603514811248], [80.2366524573373, 13.045877073826901]]]}, "properties": {"source": "microsoft", "height": -1.0, "confidence": -1.0}}, {"type": "Feature", "geometry": {"type": "Polygon", "coordinates": [[[80.23803482790608, 13.04053192748728], [80.23792496606981, 13.040535298348033], [80.23792104894106, 13.040413862772553], [80.23797464019846, 13.040412222099889], [80.2379751454296, 13.040427884859653], [80.23803141624984, 13.040426162153452], [80.23803482790608, 13.04053192748728]]]}, "properties": {"source": "microsoft", "height": -1.0, "confidence": -1.0}}, {"type": "Feature", "geometry": {"type": "Polygon", "coordinates": [[[80.23878393693924, 13.043474424496011], [80.23882468983501, 13.043381675280955], [80.23889949422538, 13.04341287437515], [80.23885874132961, 13.043505623578525], [80.23878393693924, 13.043474424496011]]]}, "properties": {"source": "microsoft", "height": -1.0, "confidence": -1.0}}, {"type": "Feature", "geometry": {"type": "Polygon", "coordinates": [[[80.23954860599775, 13.046389618278383], [80.23956904472199, 13.046554444723597], [80.23931625272581, 13.046584176664751], [80.23929582567317, 13.046419348866621], [80.23954860599775, 13.046389618278383]]]}, "properties": {"source": "microsoft", "height": -1.0, "confidence": -1.0}}, {"type": "Feature", "geometry": {"type": "Polygon", "coordinates": [[[80.24057108143467, 13.040011939771233], [80.24055044376374, 13.039853927001118], [80.24068241756831, 13.039837567717981], [80.24070305408269, 13.039995571643516], [80.24057108143467, 13.040011939771233]]]}, "properties": {"source": "microsoft", "height": -1.0, "confidence": -1.0}}, {"type": "Feature", "geometry": {"type": "Polygon", "coordinates": [[[80.2410633782509, 13.045244370728028], [80.24110809109493, 13.045158086286051], [80.24118931493487, 13.045198032234694], [80.2411446043779, 13.04528431224928], [80.2410633782509, 13.045244370728028]]]}, "properties": {"source": "microsoft", "height": -1.0, "confidence": -1.0}}, {"type": "Feature", "geometry": {"type": "Polygon", "coordinates": [[[80.24163692802738, 13.03869386205821], [80.24165602641537, 13.038823351752953], [80.24154828036605, 13.038838434301724], [80.24152918303965, 13.038708951812794], [80.24163692802738, 13.03869386205821]]]}, "properties": {"source": "microsoft", "height": -1.0, "confidence": -1.0}}, {"type": "Feature", "geometry": {"type": "Polygon", "coordinates": [[[80.233522624552, 13.047188775452582], [80.2331931622257, 13.04722006696882], [80.23318202358473, 13.047108767325298], [80.23329361566299, 13.047098168581584], [80.23329232047215, 13.047085226758753], [80.2335101907202, 13.047064533971025], [80.233522624552, 13.047188775452582]]]}, "properties": {"source": "microsoft", "height": -1.0, "confidence": -1.0}}, {"type": "Feature", "geometry": {"type": "Polygon", "coordinates": [[[80.23371292905132, 13.037971685170106], [80.2337142295651, 13.03799513428551], [80.2337249271707, 13.03799457117998], [80.23372796170288, 13.03804928577405], [80.23362366004821, 13.038054776051595], [80.23361932500228, 13.037976612343826], [80.23367653471892, 13.037973600912025], [80.23367653471892, 13.037973600912025], [80.23371292905132, 13.037971685170106]]]}, "properties": {"source": "microsoft", "height": -1.0, "confidence": -1.0}}, {"type": "Feature", "geometry": {"type": "Polygon", "coordinates": [[[80.23454767993597, 13.037825401769865], [80.23464565227789, 13.037806236265482], [80.23469464549026, 13.038043856229919], [80.23459667447229, 13.038063028137017], [80.23454767993597, 13.037825401769865]]]}, "properties": {"source": "microsoft", "height": -1.0, "confidence": -1.0}}, {"type": "Feature", "geometry": {"type": "Polygon", "coordinates": [[[80.23472378689814, 13.044041835134763], [80.23475336534224, 13.044036222538267], [80.23476715149174, 13.044105199486523], [80.23467928744606, 13.044121865950999], [80.23465714780174, 13.044011093532163], [80.23471543012188, 13.044000038263363], [80.23472378689814, 13.044041835134763]]]}, "properties": {"source": "microsoft", "height": -1.0, "confidence": -1.0}}, {"type": "Feature", "geometry": {"type": "Polygon", "coordinates": [[[80.23506877196638, 13.043871937379677], [80.23517898727138, 13.043860597544551], [80.23519831772954, 13.044038905712583], [80.23508808975566, 13.044050246843014], [80.23506877196638, 13.043871937379677]]]}, "properties": {"source": "microsoft", "height": -1.0, "confidence": -1.0}}, {"type": "Feature", "geometry": {"type": "Polygon", "coordinates": [[[80.2355444707563, 13.04141540774485], [80.23542822525232, 13.041421946724768], [80.23541163877911, 13.041141758516318], [80.23552786468886, 13.041135228555888], [80.2355444707563, 13.04141540774485]]]}, "properties": {"source": "microsoft", "height": -1.0, "confidence": -1.0}}, {"type": "Feature", "geometry": {"type": "Polygon", "coordinates": [[[80.23657536449939, 13.045837006624282], [80.23647255581878, 13.045832786760684], [80.2364775112257, 13.045718018982583], [80.23658032813692, 13.045722239185991], [80.23657536449939, 13.045837006624282]]]}, "properties": {"source": "microsoft", "height": -1.0, "confidence": -1.0}}, {"type": "Feature", "geometry": {"type": "Polygon", "coordinates": [[[80.23699032075282, 13.03843177269006], [80.23682666932157, 13.038460539243403], [80.23680229715858, 13.038328944287372], [80.2368698358445, 13.038317072370546], [80.23687124193083, 13.03832466438952], [80.23696735467618, 13.038307769738182], [80.23699032075282, 13.03843177269006]]]}, "properties": {"source": "microsoft", "height": -1.0, "confidence": -1.0}}, {"type": "Feature", "geometry": {"type": "Polygon", "coordinates": [[[80.23718057305058, 13.039556380903306], [80.2370894364456, 13.039558630395945], [80.23708427507967, 13.039360166142913], [80.23717541168465, 13.039357916648484], [80.23718057305058, 13.039556380903306]]]}, "properties": {"source": "microsoft", "height": -1.0, "confidence": -1.0}}, {"type": "Feature", "geometry": {"type": "Polygon", "coordinates": [[[80.2376965088589, 13.04028511502436], [80.23788779271729, 13.040266855550627], [80.23789871821903, 13.04037556026438], [80.23786418085571, 13.040378857112458], [80.23786574164168, 13.040394386353185], [80.23778604003401, 13.04040199446348], [80.23780073168774, 13.040548170909972], [80.23772368627733, 13.040555520208699], [80.2376965088589, 13.04028511502436]]]}, "properties": {"source": "microsoft", "height": -1.0, "confidence": -1.0}}, {"type": "Feature", "geometry": {"type": "Polygon", "coordinates": [[[80.23807874966491, 13.04792021788596], [80.23794740046547, 13.047923361310339], [80.23794493685827, 13.047825386403034], [80.23807628628273, 13.047822251927641], [80.23807874966491, 13.04792021788596]]]}, "properties": {"source": "microsoft", "height": -1.0, "confidence": -1.0}}, {"type": "Feature", "geometry": {"type": "Polygon", "coordinates": [[[80.24296792874325, 13.038606635027762], [80.2432219081759, 13.038592486689154], [80.24323480749, 13.038812258559886], [80.24327490934571, 13.038810021888182], [80.24328448225194, 13.038973120009587], [80.2431855639466, 13.038978630406774], [80.24318327087923, 13.038939562346144], [80.24309348942614, 13.038944563761532], [80.243089050754, 13.038869032462983], [80.24304783769772, 13.038871328300985], [80.2430402530526, 13.038742105078114], [80.24297609008346, 13.038745683753802], [80.24296792874325, 13.038606635027762]]]}, "properties": {"source": "microsoft", "height": -1.0, "confidence": -1.0}}, {"type": "Feature", "geometry": {"type": "Polygon", "coordinates": [[[80.23613977524673, 13.03961771874134], [80.23619534005164, 13.039602124716339], [80.23622602598515, 13.039705873818093], [80.23617045429793, 13.039721469768068], [80.23613977524673, 13.03961771874134]]]}, "properties": {"source": "microsoft", "height": -1.0, "confidence": -1.0}}, {"type": "Feature", "geometry": {"type": "Polygon", "coordinates": [[[80.23749373276698, 13.042902257009374], [80.23753820379412, 13.042836912387386], [80.23764999555952, 13.042909118620528], [80.23760552453234, 13.04297446322343], [80.23749373276698, 13.042902257009374]]]}, "properties": {"source": "microsoft", "height": -1.0, "confidence": -1.0}}, {"type": "Feature", "geometry": {"type": "Polygon", "coordinates": [[[80.23765406267177, 13.046537272743365], [80.23750237612865, 13.046550417831298], [80.23748380056121, 13.046346829768567], [80.23763548804058, 13.046333694931064], [80.23765406267177, 13.046537272743365]]]}, "properties": {"source": "microsoft", "height": -1.0, "confidence": -1.0}}, {"type": "Feature", "geometry": {"type": "Polygon", "coordinates": [[[80.23885735734807, 13.047748727509301], [80.23885330959538, 13.047849157327946], [80.23872377271104, 13.047844202541825], [80.23872782802388, 13.047743764178804], [80.23885735734807, 13.047748727509301]]]}, "properties": {"source": "microsoft", "height": -1.0, "confidence": -1.0}}, {"type": "Feature", "geometry": {"type": "Polygon", "coordinates": [[[80.23922397459596, 13.0483894691492], [80.23907502574986, 13.048425724572198], [80.23896713116447, 13.048005171666418], [80.23906306431957, 13.047981820676924], [80.23915423005553, 13.048337167738083], [80.23920724487367, 13.048324259859285], [80.23922397459596, 13.0483894691492]]]}, "properties": {"source": "microsoft", "height": -1.0, "confidence": -1.0}}, {"type": "Feature", "geometry": {"type": "Polygon", "coordinates": [[[80.23941841711836, 13.04072961043181], [80.23934212272104, 13.040739993704875], [80.23933016571033, 13.040656650807833], [80.2394064593756, 13.040646262428908], [80.23941841711836, 13.04072961043181]]]}, "properties": {"source": "microsoft", "height": -1.0, "confidence": -1.0}}, {"type": "Feature", "geometry": {"type": "Polygon", "coordinates": [[[80.24005376541872, 13.044191438306882], [80.24012017189065, 13.044065197808834], [80.24019357973557, 13.044101845566829], [80.24012718044695, 13.044228089632327], [80.24005376541872, 13.044191438306882]]]}, "properties": {"source": "microsoft", "height": -1.0, "confidence": -1.0}}, {"type": "Feature", "geometry": {"type": "Polygon", "coordinates": [[[80.2336772553831, 13.045355553942727], [80.23350988682313, 13.045364546289917], [80.23349867846449, 13.045166561503322], [80.23366603284389, 13.045157569910813], [80.2336772553831, 13.045355553942727]]]}, "properties": {"source": "microsoft", "height": -1.0, "confidence": -1.0}}, {"type": "Feature", "geometry": {"type": "Polygon", "coordinates": [[[80.23427182115867, 13.042953420111957], [80.23428822087222, 13.043106933139839], [80.23419004253395, 13.043116887275701], [80.23417364352788, 13.042963380876301], [80.23427182115867, 13.042953420111957]]]}, "properties": {"source": "microsoft", "height": -1.0, "confidence": -1.0}}, {"type": "Feature", "geometry": {"type": "Polygon", "coordinates": [[[80.23462287297329, 13.043044696461266], [80.23451881387703, 13.043062554768312], [80.23448123483675, 13.042854737065682], [80.23458529393301, 13.042836878743628], [80.23462287297329, 13.043044696461266]]]}, "properties": {"source": "microsoft", "height": -1.0, "confidence": -1.0}}, {"type": "Feature", "geometry": {"type": "Polygon", "coordinates": [[[80.23477278007447, 13.040155885447689], [80.23464782027715, 13.040167328145358], [80.23463782402928, 13.040063721868819], [80.23463782402928, 13.040063721868819], [80.23462907731238, 13.039973066341261], [80.23475403710968, 13.03996162363461], [80.23477278007447, 13.040155885447689]]]}, "properties": {"source": "microsoft", "height": -1.0, "confidence": -1.0}}, {"type": "Feature", "geometry": {"type": "Polygon", "coordinates": [[[80.2351259044624, 13.040409496306907], [80.23505094558145, 13.040412685562629], [80.23504631636776, 13.040309421960131], [80.2351212754774, 13.040306237804344], [80.2351259044624, 13.040409496306907]]]}, "properties": {"source": "microsoft", "height": -1.0, "confidence": -1.0}}, {"type": "Feature", "geometry": {"type": "Polygon", "coordinates": [[[80.23524159143079, 13.047936583990136], [80.23543192918372, 13.047932353302258], [80.2354382904868, 13.048203959442148], [80.23537931259152, 13.048205270358096], [80.23537808926399, 13.048153038431565], [80.2353228044822, 13.048154267260017], [80.23532047303381, 13.048055026728107], [80.23524440508407, 13.048056717509823], [80.23524159143079, 13.047936583990136]]]}, "properties": {"source": "microsoft", "height": -1.0, "confidence": -1.0}}, {"type": "Feature", "geometry": {"type": "Polygon", "coordinates": [[[80.23552017787951, 13.042048907391376], [80.23543689730535, 13.042184282655043], [80.23532145153409, 13.04211687126319], [80.23540473570048, 13.041981505931489], [80.23552017787951, 13.042048907391376]]]}, "properties": {"source": "microsoft", "height": -1.0, "confidence": -1.0}}, {"type": "Feature", "geometry": {"type": "Polygon", "coordinates": [[[80.23569312840198, 13.045694177111372], [80.2354696041674, 13.045713608648995], [80.23545928647775, 13.045601058229579], [80.23568280932625, 13.045581611563293], [80.23569312840198, 13.045694177111372]]]}, "properties": {"source": "microsoft", "height": -1.0, "confidence": -1.0}}, {"type": "Feature", "geometry": {"type": "Polygon", "coordinates": [[[80.2362883428288, 13.04551440485642], [80.23624642225846, 13.045520695859807], [80.23623552494193, 13.045451780638643], [80.23627744551227, 13.045445489633508], [80.2362883428288, 13.04551440485642]]]}, "properties": {"source": "microsoft", "height": -1.0, "confidence": -1.0}}, {"type": "Feature", "geometry": {"type": "Polygon", "coordinates": [[[80.23677784694803, 13.038814035645629], [80.23645331728225, 13.038854750853233], [80.23643206149497, 13.03869395057761], [80.23675659403808, 13.038653257110624], [80.23677784694803, 13.038814035645629]]]}, "properties": {"source": "microsoft", "height": -1.0, "confidence": -1.0}}, {"type": "Feature", "geometry": {"type": "Polygon", "coordinates": [[[80.23681007519866, 13.04648391226307], [80.23696211632891, 13.04645655507224], [80.23700237231182, 13.046668801431508], [80.23685031643612, 13.04669616125203], [80.23681007519866, 13.04648391226307]]]}, "properties": {"source": "microsoft", "height": -1.0, "confidence": -1.0}}, {"type": "Feature", "geometry": {"type": "Polygon", "coordinates": [[[80.23726887373698, 13.043054320245844], [80.23728846941778, 13.043063512580048], [80.23722870085412, 13.043184416683545], [80.23707629000346, 13.043112920776736], [80.23716703192645, 13.042929361481754], [80.23729984346241, 13.042991672455926], [80.23726887373698, 13.043054320245844]]]}, "properties": {"source": "microsoft", "height": -1.0, "confidence": -1.0}}, {"type": "Feature", "geometry": {"type": "Polygon", "coordinates": [[[80.23869212506953, 13.047178904080951], [80.23858463140829, 13.047207187205416], [80.23851711369315, 13.046963655348051], [80.23850211457759, 13.046967601834197], [80.23849434734282, 13.046939585925813], [80.23859434320809, 13.046913282368621], [80.23860615974404, 13.046955903845102], [80.23863865782769, 13.046947353124708], [80.23867309186241, 13.047071554410124], [80.23866309245206, 13.047074185399737], [80.23869212506953, 13.047178904080951]]]}, "properties": {"source": "microsoft", "height": -1.0, "confidence": -1.0}}, {"type": "Feature", "geometry": {"type": "Polygon", "coordinates": [[[80.23995374968536, 13.041237918417579], [80.23995591205455, 13.04102889707454], [80.24004977990177, 13.041029812311336], [80.24004761753257, 13.04123883365358], [80.23995374968536, 13.041237918417579]]]}, "properties": {"source": "microsoft", "height": -1.0, "confidence": -1.0}}, {"type": "Feature", "geometry": {"type": "Polygon", "coordinates": [[[80.24074669570359, 13.042839094171669], [80.24076425813435, 13.043005732401923], [80.24057315504103, 13.043024860459056], [80.24055559125138, 13.042858209347585], [80.24074669570359, 13.042839094171669]]]}, "properties": {"source": "microsoft", "height": -1.0, "confidence": -1.0}}, {"type": "Feature", "geometry": {"type": "Polygon", "coordinates": [[[80.24081945227996, 13.039133580823929], [80.24072030845377, 13.039136616084036], [80.24071542455289, 13.038985208574303], [80.24081456837904, 13.038982173312306], [80.24081945227996, 13.039133580823929]]]}, "properties": {"source": "microsoft", "height": -1.0, "confidence": -1.0}}, {"type": "Feature", "geometry": {"type": "Polygon", "coordinates": [[[80.2366938234663, 13.047114389005998], [80.23660602734725, 13.047122117083049], [80.23659774675356, 13.047032838339703], [80.23668554232194, 13.047025104322245], [80.2366938234663, 13.047114389005998]]]}, "properties": {"source": "microsoft", "height": -1.0, "confidence": -1.0}}, {"type": "Feature", "geometry": {"type": "Polygon", "coordinates": [[[80.2371741113705, 13.044926286586886], [80.23730322427727, 13.044880280760495], [80.23734563059865, 13.044993206955922], [80.23721651053624, 13.045039215311036], [80.2371741113705, 13.044926286586886]]]}, "properties": {"source": "microsoft", "height": -1.0, "confidence": -1.0}}, {"type": "Feature", "geometry": {"type": "Polygon", "coordinates": [[[80.23776444285869, 13.038611005915897], [80.23778206144179, 13.038823891383686], [80.237636598633, 13.038835327161621], [80.23762895878221, 13.038743094878342], [80.23763851983863, 13.038742343873153], [80.23763283168489, 13.038673613867388], [80.23746760972158, 13.038686603048873], [80.23745493293615, 13.038533429292102], [80.23766920487738, 13.038516583959805], [80.23767759167428, 13.038617833858567], [80.23776444285869, 13.038611005915897]]]}, "properties": {"source": "microsoft", "height": -1.0, "confidence": -1.0}}, {"type": "Feature", "geometry": {"type": "Polygon", "coordinates": [[[80.23806198048997, 13.039602349142783], [80.23809147974646, 13.039853798556564], [80.23798175528813, 13.039866008291284], [80.23795227472918, 13.039614564289494], [80.23806198048997, 13.039602349142783]]]}, "properties": {"source": "microsoft", "height": -1.0, "confidence": -1.0}}, {"type": "Feature", "geometry": {"type": "Polygon", "coordinates": [[[80.23908004060291, 13.039979870259216], [80.23901861397137, 13.039983794708348], [80.23901616194547, 13.039947368766988], [80.23907758857705, 13.039943444317274], [80.23908004060291, 13.039979870259216]]]}, "properties": {"source": "microsoft", "height": -1.0, "confidence": -1.0}}, {"type": "Feature", "geometry": {"type": "Polygon", "coordinates": [[[80.23980969949653, 13.043614688214276], [80.23984175040813, 13.043540345956998], [80.24021235407318, 13.04369198441843], [80.24018031696126, 13.043766307006692], [80.23980969949653, 13.043614688214276]]]}, "properties": {"source": "microsoft", "height": -1.0, "confidence": -1.0}}, {"type": "Feature", "geometry": {"type": "Polygon", "coordinates": [[[80.24190391878396, 13.045579587636126], [80.24200728801802, 13.045612262010536], [80.24196681329248, 13.045733810475198], [80.24186343403376, 13.045701139996766], [80.24190391878396, 13.045579587636126]]]}, "properties": {"source": "microsoft", "height": -1.0, "confidence": -1.0}}, {"type": "Feature", "geometry": {"type": "Polygon", "coordinates": [[[80.2344474913175, 13.042274131160596], [80.23447516396845, 13.042382390656144], [80.234366563414, 13.042408736745614], [80.23433889076303, 13.042300477261591], [80.2344474913175, 13.042274131160596]]]}, "properties": {"source": "microsoft", "height": -1.0, "confidence": -1.0}}, {"type": "Feature", "geometry": {"type": "Polygon", "coordinates": [[[80.2365747474907, 13.043701262723062], [80.23660893372264, 13.043750415689999], [80.23654910071647, 13.043789906127273], [80.23651491884934, 13.04374075436671], [80.2365747474907, 13.043701262723062]]]}, "properties": {"source": "microsoft", "height": -1.0, "confidence": -1.0}}, {"type": "Feature", "geometry": {"type": "Polygon", "coordinates": [[[80.23875050917516, 13.041628745839972], [80.23875457876635, 13.041726580905177], [80.23861800998642, 13.0417319630901], [80.23861394078193, 13.04163413732347], [80.23875050917516, 13.041628745839972]]]}, "properties": {"source": "microsoft", "height": -1.0, "confidence": -1.0}}, {"type": "Feature", "geometry": {"type": "Polygon", "coordinates": [[[80.2410248272113, 13.04135144048648], [80.24102639852043, 13.041499222874265], [80.24094195534933, 13.041500069246908], [80.24094039471683, 13.04135229250953], [80.2410248272113, 13.04135144048648]]]}, "properties": {"source": "microsoft", "height": -1.0, "confidence": -1.0}}, {"type": "Feature", "geometry": {"type": "Polygon", "coordinates": [[[80.24121821940045, 13.044044321536603], [80.2412486357303, 13.04421691616433], [80.24112764002528, 13.044237161243174], [80.24109721165107, 13.044064568644842], [80.24121821940045, 13.044044321536603]]]}, "properties": {"source": "microsoft", "height": -1.0, "confidence": -1.0}}, {"type": "Feature", "geometry": {"type": "Polygon", "coordinates": [[[80.24134565324525, 13.044724786204057], [80.24125730403317, 13.044721081513956], [80.24126272017803, 13.044598497951043], [80.24135106939009, 13.044602202642977], [80.24134565324525, 13.044724786204057]]]}, "properties": {"source": "microsoft", "height": -1.0, "confidence": -1.0}}, {"type": "Feature", "geometry": {"type": "Polygon", "coordinates": [[[80.24205800796896, 13.046267579728337], [80.2422472019951, 13.046338566634034], [80.24218063143799, 13.046506949022401], [80.24199143741187, 13.046435962165006], [80.24205800796896, 13.046267579728337]]]}, "properties": {"source": "microsoft", "height": -1.0, "confidence": -1.0}}, {"type": "Feature", "geometry": {"type": "Polygon", "coordinates": [[[80.23306756080335, 13.04480365541906], [80.23319890977706, 13.044800511960418], [80.23320147798914, 13.044902357148757], [80.23307012901543, 13.044905500606092], [80.23306756080335, 13.04480365541906]]]}, "properties": {"source": "microsoft", "height": -1.0, "confidence": -1.0}}, {"type": "Feature", "geometry": {"type": "Polygon", "coordinates": [[[80.23338650507027, 13.042463155691209], [80.23332864714394, 13.04247766125249], [80.23329279843118, 13.042341991549364], [80.2333506553799, 13.042327482280314], [80.23338650507027, 13.042463155691209]]]}, "properties": {"source": "microsoft", "height": -1.0, "confidence": -1.0}}, {"type": "Feature", "geometry": {"type": "Polygon", "coordinates": [[[80.23449419518295, 13.043167052519266], [80.23460016345626, 13.043150441676616], [80.23461404613312, 13.043234494809127], [80.23450807197358, 13.043251106568832], [80.23449419518295, 13.043167052519266]]]}, "properties": {"source": "microsoft", "height": -1.0, "confidence": -1.0}}, {"type": "Feature", "geometry": {"type": "Polygon", "coordinates": [[[80.23536779399967, 13.044007736372535], [80.23523931632286, 13.044013456638169], [80.23523229332683, 13.043863754641947], [80.23536077059353, 13.043858025631167], [80.23536779399967, 13.044007736372535]]]}, "properties": {"source": "microsoft", "height": -1.0, "confidence": -1.0}}, {"type": "Feature", "geometry": {"type": "Polygon", "coordinates": [[[80.23745013937425, 13.038623093327146], [80.23731123624796, 13.03865680069012], [80.23728921844803, 13.038570686716028], [80.23742812157425, 13.038536979341316], [80.23745013937425, 13.038623093327146]]]}, "properties": {"source": "microsoft", "height": -1.0, "confidence": -1.0}}, {"type": "Feature", "geometry": {"type": "Polygon", "coordinates": [[[80.23784409556707, 13.039278291135574], [80.23788486293876, 13.039476774866685], [80.23778944179189, 13.03949537611416], [80.2377486744202, 13.039296892397985], [80.23784409556707, 13.039278291135574]]]}, "properties": {"source": "microsoft", "height": -1.0, "confidence": -1.0}}, {"type": "Feature", "geometry": {"type": "Polygon", "coordinates": [[[80.240311387836, 13.042470885079439], [80.24030474410397, 13.042398297273365], [80.24041118685278, 13.042389058322371], [80.24041783058482, 13.042461646131144], [80.240311387836, 13.042470885079439]]]}, "properties": {"source": "microsoft", "height": -1.0, "confidence": -1.0}}, {"type": "Feature", "geometry": {"type": "Polygon", "coordinates": [[[80.24196135037444, 13.043914437055989], [80.24204509056466, 13.044353956840752], [80.24188060670856, 13.04438369893252], [80.24179683599408, 13.043944184720047], [80.24196135037444, 13.043914437055989]]]}, "properties": {"source": "microsoft", "height": -1.0, "confidence": -1.0}}, {"type": "Feature", "geometry": {"type": "Polygon", "coordinates": [[[80.23329204237385, 13.047904436774544], [80.23339270869153, 13.047893475586974], [80.23341136280482, 13.0480560607663], [80.23341931014569, 13.048055195409944], [80.23343677987083, 13.048207457624315], [80.23332816621229, 13.048219284153731], [80.23330803161382, 13.04804379550005], [80.23330803161382, 13.04804379550005], [80.23329204237385, 13.047904436774544]]]}, "properties": {"source": "microsoft", "height": -1.0, "confidence": -1.0}}, {"type": "Feature", "geometry": {"type": "Polygon", "coordinates": [[[80.23471647303063, 13.047370690581658], [80.23467262170526, 13.047371620430908], [80.23467174638472, 13.047332444522297], [80.23471560052329, 13.047331514613248], [80.23471647303063, 13.047370690581658]]]}, "properties": {"source": "microsoft", "height": -1.0, "confidence": -1.0}}, {"type": "Feature", "geometry": {"type": "Polygon", "coordinates": [[[80.23749643024107, 13.039119082250437], [80.23761039791712, 13.039106920951227], [80.23762171985439, 13.039207621803627], [80.23750775217833, 13.039219783097877], [80.23749643024107, 13.039119082250437]]]}, "properties": {"source": "microsoft", "height": -1.0, "confidence": -1.0}}, {"type": "Feature", "geometry": {"type": "Polygon", "coordinates": [[[80.2376585596024, 13.039085864768836], [80.2378459698341, 13.039078044373397], [80.23785171303876, 13.039208457284445], [80.23766430280708, 13.039216277675749], [80.2376585596024, 13.039085864768836]]]}, "properties": {"source": "microsoft", "height": -1.0, "confidence": -1.0}}, {"type": "Feature", "geometry": {"type": "Polygon", "coordinates": [[[80.23840860747933, 13.044959536620354], [80.23851034851592, 13.04492543447229], [80.23856644986473, 13.045084313384379], [80.23846471903421, 13.045118412089607], [80.23840860747933, 13.044959536620354]]]}, "properties": {"source": "microsoft", "height": -1.0, "confidence": -1.0}}, {"type": "Feature", "geometry": {"type": "Polygon", "coordinates": [[[80.23852292265057, 13.038295056937272], [80.23864162516988, 13.038288444411535], [80.23864223665453, 13.038298862589059], [80.23876788963699, 13.038291862876093], [80.23877431022565, 13.038401253716671], [80.23852994614468, 13.038414866426976], [80.23852292265057, 13.038295056937272]]]}, "properties": {"source": "microsoft", "height": -1.0, "confidence": -1.0}}, {"type": "Feature", "geometry": {"type": "Polygon", "coordinates": [[[80.24097157708168, 13.039653388127206], [80.24086471179199, 13.039659938701021], [80.2408608455168, 13.0396000756311], [80.2409677108065, 13.039593525055707], [80.24097157708168, 13.039653388127206]]]}, "properties": {"source": "microsoft", "height": -1.0, "confidence": -1.0}}, {"type": "Feature", "geometry": {"type": "Polygon", "coordinates": [[[80.24101360650354, 13.042207800958323], [80.24105650681068, 13.042208584881863], [80.2410555047126, 13.042260826944371], [80.24101260440546, 13.042260043021003], [80.24101360650354, 13.042207800958323]]]}, "properties": {"source": "microsoft", "height": -1.0, "confidence": -1.0}}, {"type": "Feature", "geometry": {"type": "Polygon", "coordinates": [[[80.23315033353467, 13.04501429562788], [80.23315135757043, 13.04512832624765], [80.23307201513165, 13.045128997059322], [80.2330709993357, 13.04501497177938], [80.23315033353467, 13.04501429562788]]]}, "properties": {"source": "microsoft", "height": -1.0, "confidence": -1.0}}, {"type": "Feature", "geometry": {"type": "Polygon", "coordinates": [[[80.23464661280723, 13.04374919105905], [80.23463992905263, 13.043803280274673], [80.23469280695166, 13.043809481511772], [80.23468644147111, 13.043860995038159], [80.23459390514779, 13.043850142875385], [80.23460695438293, 13.04374454013012], [80.23464661280723, 13.04374919105905]]]}, "properties": {"source": "microsoft", "height": -1.0, "confidence": -1.0}}, {"type": "Feature", "geometry": {"type": "Polygon", "coordinates": [[[80.23944951954839, 13.047458594303166], [80.23943799915946, 13.047406122498089], [80.23956624283079, 13.047379401129845], [80.23958434629911, 13.04746185682744], [80.23950996496974, 13.047477355216216], [80.23950338189037, 13.04744737133123], [80.23944951954839, 13.047458594303166]]]}, "properties": {"source": "microsoft", "height": -1.0, "confidence": -1.0}}, {"type": "Feature", "geometry": {"type": "Polygon", "coordinates": [[[80.23964524030372, 13.04097026218453], [80.23965344975615, 13.041093932558496], [80.23955602229456, 13.041100064013477], [80.23956085368705, 13.041172924805323], [80.2395167206936, 13.041175702249944], [80.23951438485147, 13.041140514236673], [80.23943030974763, 13.041145811112102], [80.23941961171249, 13.040984477181425], [80.23964524030372, 13.04097026218453]]]}, "properties": {"source": "microsoft", "height": -1.0, "confidence": -1.0}}, {"type": "Feature", "geometry": {"type": "Polygon", "coordinates": [[[80.23381858431105, 13.047832998169596], [80.23381633716635, 13.047737345987187], [80.23392088855553, 13.047735014965255], [80.2339231355329, 13.047830660023806], [80.23381858431105, 13.047832998169596]]]}, "properties": {"source": "microsoft", "height": -1.0, "confidence": -1.0}}, {"type": "Feature", "geometry": {"type": "Polygon", "coordinates": [[[80.23487237027024, 13.039575517866098], [80.2348525072016, 13.039620504112563], [80.2348376491389, 13.03961427770139], [80.23480980762301, 13.03967734393241], [80.23471601579206, 13.03963804598348], [80.23477112455322, 13.03951323462735], [80.23481639275633, 13.039532204701644], [80.23482418162467, 13.039514564322815], [80.2348613768955, 13.039530151357496], [80.23484619147698, 13.039564549179005], [80.23487237027024, 13.039575517866098]]]}, "properties": {"source": "microsoft", "height": -1.0, "confidence": -1.0}}, {"type": "Feature", "geometry": {"type": "Polygon", "coordinates": [[[80.23503400076662, 13.04398656922973], [80.2350396617098, 13.044090797414938], [80.23495942008627, 13.044094933568914], [80.23495375914304, 13.04399070538544], [80.23503400076662, 13.04398656922973]]]}, "properties": {"source": "microsoft", "height": -1.0, "confidence": -1.0}}, {"type": "Feature", "geometry": {"type": "Polygon", "coordinates": [[[80.23527739149131, 13.043193370043866], [80.23521604861678, 13.043203035911318], [80.23519195064979, 13.043057891530324], [80.23525330368612, 13.043048224055994], [80.23527739149131, 13.043193370043866]]]}, "properties": {"source": "microsoft", "height": -1.0, "confidence": -1.0}}, {"type": "Feature", "geometry": {"type": "Polygon", "coordinates": [[[80.23864839459021, 13.038136523129339], [80.23877155392415, 13.038131425811883], [80.23877621740938, 13.038238368320208], [80.23865305807546, 13.038243465635418], [80.23864839459021, 13.038136523129339]]]}, "properties": {"source": "microsoft", "height": -1.0, "confidence": -1.0}}, {"type": "Feature", "geometry": {"type": "Polygon", "coordinates": [[[80.23888985584784, 13.039306835754886], [80.23889637889391, 13.039489528111417], [80.23876243051492, 13.039494067288487], [80.23875590746886, 13.03931137493531], [80.23888985584784, 13.039306835754886]]]}, "properties": {"source": "microsoft", "height": -1.0, "confidence": -1.0}}, {"type": "Feature", "geometry": {"type": "Polygon", "coordinates": [[[80.23928727793788, 13.043894551315717], [80.23942777776114, 13.04396172407219], [80.23925747843694, 13.044299732164333], [80.23911698250316, 13.044232551779828], [80.23928727793788, 13.043894551315717]]]}, "properties": {"source": "microsoft", "height": -1.0, "confidence": -1.0}}, {"type": "Feature", "geometry": {"type": "Polygon", "coordinates": [[[80.23948682034688, 13.042320988975206], [80.23957933637699, 13.042319077635312], [80.23958093356809, 13.042392209125879], [80.23948841228642, 13.042394120573718], [80.23948682034688, 13.042320988975206]]]}, "properties": {"source": "microsoft", "height": -1.0, "confidence": -1.0}}, {"type": "Feature", "geometry": {"type": "Polygon", "coordinates": [[[80.23952795438841, 13.038998692010523], [80.23951698240141, 13.038832142593165], [80.2396585563308, 13.038823290681677], [80.23966284226324, 13.038888349063512], [80.23970825276888, 13.038885509771845], [80.23972093912887, 13.039078082484025], [80.23957247730249, 13.039087365051742], [80.23956647048053, 13.03899628379311], [80.23952795438841, 13.038998692010523]]]}, "properties": {"source": "microsoft", "height": -1.0, "confidence": -1.0}}, {"type": "Feature", "geometry": {"type": "Polygon", "coordinates": [[[80.24045217429662, 13.038389767199462], [80.2404698283205, 13.038585418162612], [80.240325012899, 13.038597820093457], [80.24030737193983, 13.038402158148017], [80.24045217429662, 13.038389767199462]]]}, "properties": {"source": "microsoft", "height": -1.0, "confidence": -1.0}}, {"type": "Feature", "geometry": {"type": "Polygon", "coordinates": [[[80.24053675368215, 13.04625638235808], [80.24050377343139, 13.046264070554017], [80.24048704988567, 13.046195986785577], [80.24052002961402, 13.046188296460684], [80.24053675368215, 13.04625638235808]]]}, "properties": {"source": "microsoft", "height": -1.0, "confidence": -1.0}}, {"type": "Feature", "geometry": {"type": "Polygon", "coordinates": [[[80.24174887685706, 13.042111402345], [80.24202671887141, 13.04206227999289], [80.24204699014932, 13.042171055897569], [80.24176914813496, 13.042220178228078], [80.24174887685706, 13.042111402345]]]}, "properties": {"source": "microsoft", "height": -1.0, "confidence": -1.0}}, {"type": "Feature", "geometry": {"type": "Polygon", "coordinates": [[[80.23535631327498, 13.044930212594906], [80.23553450192954, 13.044903556874772], [80.23555002607885, 13.04500204588139], [80.23537183929521, 13.045028713460269], [80.23535631327498, 13.044930212594906]]]}, "properties": {"source": "microsoft", "height": -1.0, "confidence": -1.0}}, {"type": "Feature", "geometry": {"type": "Polygon", "coordinates": [[[80.23541343323383, 13.039651008176406], [80.2355325675279, 13.039648546888486], [80.23553444993169, 13.03973473850202], [80.23541530944824, 13.039737199916956], [80.23541343323383, 13.039651008176406]]]}, "properties": {"source": "microsoft", "height": -1.0, "confidence": -1.0}}, {"type": "Feature", "geometry": {"type": "Polygon", "coordinates": [[[80.23584463015395, 13.045187767027102], [80.23590353659864, 13.04519015678028], [80.23589957025526, 13.045282944267342], [80.2358406636392, 13.045280558524482], [80.23584463015395, 13.045187767027102]]]}, "properties": {"source": "microsoft", "height": -1.0, "confidence": -1.0}}, {"type": "Feature", "geometry": {"type": "Polygon", "coordinates": [[[80.23626372409827, 13.045061633583131], [80.23635086020504, 13.045050963249778], [80.23637755922503, 13.045257884551972], [80.23629042236362, 13.045268549027583], [80.23626372409827, 13.045061633583131]]]}, "properties": {"source": "microsoft", "height": -1.0, "confidence": -1.0}}, {"type": "Feature", "geometry": {"type": "Polygon", "coordinates": [[[80.23700467390205, 13.042401972807042], [80.23688977432568, 13.042657172152687], [80.2368200433452, 13.04262737103845], [80.23693494112634, 13.042372175649419], [80.23700467390205, 13.042401972807042]]]}, "properties": {"source": "microsoft", "height": -1.0, "confidence": -1.0}}, {"type": "Feature", "geometry": {"type": "Polygon", "coordinates": [[[80.23804804452008, 13.03882594682399], [80.23805267889225, 13.03892368724702], [80.23792955958625, 13.03892921942112], [80.23792492561125, 13.038831487377237], [80.23804804452008, 13.03882594682399]]]}, "properties": {"source": "microsoft", "height": -1.0, "confidence": -1.0}}, {"type": "Feature", "geometry": {"type": "Polygon", "coordinates": [[[80.2393822767648, 13.0385708035339], [80.2394062830429, 13.038724016953779], [80.23923853041491, 13.038748963452349], [80.23921452413681, 13.038595750047932], [80.2393822767648, 13.0385708035339]]]}, "properties": {"source": "microsoft", "height": -1.0, "confidence": -1.0}}, {"type": "Feature", "geometry": {"type": "Polygon", "coordinates": [[[80.24190045816569, 13.040755955566226], [80.24193213021204, 13.040752023080742], [80.24194524912923, 13.04085230252089], [80.24191357708284, 13.040856235004782], [80.24190045816569, 13.040755955566226]]]}, "properties": {"source": "microsoft", "height": -1.0, "confidence": -1.0}}, {"type": "Feature", "geometry": {"type": "Polygon", "coordinates": [[[80.23619075532244, 13.044026172652082], [80.23606038322609, 13.044037604091514], [80.23603835163189, 13.043799139808655], [80.23611817128274, 13.043792140961514], [80.23612894760598, 13.043908781131876], [80.23617950005149, 13.043904348530688], [80.23619075532244, 13.044026172652082]]]}, "properties": {"source": "microsoft", "height": -1.0, "confidence": -1.0}}, {"type": "Feature", "geometry": {"type": "Polygon", "coordinates": [[[80.2370205084821, 13.043739476816313], [80.237103281724, 13.04352568027825], [80.23725356782609, 13.043580890888919], [80.23717079111104, 13.043794696350005], [80.2370205084821, 13.043739476816313]]]}, "properties": {"source": "microsoft", "height": -1.0, "confidence": -1.0}}, {"type": "Feature", "geometry": {"type": "Polygon", "coordinates": [[[80.23800999938727, 13.038508813590624], [80.23794199661546, 13.03851939460354], [80.23791818590682, 13.038374155127855], [80.23798618867863, 13.038363574108715], [80.23800999938727, 13.038508813590624]]]}, "properties": {"source": "microsoft", "height": -1.0, "confidence": -1.0}}, {"type": "Feature", "geometry": {"type": "Polygon", "coordinates": [[[80.23802204725978, 13.041447865179308], [80.23812649009388, 13.041443841652125], [80.23813835075973, 13.041736043592607], [80.23803390792563, 13.041740067115029], [80.23802204725978, 13.041447865179308]]]}, "properties": {"source": "microsoft", "height": -1.0, "confidence": -1.0}}, {"type": "Feature", "geometry": {"type": "Polygon", "coordinates": [[[80.23815428319865, 13.045928769570821], [80.23815880756466, 13.04602920916706], [80.23812936006345, 13.04603047006485], [80.23813570380707, 13.046171299239262], [80.23797671768928, 13.046178106782193], [80.23797130515746, 13.046058141565851], [80.23800075256824, 13.046056880672069], [80.23799527920217, 13.045935567044666], [80.23815428319865, 13.045928769570821]]]}, "properties": {"source": "microsoft", "height": -1.0, "confidence": -1.0}}, {"type": "Feature", "geometry": {"type": "Polygon", "coordinates": [[[80.23874757815334, 13.047341198295072], [80.23878061046783, 13.047515555980596], [80.23868723049858, 13.047532338930623], [80.23865419818407, 13.047357981256951], [80.23874757815334, 13.047341198295072]]]}, "properties": {"source": "microsoft", "height": -1.0, "confidence": -1.0}}, {"type": "Feature", "geometry": {"type": "Polygon", "coordinates": [[[80.23975948058114, 13.03966384179337], [80.23960445531681, 13.039672773658424], [80.23959471836464, 13.039512567704108], [80.23974974298878, 13.039503625299929], [80.23975948058114, 13.03966384179337]]]}, "properties": {"source": "microsoft", "height": -1.0, "confidence": -1.0}}, {"type": "Feature", "geometry": {"type": "Polygon", "coordinates": [[[80.24049624350101, 13.043245836151499], [80.24038929573634, 13.043269899846436], [80.24035518485714, 13.043126020444646], [80.24046213262181, 13.043101956735683], [80.24049624350101, 13.043245836151499]]]}, "properties": {"source": "microsoft", "height": -1.0, "confidence": -1.0}}, {"type": "Feature", "geometry": {"type": "Polygon", "coordinates": [[[80.24165293830396, 13.038245447435017], [80.24180032939121, 13.038241176277197], [80.24180638753552, 13.03843959326936], [80.24165899644827, 13.038443864423755], [80.24165293830396, 13.038245447435017]]]}, "properties": {"source": "microsoft", "height": -1.0, "confidence": -1.0}}, {"type": "Feature", "geometry": {"type": "Polygon", "coordinates": [[[80.24178230978265, 13.03878144675393], [80.24166767291673, 13.038790162080886], [80.24164924455405, 13.038560102950143], [80.24176388079763, 13.038551379845984], [80.24178230978265, 13.03878144675393]]]}, "properties": {"source": "microsoft", "height": -1.0, "confidence": -1.0}}, {"type": "Feature", "geometry": {"type": "Polygon", "coordinates": [[[80.23469694642954, 13.044493223348752], [80.23475163786289, 13.04448042910775], [80.23478841910905, 13.04462964771713], [80.23473371667075, 13.044642440795087], [80.23469694642954, 13.044493223348752]]]}, "properties": {"source": "microsoft", "height": -1.0, "confidence": -1.0}}, {"type": "Feature", "geometry": {"type": "Polygon", "coordinates": [[[80.23537140601181, 13.042830083941993], [80.23549101807589, 13.042602261269352], [80.23560472063158, 13.0426589251027], [80.23548509559487, 13.042886741258243], [80.23537140601181, 13.042830083941993]]]}, "properties": {"source": "microsoft", "height": -1.0, "confidence": -1.0}}, {"type": "Feature", "geometry": {"type": "Polygon", "coordinates": [[[80.23557380172394, 13.047958530074325], [80.23558043552978, 13.048127027526576], [80.23548032991474, 13.04813076783229], [80.23547370792886, 13.047962263116403], [80.23557380172394, 13.047958530074325]]]}, "properties": {"source": "microsoft", "height": -1.0, "confidence": -1.0}}, {"type": "Feature", "geometry": {"type": "Polygon", "coordinates": [[[80.23585258295628, 13.046399979104336], [80.2358574738527, 13.046513252499608], [80.23562887286907, 13.04652261999533], [80.23562397452207, 13.04640936249669], [80.23585258295628, 13.046399979104336]]]}, "properties": {"source": "microsoft", "height": -1.0, "confidence": -1.0}}, {"type": "Feature", "geometry": {"type": "Polygon", "coordinates": [[[80.23646214531544, 13.04181763797689], [80.23637516090244, 13.041821718436296], [80.23637103153904, 13.041738295393642], [80.23645802193141, 13.041734214652365], [80.23646214531544, 13.04181763797689]]]}, "properties": {"source": "microsoft", "height": -1.0, "confidence": -1.0}}, {"type": "Feature", "geometry": {"type": "Polygon", "coordinates": [[[80.23729049160264, 13.041117899844366], [80.23720337707945, 13.041121077631232], [80.23719515313188, 13.04090710903597], [80.23728228300548, 13.04090393068644], [80.23729049160264, 13.041117899844366]]]}, "properties": {"source": "microsoft", "height": -1.0, "confidence": -1.0}}, {"type": "Feature", "geometry": {"type": "Polygon", "coordinates": [[[80.2378200740461, 13.044465496113958], [80.23809355343819, 13.044406274574499], [80.23811771454147, 13.044512130940902], [80.23784423920486, 13.044571370223096], [80.2378200740461, 13.044465496113958]]]}, "properties": {"source": "microsoft", "height": -1.0, "confidence": -1.0}}, {"type": "Feature", "geometry": {"type": "Polygon", "coordinates": [[[80.24092633754073, 13.044415020633437], [80.24092332007017, 13.044488065995296], [80.24082540132622, 13.044484220406702], [80.24082842403602, 13.044411175249465], [80.24092633754073, 13.044415020633437]]]}, "properties": {"source": "microsoft", "height": -1.0, "confidence": -1.0}}, {"type": "Feature", "geometry": {"type": "Polygon", "coordinates": [[[80.24211902434284, 13.04504399706741], [80.24218049186963, 13.044905216330747], [80.2422392836888, 13.044929929231571], [80.24226367556453, 13.044874857494577], [80.2423224673837, 13.044899570398442], [80.2423224673837, 13.044899570398442], [80.24243326735058, 13.044946144710579], [80.2423669214486, 13.045095939763328], [80.24226742760081, 13.045054117957761], [80.24224791410023, 13.045098175316397], [80.24211902434284, 13.04504399706741]]]}, "properties": {"source": "microsoft", "height": -1.0, "confidence": -1.0}}, {"type": "Feature", "geometry": {"type": "Polygon", "coordinates": [[[80.23332056749643, 13.042622917430421], [80.23339647128805, 13.042604788115199], [80.23342624631405, 13.04272310115141], [80.23335034252244, 13.042741230457978], [80.23332056749643, 13.042622917430421]]]}, "properties": {"source": "microsoft", "height": -1.0, "confidence": -1.0}}, {"type": "Feature", "geometry": {"type": "Polygon", "coordinates": [[[80.23355902360717, 13.047642363868405], [80.2335898169805, 13.047854026357314], [80.23328578500359, 13.04789602422656], [80.23325497376534, 13.04768434351071], [80.23355902360717, 13.047642363868405]]]}, "properties": {"source": "microsoft", "height": -1.0, "confidence": -1.0}}, {"type": "Feature", "geometry": {"type": "Polygon", "coordinates": [[[80.23493991013397, 13.04727774460396], [80.23494843689035, 13.047340408343587], [80.23499061115544, 13.047334962100834], [80.23499536149623, 13.04736987268754], [80.23496373108583, 13.047373959488425], [80.2349848368409, 13.04752906709605], [80.23488826092947, 13.047541538574478], [80.23485386073372, 13.047288862603565], [80.23493991013397, 13.04727774460396]]]}, "properties": {"source": "microsoft", "height": -1.0, "confidence": -1.0}}, {"type": "Feature", "geometry": {"type": "Polygon", "coordinates": [[[80.23568798816473, 13.043674340006689], [80.23569700427015, 13.04378863714399], [80.23561434394696, 13.043794825498196], [80.23560532784158, 13.043680528363765], [80.23568798816473, 13.043674340006689]]]}, "properties": {"source": "microsoft", "height": -1.0, "confidence": -1.0}}, {"type": "Feature", "geometry": {"type": "Polygon", "coordinates": [[[80.23724710449638, 13.039719461027317], [80.23745922408531, 13.039687294923311], [80.23746330031922, 13.039712807252357], [80.23757214192278, 13.039696302363083], [80.237609412053, 13.039929673445528], [80.2372884638159, 13.039978320541508], [80.23724710449638, 13.039719461027317]]]}, "properties": {"source": "microsoft", "height": -1.0, "confidence": -1.0}}, {"type": "Feature", "geometry": {"type": "Polygon", "coordinates": [[[80.2373340560098, 13.043077141325782], [80.23751108256202, 13.043158060105469], [80.23744714156732, 13.043290839221243], [80.23727010719712, 13.043209916911366], [80.2373340560098, 13.043077141325782]]]}, "properties": {"source": "microsoft", "height": -1.0, "confidence": -1.0}}, {"type": "Feature", "geometry": {"type": "Polygon", "coordinates": [[[80.23757687374996, 13.042723181816385], [80.23770421336953, 13.042785565047708], [80.23765469149501, 13.04288150303266], [80.23752735737688, 13.042819122520683], [80.23757687374996, 13.042723181816385]]]}, "properties": {"source": "microsoft", "height": -1.0, "confidence": -1.0}}, {"type": "Feature", "geometry": {"type": "Polygon", "coordinates": [[[80.23841500416003, 13.041179059382017], [80.23845246076193, 13.041177228215489], [80.23845715987719, 13.041268454515262], [80.23841970327533, 13.041270285681136], [80.23841500416003, 13.041179059382017]]]}, "properties": {"source": "microsoft", "height": -1.0, "confidence": -1.0}}, {"type": "Feature", "geometry": {"type": "Polygon", "coordinates": [[[80.24014339356671, 13.039905475567906], [80.24026391308836, 13.039900939505415], [80.24026577554007, 13.039947904183123], [80.24014525601847, 13.039952440244761], [80.24014339356671, 13.039905475567906]]]}, "properties": {"source": "microsoft", "height": -1.0, "confidence": -1.0}}, {"type": "Feature", "geometry": {"type": "Polygon", "coordinates": [[[80.24222221628571, 13.046877930357837], [80.24224900343829, 13.046946369188404], [80.24213511719694, 13.046988672903197], [80.24210833433716, 13.046920232489754], [80.24222221628571, 13.046877930357837]]]}, "properties": {"source": "microsoft", "height": -1.0, "confidence": -1.0}}, {"type": "Feature", "geometry": {"type": "Polygon", "coordinates": [[[80.2424480815202, 13.039152516001693], [80.24247502229488, 13.039434898977007], [80.24235003818355, 13.039446216105475], [80.24232309740884, 13.039163833143064], [80.2424480815202, 13.039152516001693]]]}, "properties": {"source": "microsoft", "height": -1.0, "confidence": -1.0}}, {"type": "Feature", "geometry": {"type": "Polygon", "coordinates": [[[80.23598913354692, 13.039617614308668], [80.23591146562048, 13.039620537544408], [80.23590763032236, 13.039523999163436], [80.2359852982488, 13.039521075926558], [80.23598913354692, 13.039617614308668]]]}, "properties": {"source": "microsoft", "height": -1.0, "confidence": -1.0}}, {"type": "Feature", "geometry": {"type": "Polygon", "coordinates": [[[80.23628077720235, 13.047339610822291], [80.2362943144635, 13.047458342376444], [80.23618303454963, 13.04747038338823], [80.23616949728847, 13.047351651839861], [80.23628077720235, 13.047339610822291]]]}, "properties": {"source": "microsoft", "height": -1.0, "confidence": -1.0}}, {"type": "Feature", "geometry": {"type": "Polygon", "coordinates": [[[80.236989418005, 13.047570034120639], [80.23688307201729, 13.047579786542371], [80.23687531359076, 13.047499496184258], [80.2369816595784, 13.047489743759357], [80.236989418005, 13.047570034120639]]]}, "properties": {"source": "microsoft", "height": -1.0, "confidence": -1.0}}, {"type": "Feature", "geometry": {"type": "Polygon", "coordinates": [[[80.23820337339305, 13.04208137342252], [80.23806144617262, 13.042086937744628], [80.23805298812633, 13.041882187704203], [80.23819491494758, 13.041876613716056], [80.23820337339305, 13.04208137342252]]]}, "properties": {"source": "microsoft", "height": -1.0, "confidence": -1.0}}, {"type": "Feature", "geometry": {"type": "Polygon", "coordinates": [[[80.23852818407744, 13.041876595834239], [80.23851399597918, 13.041656673156353], [80.23859011143819, 13.041652007507594], [80.2385969192228, 13.041757414248934], [80.23865836703392, 13.04175365187416], [80.23866105662847, 13.041795295570566], [80.23871049839863, 13.041792268311553], [80.23871142164215, 13.041806579049563], [80.23876485452135, 13.041803303776746], [80.2387770287579, 13.041992010481664], [80.23869286990956, 13.041997163420646], [80.23868732262082, 13.041911273359247], [80.23862187489806, 13.041915280641192], [80.23861902037012, 13.041871034041137], [80.23852818407744, 13.041876595834239]]]}, "properties": {"source": "microsoft", "height": -1.0, "confidence": -1.0}}, {"type": "Feature", "geometry": {"type": "Polygon", "coordinates": [[[80.23920076471185, 13.047956990205464], [80.23929802738905, 13.047947473940226], [80.23933707599599, 13.048326498515124], [80.23923983960074, 13.048336005564593], [80.23920076471185, 13.047956990205464]]]}, "properties": {"source": "microsoft", "height": -1.0, "confidence": -1.0}}, {"type": "Feature", "geometry": {"type": "Polygon", "coordinates": [[[80.24174120921414, 13.046850795928123], [80.24164750494133, 13.046854718745706], [80.24163834945251, 13.046647166911384], [80.24173205344404, 13.046643237713354], [80.24174120921414, 13.046850795928123]]]}, "properties": {"source": "microsoft", "height": -1.0, "confidence": -1.0}}, {"type": "Feature", "geometry": {"type": "Polygon", "coordinates": [[[80.23331584942166, 13.044892683273602], [80.23322468090288, 13.044891166542754], [80.23322724522392, 13.044744881685517], [80.23331841374265, 13.044746398417246], [80.23331584942166, 13.044892683273602]]]}, "properties": {"source": "microsoft", "height": -1.0, "confidence": -1.0}}, {"type": "Feature", "geometry": {"type": "Polygon", "coordinates": [[[80.23476510589452, 13.039830983486084], [80.2347609116435, 13.039781674244864], [80.23481035414643, 13.03977768275604], [80.23481454487911, 13.039826992282073], [80.23476510589452, 13.039830983486084]]]}, "properties": {"source": "microsoft", "height": -1.0, "confidence": -1.0}}, {"type": "Feature", "geometry": {"type": "Polygon", "coordinates": [[[80.23493277259848, 13.043897046246869], [80.23501583904745, 13.043894503240026], [80.23501836520309, 13.043972815926509], [80.23493529875414, 13.043975358932528], [80.23493277259848, 13.043897046246869]]]}, "properties": {"source": "microsoft", "height": -1.0, "confidence": -1.0}}, {"type": "Feature", "geometry": {"type": "Polygon", "coordinates": [[[80.23639440150592, 13.038331278571007], [80.23646780366943, 13.038333831062744], [80.23646145054528, 13.038507229509719], [80.23638803612405, 13.038504671587788], [80.23639440150592, 13.038331278571007]]]}, "properties": {"source": "microsoft", "height": -1.0, "confidence": -1.0}}, {"type": "Feature", "geometry": {"type": "Polygon", "coordinates": [[[80.23896922402544, 13.038627575300325], [80.23886081713825, 13.03861489122069], [80.23887320178052, 13.038514431037129], [80.23898160866767, 13.038527115121909], [80.23896922402544, 13.038627575300325]]]}, "properties": {"source": "microsoft", "height": -1.0, "confidence": -1.0}}, {"type": "Feature", "geometry": {"type": "Polygon", "coordinates": [[[80.24067907246199, 13.039141990212912], [80.2405729734485, 13.039144341353463], [80.2405701597907, 13.039024203312792], [80.24067626743063, 13.039021851979925], [80.24067907246199, 13.039141990212912]]]}, "properties": {"source": "microsoft", "height": -1.0, "confidence": -1.0}}, {"type": "Feature", "geometry": {"type": "Polygon", "coordinates": [[[80.24083732714787, 13.043877612611666], [80.24082722541469, 13.043987635590284], [80.24049993222526, 13.043959116003606], [80.24051003599105, 13.04384907087372], [80.24083732714787, 13.043877612611666]]]}, "properties": {"source": "microsoft", "height": -1.0, "confidence": -1.0}}, {"type": "Feature", "geometry": {"type": "Polygon", "coordinates": [[[80.24216329991745, 13.046517455047308], [80.2422021396012, 13.046465622178971], [80.24223538448868, 13.046489266226345], [80.242196545913, 13.046541097610984], [80.24216329991745, 13.046517455047308]]]}, "properties": {"source": "microsoft", "height": -1.0, "confidence": -1.0}}, {"type": "Feature", "geometry": {"type": "Polygon", "coordinates": [[[80.2421841833181, 13.038191281631924], [80.24229671329364, 13.038187660071088], [80.24230181102511, 13.038337996167968], [80.2421892807897, 13.038341610062147], [80.2421841833181, 13.038191281631924]]]}, "properties": {"source": "microsoft", "height": -1.0, "confidence": -1.0}}, {"type": "Feature", "geometry": {"type": "Polygon", "coordinates": [[[80.23689304998022, 13.041989858798374], [80.23713652469709, 13.041978022325736], [80.23714146475785, 13.042074463939144], [80.23689799004094, 13.04208630040715], [80.23689304998022, 13.041989858798374]]]}, "properties": {"source": "microsoft", "height": -1.0, "confidence": -1.0}}, {"type": "Feature", "geometry": {"type": "Polygon", "coordinates": [[[80.23689429657469, 13.04539577942107], [80.23677334095309, 13.045412471462669], [80.2367452138473, 13.045218942889093], [80.2368661706439, 13.045202258919431], [80.23689429657469, 13.04539577942107]]]}, "properties": {"source": "microsoft", "height": -1.0, "confidence": -1.0}}, {"type": "Feature", "geometry": {"type": "Polygon", "coordinates": [[[80.23914990184342, 13.042930708165429], [80.23897874562506, 13.042948329826743], [80.23894174165302, 13.04260722192113], [80.23911287363629, 13.042589602730658], [80.23914990184342, 13.042930708165429]]]}, "properties": {"source": "microsoft", "height": -1.0, "confidence": -1.0}}, {"type": "Feature", "geometry": {"type": "Polygon", "coordinates": [[[80.23936631937691, 13.038952792758792], [80.23927153084757, 13.038965415167453], [80.2392510164418, 13.038819202867813], [80.2393458049711, 13.038806580451691], [80.23936631937691, 13.038952792758792]]]}, "properties": {"source": "microsoft", "height": -1.0, "confidence": -1.0}}, {"type": "Feature", "geometry": {"type": "Polygon", "coordinates": [[[80.24017723700716, 13.040984014598891], [80.24048587877327, 13.04095697261802], [80.240512180422, 13.041242101548008], [80.2402035386559, 13.041269143497686], [80.24017723700716, 13.040984014598891]]]}, "properties": {"source": "microsoft", "height": -1.0, "confidence": -1.0}}, {"type": "Feature", "geometry": {"type": "Polygon", "coordinates": [[[80.24091874350592, 13.03888352645474], [80.24081970768266, 13.038887929207036], [80.24080892153037, 13.038657300704486], [80.24090795766878, 13.038652904686828], [80.24091874350592, 13.03888352645474]]]}, "properties": {"source": "microsoft", "height": -1.0, "confidence": -1.0}}, {"type": "Feature", "geometry": {"type": "Polygon", "coordinates": [[[80.24165290430999, 13.045132011608331], [80.24182517063316, 13.045217777677934], [80.24178278190763, 13.04529858013423], [80.24184445750481, 13.045329286487558], [80.24180424256005, 13.045405945194219], [80.24165749717365, 13.045332885266461], [80.241648173502, 13.045350658278139], [80.2415567260721, 13.045305123226726], [80.24160300142377, 13.045216911986884], [80.24160725491325, 13.04521902966728], [80.24165290430999, 13.045132011608331]]]}, "properties": {"source": "microsoft", "height": -1.0, "confidence": -1.0}}, {"type": "Feature", "geometry": {"type": "Polygon", "coordinates": [[[80.23491787905193, 13.040585889896036], [80.234962212369, 13.040919998203393], [80.23480128820728, 13.040940275215988], [80.2347574318126, 13.04060976115882], [80.23483515608454, 13.040599972912773], [80.2347944157766, 13.040293108291209], [80.23490521503258, 13.040279147157378], [80.23494547747221, 13.040582412392752], [80.23491787905193, 13.040585889896036]]]}, "properties": {"source": "microsoft", "height": -1.0, "confidence": -1.0}}, {"type": "Feature", "geometry": {"type": "Polygon", "coordinates": [[[80.23558508739183, 13.042866653386824], [80.23563339271418, 13.042762489048172], [80.23571581234518, 13.042798763796853], [80.23566750702287, 13.042902928120242], [80.23558508739183, 13.042866653386824]]]}, "properties": {"source": "microsoft", "height": -1.0, "confidence": -1.0}}, {"type": "Feature", "geometry": {"type": "Polygon", "coordinates": [[[80.23676390427146, 13.041185476647954], [80.2365864544858, 13.041197491129026], [80.23658756757261, 13.041213093943426], [80.23641406203477, 13.041224841372483], [80.23641257791901, 13.041204037620744], [80.23629106623162, 13.04121226473562], [80.23628085270995, 13.041069239592147], [80.23649973555968, 13.041054419820895], [80.23650029266084, 13.041062221194949], [80.23656042080859, 13.041058150134091], [80.23655745257705, 13.041016542600843], [80.2367509052439, 13.041003444613125], [80.23676390427146, 13.041185476647954]]]}, "properties": {"source": "microsoft", "height": -1.0, "confidence": -1.0}}, {"type": "Feature", "geometry": {"type": "Polygon", "coordinates": [[[80.23354665071858, 13.03981885274014], [80.23353405930362, 13.039694637977163], [80.23356859125172, 13.039691315737073], [80.23357593624378, 13.039763774357382], [80.23361312449562, 13.039760196561346], [80.23361837091852, 13.039811952706458], [80.23354665071858, 13.03981885274014]]]}, "properties": {"source": "microsoft", "height": -1.0, "confidence": -1.0}}, {"type": "Feature", "geometry": {"type": "Polygon", "coordinates": [[[80.23520043688535, 13.043450054867492], [80.23510849496338, 13.043463050253791], [80.23508334036838, 13.043294147254969], [80.2351752822903, 13.04328115185983], [80.23520043688535, 13.043450054867492]]]}, "properties": {"source": "microsoft", "height": -1.0, "confidence": -1.0}}, {"type": "Feature", "geometry": {"type": "Polygon", "coordinates": [[[80.23571237140312, 13.045740991826165], [80.23572589968701, 13.045839631556845], [80.23536751355516, 13.045886254711206], [80.2353539885638, 13.045787639006193], [80.23571237140312, 13.045740991826165]]]}, "properties": {"source": "microsoft", "height": -1.0, "confidence": -1.0}}, {"type": "Feature", "geometry": {"type": "Polygon", "coordinates": [[[80.23931818973772, 13.044230049746247], [80.23929538091038, 13.044216990982164], [80.23943888395526, 13.043979112569232], [80.23946170478692, 13.043992179774762], [80.23931818973772, 13.044230049746247]]]}, "properties": {"source": "microsoft", "height": -1.0, "confidence": -1.0}}, {"type": "Feature", "geometry": {"type": "Polygon", "coordinates": [[[80.24010240111855, 13.045936382149563], [80.24014071523108, 13.046135822042928], [80.24003187461079, 13.046155665804534], [80.23999356049828, 13.045956225927156], [80.24010240111855, 13.045936382149563]]]}, "properties": {"source": "microsoft", "height": -1.0, "confidence": -1.0}}, {"type": "Feature", "geometry": {"type": "Polygon", "coordinates": [[[80.24279562145294, 13.045890827777598], [80.24278292788543, 13.045975244661278], [80.24270836818346, 13.045964604571537], [80.24272105581356, 13.045880186836925], [80.24279562145294, 13.045890827777598]]]}, "properties": {"source": "microsoft", "height": -1.0, "confidence": -1.0}}, {"type": "Feature", "geometry": {"type": "Polygon", "coordinates": [[[80.2332444892972, 13.03994759133009], [80.23334634878398, 13.040437007051011], [80.23325220725856, 13.040455609118283], [80.23317121518187, 13.040066591778128], [80.2331506053768, 13.040070664216557], [80.23312970419575, 13.039970272547265], [80.2332444892972, 13.03994759133009]]]}, "properties": {"source": "microsoft", "height": -1.0, "confidence": -1.0}}, {"type": "Feature", "geometry": {"type": "Polygon", "coordinates": [[[80.23394246074393, 13.038750069646909], [80.23395417355833, 13.039021347294138], [80.23386849446347, 13.03902485831523], [80.23385678164907, 13.038753580671852], [80.23394246074393, 13.038750069646909]]]}, "properties": {"source": "microsoft", "height": -1.0, "confidence": -1.0}}, {"type": "Feature", "geometry": {"type": "Polygon", "coordinates": [[[80.23423765000396, 13.043806800128792], [80.23433893534128, 13.04377202185448], [80.23439643450267, 13.043930979176707], [80.23429515710102, 13.04396574779841], [80.23423765000396, 13.043806800128792]]]}, "properties": {"source": "microsoft", "height": -1.0, "confidence": -1.0}}, {"type": "Feature", "geometry": {"type": "Polygon", "coordinates": [[[80.23501703290475, 13.04354461284953], [80.23490449957364, 13.043548188402738], [80.23489790748893, 13.043350860256197], [80.23503991415843, 13.043346357917144], [80.23504458753368, 13.043486251234711], [80.23501511451842, 13.043487187689337], [80.23501703290475, 13.04354461284953]]]}, "properties": {"source": "microsoft", "height": -1.0, "confidence": -1.0}}, {"type": "Feature", "geometry": {"type": "Polygon", "coordinates": [[[80.2355272068199, 13.041569855225177], [80.23542537966323, 13.04157291706052], [80.23542120543671, 13.041440864764908], [80.23552303281264, 13.041437809864306], [80.2355272068199, 13.041569855225177]]]}, "properties": {"source": "microsoft", "height": -1.0, "confidence": -1.0}}, {"type": "Feature", "geometry": {"type": "Polygon", "coordinates": [[[80.23639974659969, 13.039480078355993], [80.23656318972256, 13.03947491857889], [80.23656666273516, 13.03957933083052], [80.23640321961228, 13.039584490605463], [80.23639974659969, 13.039480078355993]]]}, "properties": {"source": "microsoft", "height": -1.0, "confidence": -1.0}}, {"type": "Feature", "geometry": {"type": "Polygon", "coordinates": [[[80.23697100197836, 13.041501619603821], [80.23688091409173, 13.04151134934557], [80.23685418325151, 13.041276450841835], [80.23694427113814, 13.04126672109085], [80.23697100197836, 13.041501619603821]]]}, "properties": {"source": "microsoft", "height": -1.0, "confidence": -1.0}}, {"type": "Feature", "geometry": {"type": "Polygon", "coordinates": [[[80.23716332973277, 13.047956631635898], [80.2371068360366, 13.047977185060859], [80.23708310061822, 13.04791527055923], [80.23713959431437, 13.047894717129111], [80.23716332973277, 13.047956631635898]]]}, "properties": {"source": "microsoft", "height": -1.0, "confidence": -1.0}}, {"type": "Feature", "geometry": {"type": "Polygon", "coordinates": [[[80.24069608090177, 13.039360337673827], [80.24069942358634, 13.039477834598145], [80.24054665502206, 13.039481959489166], [80.2405433123375, 13.039364462566795], [80.24069608090177, 13.039360337673827]]]}, "properties": {"source": "microsoft", "height": -1.0, "confidence": -1.0}}, {"type": "Feature", "geometry": {"type": "Polygon", "coordinates": [[[80.24089013782502, 13.047226225581738], [80.24106564501884, 13.047199767802994], [80.24109319681169, 13.047373296002348], [80.24111059899079, 13.047370672618683], [80.24112096164144, 13.047435909678498], [80.24093759591652, 13.047463539605204], [80.24092520844299, 13.04738555547651], [80.24104663926855, 13.04736724974373], [80.24104015649374, 13.047326419589126], [80.24090918097596, 13.047346164190287], [80.24089013782502, 13.047226225581738]]]}, "properties": {"source": "microsoft", "height": -1.0, "confidence": -1.0}}, {"type": "Feature", "geometry": {"type": "Polygon", "coordinates": [[[80.24124242298187, 13.044754508765322], [80.24115295771854, 13.044758546952679], [80.24114705038437, 13.04463452601017], [80.24100634913916, 13.044640886428922], [80.24100418664125, 13.04459541748632], [80.24123436249607, 13.04458502804782], [80.24124242298187, 13.044754508765322]]]}, "properties": {"source": "microsoft", "height": -1.0, "confidence": -1.0}}, {"type": "Feature", "geometry": {"type": "Polygon", "coordinates": [[[80.23828748720476, 13.038052303691245], [80.23826581166179, 13.037788795928805], [80.23841239100774, 13.037777342285082], [80.23843919312199, 13.038103173320266], [80.238377895963, 13.03810795886676], [80.23837277020857, 13.038045645538062], [80.23828748720476, 13.038052303691245]]]}, "properties": {"source": "microsoft", "height": -1.0, "confidence": -1.0}}, {"type": "Feature", "geometry": {"type": "Polygon", "coordinates": [[[80.2383632061059, 13.04543118945736], [80.23839444554606, 13.04560888840058], [80.23841529202261, 13.045605411745157], [80.23844028357476, 13.045747570809795], [80.23832406358513, 13.045766953299292], [80.23827008542078, 13.045459784523558], [80.23819712190355, 13.045471952966153], [80.2381948914009, 13.045459260033951], [80.2383632061059, 13.04543118945736]]]}, "properties": {"source": "microsoft", "height": -1.0, "confidence": -1.0}}, {"type": "Feature", "geometry": {"type": "Polygon", "coordinates": [[[80.23980736572959, 13.03818196790705], [80.24008178435474, 13.038167672631602], [80.24008692609193, 13.038261474985262], [80.23981251418641, 13.038275769905269], [80.23980736572959, 13.03818196790705]]]}, "properties": {"source": "microsoft", "height": -1.0, "confidence": -1.0}}, {"type": "Feature", "geometry": {"type": "Polygon", "coordinates": [[[80.2420521635639, 13.046773637151603], [80.24194287592724, 13.046798681515867], [80.24186933912151, 13.046494137659678], [80.24197862675817, 13.046469093264562], [80.2420521635639, 13.046773637151603]]]}, "properties": {"source": "microsoft", "height": -1.0, "confidence": -1.0}}, {"type": "Feature", "geometry": {"type": "Polygon", "coordinates": [[[80.23299930506174, 13.045170083813375], [80.23306352305798, 13.0451670100731], [80.23306786141329, 13.045253031001124], [80.23300364341705, 13.045256104740346], [80.23299930506174, 13.045170083813375]]]}, "properties": {"source": "microsoft", "height": -1.0, "confidence": -1.0}}, {"type": "Feature", "geometry": {"type": "Polygon", "coordinates": [[[80.23318269328298, 13.043181278128372], [80.23324615657145, 13.043169850192882], [80.23327011786675, 13.043296185852896], [80.23320666335471, 13.04330761220217], [80.23318269328298, 13.043181278128372]]]}, "properties": {"source": "microsoft", "height": -1.0, "confidence": -1.0}}, {"type": "Feature", "geometry": {"type": "Polygon", "coordinates": [[[80.23575953951861, 13.039145342884382], [80.23568831950581, 13.039147440711403], [80.23568405953539, 13.039010178902203], [80.23575528955048, 13.039008085636155], [80.23575953951861, 13.039145342884382]]]}, "properties": {"source": "microsoft", "height": -1.0, "confidence": -1.0}}, {"type": "Feature", "geometry": {"type": "Polygon", "coordinates": [[[80.2369824165913, 13.045303598710916], [80.23715671974541, 13.04527369748611], [80.23717596035951, 13.04538014222561], [80.2370016572054, 13.045410043437542], [80.2369824165913, 13.045303598710916]]]}, "properties": {"source": "microsoft", "height": -1.0, "confidence": -1.0}}, {"type": "Feature", "geometry": {"type": "Polygon", "coordinates": [[[80.23985275037239, 13.038348389370682], [80.24010344830062, 13.03832994526988], [80.24012338751709, 13.038587171122302], [80.23988869158433, 13.038604437922132], [80.23987298189861, 13.038401775165823], [80.23985697990317, 13.038402952448564], [80.23985275037239, 13.038348389370682]]]}, "properties": {"source": "microsoft", "height": -1.0, "confidence": -1.0}}, {"type": "Feature", "geometry": {"type": "Polygon", "coordinates": [[[80.24042989283893, 13.039651922339743], [80.24051559630318, 13.039648708353127], [80.24051776524476, 13.039703500975392], [80.24043206178048, 13.039706714961284], [80.24042989283893, 13.039651922339743]]]}, "properties": {"source": "microsoft", "height": -1.0, "confidence": -1.0}}, {"type": "Feature", "geometry": {"type": "Polygon", "coordinates": [[[80.2404715602621, 13.046621242441574], [80.24058907990643, 13.046599624059525], [80.24063358284607, 13.046829217897894], [80.24051607912848, 13.046850833330069], [80.2404715602621, 13.046621242441574]]]}, "properties": {"source": "microsoft", "height": -1.0, "confidence": -1.0}}, {"type": "Feature", "geometry": {"type": "Polygon", "coordinates": [[[80.23376595785754, 13.044931150087848], [80.2337706502989, 13.045103486123324], [80.23363239209438, 13.04510705888083], [80.23362771202548, 13.044934722528126], [80.23376595785754, 13.044931150087848]]]}, "properties": {"source": "microsoft", "height": -1.0, "confidence": -1.0}}, {"type": "Feature", "geometry": {"type": "Polygon", "coordinates": [[[80.23389205442678, 13.042401037793041], [80.23371101243937, 13.042416257999307], [80.23368077008554, 13.042074849887072], [80.23379525320509, 13.042065233079839], [80.23380145658525, 13.04213526352703], [80.2338680165385, 13.042129672361455], [80.23389205442678, 13.042401037793041]]]}, "properties": {"source": "microsoft", "height": -1.0, "confidence": -1.0}}, {"type": "Feature", "geometry": {"type": "Polygon", "coordinates": [[[80.23783139621234, 13.041756467705014], [80.23771049680123, 13.041767818791001], [80.23768169781683, 13.04147649151028], [80.23780257729894, 13.041465150524004], [80.23783139621234, 13.041756467705014]]]}, "properties": {"source": "microsoft", "height": -1.0, "confidence": -1.0}}, {"type": "Feature", "geometry": {"type": "Polygon", "coordinates": [[[80.23856694419851, 13.045367233373995], [80.23867246376075, 13.045346117256827], [80.23869968177966, 13.045475242801572], [80.2387305659799, 13.045469064498036], [80.23875170592099, 13.045569354868746], [80.23861530070334, 13.045596642363861], [80.23856694419851, 13.045367233373995]]]}, "properties": {"source": "microsoft", "height": -1.0, "confidence": -1.0}}, {"type": "Feature", "geometry": {"type": "Polygon", "coordinates": [[[80.23920652793508, 13.042046825333927], [80.23925425576688, 13.042236637989802], [80.23917075349003, 13.042256565121875], [80.23912302565822, 13.042066752481261], [80.23920652793508, 13.042046825333927]]]}, "properties": {"source": "microsoft", "height": -1.0, "confidence": -1.0}}, {"type": "Feature", "geometry": {"type": "Polygon", "coordinates": [[[80.24167166686422, 13.047337843896685], [80.24176492100344, 13.047330417460316], [80.24178483249656, 13.047567704036368], [80.24169157888733, 13.047575136781603], [80.24167166686422, 13.047337843896685]]]}, "properties": {"source": "microsoft", "height": -1.0, "confidence": -1.0}}, {"type": "Feature", "geometry": {"type": "Polygon", "coordinates": [[[80.2418395562923, 13.046366293472147], [80.24192350730105, 13.046171830028783], [80.24201239435048, 13.046208241642503], [80.2419284411186, 13.046402710206891], [80.2418395562923, 13.046366293472147]]]}, "properties": {"source": "microsoft", "height": -1.0, "confidence": -1.0}}, {"type": "Feature", "geometry": {"type": "Polygon", "coordinates": [[[80.2421024950462, 13.042435475614909], [80.24198599222157, 13.042440217913438], [80.24197806228881, 13.042255016461937], [80.24205706634903, 13.042251800564657], [80.24205941575059, 13.042306578313983], [80.24209690123294, 13.042305052450203], [80.2421024950462, 13.042435475614909]]]}, "properties": {"source": "microsoft", "height": -1.0, "confidence": -1.0}}, {"type": "Feature", "geometry": {"type": "Polygon", "coordinates": [[[80.24214933479763, 13.041306679610514], [80.24205848551293, 13.041322834692735], [80.2419747876447, 13.040876291315982], [80.24206563580577, 13.04086013021002], [80.24214933479763, 13.041306679610514]]]}, "properties": {"source": "microsoft", "height": -1.0, "confidence": -1.0}}, {"type": "Feature", "geometry": {"type": "Polygon", "coordinates": [[[80.24215617633632, 13.043167156185433], [80.24221763555228, 13.04358982075152], [80.24206249832814, 13.043611230057309], [80.24201072359472, 13.043255167259161], [80.24192658137144, 13.043266779101955], [80.24191875928938, 13.043212985399762], [80.24203708429086, 13.043196656242117], [80.24203522189039, 13.043183848215207], [80.24215617633632, 13.043167156185433]]]}, "properties": {"source": "microsoft", "height": -1.0, "confidence": -1.0}}, {"type": "Feature", "geometry": {"type": "Polygon", "coordinates": [[[80.23528188761031, 13.038945781327513], [80.23523220830911, 13.038940446255651], [80.23517313276334, 13.038874370821617], [80.23511742382532, 13.038847675140033], [80.23515567123651, 13.03877193329923], [80.23546197602732, 13.03891871433602], [80.23545455106265, 13.038984335048355], [80.23547801747374, 13.038937857628483], [80.23549963314171, 13.038919517054424], [80.2355550886658, 13.038925472436688], [80.23554774561896, 13.038990369169824], [80.23557709001132, 13.0390231905794], [80.23555176822765, 13.039073342720343], [80.23554866939821, 13.039100729689892], [80.23552397906568, 13.039149631168058], [80.23545054993309, 13.039114444020996], [80.2354713019572, 13.039073342720343], [80.23548059844542, 13.038991181793492], [80.23528865855128, 13.039371336349973], [80.23518838945697, 13.039323287569147], [80.23521347832407, 13.039273603860707], [80.2352483285353, 13.039244031635931], [80.23536136093792, 13.039020160555808], [80.2353057925515, 13.03895800287195], [80.23532851055118, 13.038913014147582], [80.23533100642672, 13.038890955973514], [80.23528860629384, 13.038886402612249], [80.23528188761031, 13.038945781327513]]]}, "properties": {"source": "microsoft", "height": -1.0, "confidence": -1.0}}, {"type": "Feature", "geometry": {"type": "Polygon", "coordinates": [[[80.23831369127035, 13.045127067462275], [80.2383163071884, 13.045152946389763], [80.23826052176024, 13.045158298045848], [80.23824718057828, 13.045026315490134], [80.23835343853668, 13.04501612185392], [80.2383641638006, 13.045122225487091], [80.23831369127035, 13.045127067462275]]]}, "properties": {"source": "microsoft", "height": -1.0, "confidence": -1.0}}, {"type": "Feature", "geometry": {"type": "Polygon", "coordinates": [[[80.23943353344154, 13.039334615665453], [80.23943708208265, 13.039453355128117], [80.23928700559813, 13.039457611987615], [80.23928345665144, 13.039338862302813], [80.23943353344154, 13.039334615665453]]]}, "properties": {"source": "microsoft", "height": -1.0, "confidence": -1.0}}, {"type": "Feature", "geometry": {"type": "Polygon", "coordinates": [[[80.24045100921902, 13.046806428485027], [80.24039421716033, 13.046814536876582], [80.24037019384502, 13.046654773528985], [80.24042697523734, 13.046646670526556], [80.24045100921902, 13.046806428485027]]]}, "properties": {"source": "microsoft", "height": -1.0, "confidence": -1.0}}, {"type": "Feature", "geometry": {"type": "Polygon", "coordinates": [[[80.24114571484108, 13.047297636898392], [80.24121701444507, 13.047281599311788], [80.24124726312043, 13.047409185830446], [80.24117596461066, 13.047425228023897], [80.24114571484108, 13.047297636898392]]]}, "properties": {"source": "microsoft", "height": -1.0, "confidence": -1.0}}, {"type": "Feature", "geometry": {"type": "Polygon", "coordinates": [[[80.24221904898809, 13.038483394451475], [80.24231552672816, 13.038480657888172], [80.24232418775706, 13.03877046152806], [80.24222771001702, 13.038773198088151], [80.24221904898809, 13.038483394451475]]]}, "properties": {"source": "microsoft", "height": -1.0, "confidence": -1.0}}, {"type": "Feature", "geometry": {"type": "Polygon", "coordinates": [[[80.24249250377743, 13.041112780503369], [80.24262921510429, 13.041109527306432], [80.24263153966247, 13.041202506208478], [80.24249482810272, 13.041205750088224], [80.24249250377743, 13.041112780503369]]]}, "properties": {"source": "microsoft", "height": -1.0, "confidence": -1.0}}, {"type": "Feature", "geometry": {"type": "Polygon", "coordinates": [[[80.23422260491316, 13.038207317847338], [80.23412081373043, 13.03821089918597], [80.23411675066222, 13.038101293542908], [80.23421854184495, 13.038097712202685], [80.23422260491316, 13.038207317847338]]]}, "properties": {"source": "microsoft", "height": -1.0, "confidence": -1.0}}, {"type": "Feature", "geometry": {"type": "Polygon", "coordinates": [[[80.2351546036571, 13.040220225443505], [80.23524418296934, 13.040216713418772], [80.23525385443209, 13.04045043260227], [80.23516425860825, 13.04045395138003], [80.2351546036571, 13.040220225443505]]]}, "properties": {"source": "microsoft", "height": -1.0, "confidence": -1.0}}, {"type": "Feature", "geometry": {"type": "Polygon", "coordinates": [[[80.2361006093247, 13.047327307068485], [80.23591161944711, 13.047362265973533], [80.23589933448174, 13.047299214296444], [80.23608832435937, 13.047264255382487], [80.2361006093247, 13.047327307068485]]]}, "properties": {"source": "microsoft", "height": -1.0, "confidence": -1.0}}, {"type": "Feature", "geometry": {"type": "Polygon", "coordinates": [[[80.23656580570407, 13.043621070265061], [80.23660106168617, 13.043436719970956], [80.23673585758873, 13.043461185863748], [80.23670060160659, 13.043645536139607], [80.23656580570407, 13.043621070265061]]]}, "properties": {"source": "microsoft", "height": -1.0, "confidence": -1.0}}, {"type": "Feature", "geometry": {"type": "Polygon", "coordinates": [[[80.23699708731378, 13.038585353024686], [80.23687055020922, 13.038596922975827], [80.23685943401259, 13.038481536403523], [80.23698598015767, 13.038469974248798], [80.23699708731378, 13.038585353024686]]]}, "properties": {"source": "microsoft", "height": -1.0, "confidence": -1.0}}, {"type": "Feature", "geometry": {"type": "Polygon", "coordinates": [[[80.23898957465553, 13.038231707519628], [80.23907794666216, 13.038228272928379], [80.23908308362806, 13.038353500176626], [80.23904451644458, 13.038354999095247], [80.23904563708103, 13.038382365517265], [80.23899583435986, 13.03838430450206], [80.23898957465553, 13.038231707519628]]]}, "properties": {"source": "microsoft", "height": -1.0, "confidence": -1.0}}, {"type": "Feature", "geometry": {"type": "Polygon", "coordinates": [[[80.23919063532288, 13.041040334663464], [80.23923188871738, 13.041383156135964], [80.23914192992929, 13.041393430107362], [80.23910067653479, 13.041050608649087], [80.23919063532288, 13.041040334663464]]]}, "properties": {"source": "microsoft", "height": -1.0, "confidence": -1.0}}, {"type": "Feature", "geometry": {"type": "Polygon", "coordinates": [[[80.23972896153361, 13.039667499661391], [80.23977235273485, 13.03975396878063], [80.23966194664642, 13.039806551398215], [80.23961855544519, 13.039720082297336], [80.23972896153361, 13.039667499661391]]]}, "properties": {"source": "microsoft", "height": -1.0, "confidence": -1.0}}, {"type": "Feature", "geometry": {"type": "Polygon", "coordinates": [[[80.24031902978372, 13.039214957774192], [80.24046835564563, 13.039203798669433], [80.24047591685745, 13.039299916478711], [80.24026259419759, 13.039315858050585], [80.24025330451369, 13.039197767978536], [80.24031730165288, 13.039192989842888], [80.24031902978372, 13.039214957774192]]]}, "properties": {"source": "microsoft", "height": -1.0, "confidence": -1.0}}, {"type": "Feature", "geometry": {"type": "Polygon", "coordinates": [[[80.24180188638826, 13.038040740357843], [80.24183402228908, 13.038039497963808], [80.24183242820179, 13.038000363643945], [80.24192347992074, 13.037996843526898], [80.24193017508753, 13.038161207631092], [80.24180698746771, 13.038165970139204], [80.24180188638826, 13.038040740357843]]]}, "properties": {"source": "microsoft", "height": -1.0, "confidence": -1.0}}, {"type": "Feature", "geometry": {"type": "Polygon", "coordinates": [[[80.23466973456685, 13.044289705914665], [80.23469745030192, 13.044286969576206], [80.23469395488964, 13.044253345710203], [80.23473377928835, 13.044249413898555], [80.23473808133421, 13.044290797118236], [80.23481390858106, 13.044283310792778], [80.23482128091756, 13.044354179460768], [80.23478261779861, 13.044357993983013], [80.23478842578862, 13.04441386349707], [80.23468372578036, 13.044424200387212], [80.23466973456685, 13.044289705914665]]]}, "properties": {"source": "microsoft", "height": -1.0, "confidence": -1.0}}, {"type": "Feature", "geometry": {"type": "Polygon", "coordinates": [[[80.23560982410167, 13.038626116450772], [80.23562493145552, 13.038605034869065], [80.23569239208081, 13.03865091747295], [80.2356173903007, 13.03875558928641], [80.23558853575719, 13.038735966162065], [80.23560993710224, 13.038706098638471], [80.23530155416829, 13.038496376374624], [80.23534005934546, 13.038442638843023], [80.23560982410167, 13.038626116450772]]]}, "properties": {"source": "microsoft", "height": -1.0, "confidence": -1.0}}, {"type": "Feature", "geometry": {"type": "Polygon", "coordinates": [[[80.23630583626019, 13.039037029927272], [80.23627478518263, 13.039037535936728], [80.23627164542866, 13.038854673361683], [80.23630270963962, 13.038854167137828], [80.23630583626019, 13.039037029927272]]]}, "properties": {"source": "microsoft", "height": -1.0, "confidence": -1.0}}, {"type": "Feature", "geometry": {"type": "Polygon", "coordinates": [[[80.24035938503398, 13.043275382685252], [80.2404780188177, 13.043265805525692], [80.2404812302563, 13.043303559912559], [80.24036259309592, 13.043313129254216], [80.24035938503398, 13.043275382685252]]]}, "properties": {"source": "microsoft", "height": -1.0, "confidence": -1.0}}, {"type": "Feature", "geometry": {"type": "Polygon", "coordinates": [[[80.24271885346542, 13.046181688757486], [80.24268186760824, 13.046258953296444], [80.24263254655672, 13.04623654682075], [80.24266952785437, 13.046159280203455], [80.24271885346542, 13.046181688757486]]]}, "properties": {"source": "microsoft", "height": -1.0, "confidence": -1.0}}, {"type": "Feature", "geometry": {"type": "Polygon", "coordinates": [[[80.2354601268679, 13.040826050732917], [80.23530618144046, 13.040847159349795], [80.23526931580699, 13.040591986988929], [80.23529561713087, 13.04058838240607], [80.23528917134136, 13.040543766643609], [80.23530111099292, 13.040542129506136], [80.23528239348269, 13.040412508183522], [80.23539812042505, 13.040396647853953], [80.2354601268679, 13.040826050732917]]]}, "properties": {"source": "microsoft", "height": -1.0, "confidence": -1.0}}, {"type": "Feature", "geometry": {"type": "Polygon", "coordinates": [[[80.23643849782611, 13.04746426985922], [80.23644979641618, 13.04769252311823], [80.23635176296435, 13.047697135149647], [80.23634044768323, 13.047468875994866], [80.23643849782611, 13.04746426985922]]]}, "properties": {"source": "microsoft", "height": -1.0, "confidence": -1.0}}, {"type": "Feature", "geometry": {"type": "Polygon", "coordinates": [[[80.23656109418337, 13.045030152367474], [80.23667246965718, 13.045009694482914], [80.23670665542188, 13.045186324300687], [80.23650462549261, 13.045223433923965], [80.23646653278338, 13.045026617862831], [80.23655718723884, 13.045009966096217], [80.23656109418337, 13.045030152367474]]]}, "properties": {"source": "microsoft", "height": -1.0, "confidence": -1.0}}, {"type": "Feature", "geometry": {"type": "Polygon", "coordinates": [[[80.24171961741735, 13.043202086752274], [80.24156566888148, 13.04321746440094], [80.24154823917507, 13.04305197283594], [80.24170218771096, 13.043036595177], [80.24171961741735, 13.043202086752274]]]}, "properties": {"source": "microsoft", "height": -1.0, "confidence": -1.0}}, {"type": "Feature", "geometry": {"type": "Polygon", "coordinates": [[[80.24215425653848, 13.045613752029894], [80.24223203724296, 13.045639716877787], [80.24214780408819, 13.045879190017985], [80.24207003711189, 13.045853235080301], [80.24215425653848, 13.045613752029894]]]}, "properties": {"source": "microsoft", "height": -1.0, "confidence": -1.0}}, {"type": "Feature", "geometry": {"type": "Polygon", "coordinates": [[[80.24235890187256, 13.040500022595666], [80.2424335319578, 13.040494241984206], [80.24242950556261, 13.040444906146575], [80.24254944677106, 13.040435615876035], [80.24257127407122, 13.040703067940683], [80.24247532110446, 13.040710500149075], [80.24247214237143, 13.04067155083844], [80.24237352404452, 13.040679189498064], [80.24235890187256, 13.040500022595666]]]}, "properties": {"source": "microsoft", "height": -1.0, "confidence": -1.0}}, {"type": "Feature", "geometry": {"type": "Polygon", "coordinates": [[[80.23325837753426, 13.043440225414713], [80.23327378116419, 13.043584998261963], [80.23314905737668, 13.043597592747304], [80.23315043270078, 13.043610518889594], [80.23302305521565, 13.043623381341376], [80.23300747568013, 13.043476955246774], [80.23313219857245, 13.043464352341687], [80.23313100004913, 13.043453087875363], [80.23325837753426, 13.043440225414713]]]}, "properties": {"source": "microsoft", "height": -1.0, "confidence": -1.0}}, {"type": "Feature", "geometry": {"type": "Polygon", "coordinates": [[[80.23386809851276, 13.044906076945892], [80.23386825117288, 13.044914894034406], [80.23393147293834, 13.044913855173462], [80.2339333350098, 13.045020957158798], [80.23379770650658, 13.045023185807295], [80.23379569955273, 13.04490727154301], [80.23386809851276, 13.044906076945892]]]}, "properties": {"source": "microsoft", "height": -1.0, "confidence": -1.0}}, {"type": "Feature", "geometry": {"type": "Polygon", "coordinates": [[[80.23447801470651, 13.04426957822524], [80.23456632698483, 13.044265477666016], [80.23457300983527, 13.044402071874686], [80.23448469726301, 13.044406166423911], [80.23447801470651, 13.04426957822524]]]}, "properties": {"source": "microsoft", "height": -1.0, "confidence": -1.0}}, {"type": "Feature", "geometry": {"type": "Polygon", "coordinates": [[[80.23501530051743, 13.040058469910193], [80.2350196582456, 13.040157583632663], [80.23490721177012, 13.040162275863523], [80.23490285404193, 13.040063162142943], [80.23501530051743, 13.040058469910193]]]}, "properties": {"source": "microsoft", "height": -1.0, "confidence": -1.0}}, {"type": "Feature", "geometry": {"type": "Polygon", "coordinates": [[[80.23623471049503, 13.040165295915088], [80.23623727666785, 13.040215962509862], [80.23613974249264, 13.040220644294934], [80.23613718028648, 13.040169984160727], [80.23623471049503, 13.040165295915088]]]}, "properties": {"source": "microsoft", "height": -1.0, "confidence": -1.0}}, {"type": "Feature", "geometry": {"type": "Polygon", "coordinates": [[[80.23709672780427, 13.039778468475376], [80.23723865342549, 13.039772884809878], [80.23724671386265, 13.039967334957282], [80.23710478864191, 13.039972928279667], [80.23709672780427, 13.039778468475376]]]}, "properties": {"source": "microsoft", "height": -1.0, "confidence": -1.0}}, {"type": "Feature", "geometry": {"type": "Polygon", "coordinates": [[[80.23876480602323, 13.046032356025222], [80.23887191544256, 13.046028091091316], [80.2388790849687, 13.046198971444895], [80.23884962979423, 13.046200142295959], [80.23885170931815, 13.046249706188576], [80.23877405476736, 13.046252792977072], [80.23876480602323, 13.046032356025222]]]}, "properties": {"source": "microsoft", "height": -1.0, "confidence": -1.0}}, {"type": "Feature", "geometry": {"type": "Polygon", "coordinates": [[[80.23954633767686, 13.045876111432847], [80.23923478197271, 13.045684184423479], [80.23932022180988, 13.04555255661387], [80.23962679922968, 13.045741396059668], [80.23960677668785, 13.04577224258206], [80.23961175949158, 13.045775312128313], [80.23954633767686, 13.045876111432847]]]}, "properties": {"source": "microsoft", "height": -1.0, "confidence": -1.0}}, {"type": "Feature", "geometry": {"type": "Polygon", "coordinates": [[[80.24148044115528, 13.04552491118801], [80.24156748313285, 13.045355769947776], [80.24175182274635, 13.04544579979688], [80.24166478076873, 13.045614940975526], [80.24148044115528, 13.04552491118801]]]}, "properties": {"source": "microsoft", "height": -1.0, "confidence": -1.0}}, {"type": "Feature", "geometry": {"type": "Polygon", "coordinates": [[[80.2416314504091, 13.038237206131015], [80.24165965091842, 13.038419698513238], [80.24151646012001, 13.038440709309668], [80.241488245315, 13.038258209276236], [80.2416314504091, 13.038237206131015]]]}, "properties": {"source": "microsoft", "height": -1.0, "confidence": -1.0}}, {"type": "Feature", "geometry": {"type": "Polygon", "coordinates": [[[80.23522982751884, 13.047557710753779], [80.23518998078444, 13.047561533328093], [80.23518359542928, 13.047498364473284], [80.2353306545436, 13.04748424677723], [80.23534516045204, 13.047627648468435], [80.23523793686475, 13.047637934631581], [80.23522982751884, 13.047557710753779]]]}, "properties": {"source": "microsoft", "height": -1.0, "confidence": -1.0}}, {"type": "Feature", "geometry": {"type": "Polygon", "coordinates": [[[80.23578005842187, 13.03934845857573], [80.2357667332153, 13.039289724750859], [80.2359687613944, 13.03924623667443], [80.23599476199463, 13.03936084013607], [80.23592717425306, 13.039375388896985], [80.23591450070401, 13.03931950970997], [80.23578005842187, 13.03934845857573]]]}, "properties": {"source": "microsoft", "height": -1.0, "confidence": -1.0}}, {"type": "Feature", "geometry": {"type": "Polygon", "coordinates": [[[80.23651286653471, 13.048164478321766], [80.23637533345305, 13.04821299617764], [80.23631264940667, 13.048044363557011], [80.23645018248831, 13.047995845668027], [80.23651286653471, 13.048164478321766]]]}, "properties": {"source": "microsoft", "height": -1.0, "confidence": -1.0}}, {"type": "Feature", "geometry": {"type": "Polygon", "coordinates": [[[80.23844025414829, 13.042550477238507], [80.2384442138991, 13.042385947662112], [80.23855680478351, 13.042388519397193], [80.23855284503271, 13.042553048971868], [80.23844025414829, 13.042550477238507]]]}, "properties": {"source": "microsoft", "height": -1.0, "confidence": -1.0}}, {"type": "Feature", "geometry": {"type": "Polygon", "coordinates": [[[80.24069701101703, 13.045804203418484], [80.2408918282778, 13.045767170117529], [80.24095081726972, 13.04606167539717], [80.24075602039086, 13.046098704779581], [80.24069701101703, 13.045804203418484]]]}, "properties": {"source": "microsoft", "height": -1.0, "confidence": -1.0}}, {"type": "Feature", "geometry": {"type": "Polygon", "coordinates": [[[80.24263716173104, 13.038320322035446], [80.24252734226967, 13.038324290664477], [80.24252078468636, 13.03815206562058], [80.24263060414772, 13.038148096988778], [80.24263716173104, 13.038320322035446]]]}, "properties": {"source": "microsoft", "height": -1.0, "confidence": -1.0}}, {"type": "Feature", "geometry": {"type": "Polygon", "coordinates": [[[80.2341260017785, 13.038766298865184], [80.23399847746803, 13.038770020393244], [80.23399312949145, 13.03859609087182], [80.2341206665526, 13.038592377665097], [80.2341260017785, 13.038766298865184]]]}, "properties": {"source": "microsoft", "height": -1.0, "confidence": -1.0}}, {"type": "Feature", "geometry": {"type": "Polygon", "coordinates": [[[80.23700833779512, 13.040051091193618], [80.23707805580376, 13.040049959824756], [80.23707879772549, 13.04009316992827], [80.23712170106522, 13.040092470776884], [80.23712261877992, 13.040145919193534], [80.23700999738128, 13.040147746788676], [80.23700833779512, 13.040051091193618]]]}, "properties": {"source": "microsoft", "height": -1.0, "confidence": -1.0}}, {"type": "Feature", "geometry": {"type": "Polygon", "coordinates": [[[80.24044479369137, 13.045392689199147], [80.24058866210439, 13.045457195199376], [80.24049901729845, 13.045646943914079], [80.24030866832119, 13.045561597575727], [80.24036265894297, 13.045447317077787], [80.24034716542158, 13.045440370278286], [80.24037059531405, 13.045390776836868], [80.24043256939967, 13.04541856403921], [80.24044479369137, 13.045392689199147]]]}, "properties": {"source": "microsoft", "height": -1.0, "confidence": -1.0}}, {"type": "Feature", "geometry": {"type": "Polygon", "coordinates": [[[80.24194062543287, 13.04038708593552], [80.24213786438074, 13.040359973724833], [80.24219797698103, 13.040775022613488], [80.24200073803317, 13.040802134778716], [80.24194062543287, 13.04038708593552]]]}, "properties": {"source": "microsoft", "height": -1.0, "confidence": -1.0}}, {"type": "Feature", "geometry": {"type": "Polygon", "coordinates": [[[80.2419570621711, 13.046969204104968], [80.2419905270309, 13.047191756674607], [80.24188024080854, 13.047207495061926], [80.24184677594873, 13.046984942506427], [80.2419570621711, 13.046969204104968]]]}, "properties": {"source": "microsoft", "height": -1.0, "confidence": -1.0}}, {"type": "Feature", "geometry": {"type": "Polygon", "coordinates": [[[80.23387975256509, 13.043583658370466], [80.23388078091769, 13.04363589924209], [80.23378693811331, 13.04363765242627], [80.23378590976071, 13.043585411555], [80.23387975256509, 13.043583658370466]]]}, "properties": {"source": "microsoft", "height": -1.0, "confidence": -1.0}}, {"type": "Feature", "geometry": {"type": "Polygon", "coordinates": [[[80.23463051129471, 13.044973010235225], [80.23457706572626, 13.044976184210242], [80.23457250444922, 13.044903291367731], [80.23462595001767, 13.04490011739179], [80.23463051129471, 13.044973010235225]]]}, "properties": {"source": "microsoft", "height": -1.0, "confidence": -1.0}}, {"type": "Feature", "geometry": {"type": "Polygon", "coordinates": [[[80.23517848836727, 13.04046607935608], [80.23525319049955, 13.040455332114107], [80.23526342886258, 13.040522873889927], [80.23518872122614, 13.040533616826977], [80.23517848836727, 13.04046607935608]]]}, "properties": {"source": "microsoft", "height": -1.0, "confidence": -1.0}}, {"type": "Feature", "geometry": {"type": "Polygon", "coordinates": [[[80.23531737188598, 13.043046515613057], [80.23526009120614, 13.043020492752632], [80.23533654262275, 13.042860781386096], [80.23545887096549, 13.042916347372781], [80.23536188052928, 13.04311899627288], [80.23529682418757, 13.043089440904083], [80.23531737188598, 13.043046515613057]]]}, "properties": {"source": "microsoft", "height": -1.0, "confidence": -1.0}}, {"type": "Feature", "geometry": {"type": "Polygon", "coordinates": [[[80.23649607098183, 13.038325838415545], [80.23659455050716, 13.038334278883738], [80.23658471589249, 13.038443184471888], [80.23661133198043, 13.038445465678464], [80.23662186906759, 13.038328781118963], [80.23670704054896, 13.038336080983285], [80.23669416188687, 13.038478695433199], [80.2366340228026, 13.038473541044738], [80.23662466389703, 13.038577261228937], [80.23649848297164, 13.038566446543953], [80.23650480522396, 13.038496435849083], [80.23648085074481, 13.038494382763588], [80.23649607098183, 13.038325838415545]]]}, "properties": {"source": "microsoft", "height": -1.0, "confidence": -1.0}}, {"type": "Feature", "geometry": {"type": "Polygon", "coordinates": [[[80.23776193206547, 13.041928785273129], [80.23788250321674, 13.041924954306907], [80.23789220314107, 13.042214691375662], [80.23777163198986, 13.042218522337393], [80.23776193206547, 13.041928785273129]]]}, "properties": {"source": "microsoft", "height": -1.0, "confidence": -1.0}}, {"type": "Feature", "geometry": {"type": "Polygon", "coordinates": [[[80.23803178746789, 13.038361525702186], [80.23812676839006, 13.03834959650338], [80.2381403738133, 13.038452410088325], [80.23804539289112, 13.038464339282172], [80.23803178746789, 13.038361525702186]]]}, "properties": {"source": "microsoft", "height": -1.0, "confidence": -1.0}}, {"type": "Feature", "geometry": {"type": "Polygon", "coordinates": [[[80.24041356979994, 13.039854238716615], [80.24054095211791, 13.039849592006576], [80.24054801447384, 13.040033683496219], [80.24042064502942, 13.040038321048627], [80.24041356979994, 13.039854238716615]]]}, "properties": {"source": "microsoft", "height": -1.0, "confidence": -1.0}}, {"type": "Feature", "geometry": {"type": "Polygon", "coordinates": [[[80.23293239387775, 13.045668005258847], [80.23310645458335, 13.045661169359533], [80.23311001706278, 13.045747257857414], [80.23303878637108, 13.045750055304836], [80.23304018733954, 13.045783969042418], [80.23293735975817, 13.04578800739587], [80.23293239387775, 13.045668005258847]]]}, "properties": {"source": "microsoft", "height": -1.0, "confidence": -1.0}}, {"type": "Feature", "geometry": {"type": "Polygon", "coordinates": [[[80.2349245642574, 13.041520754249845], [80.23480132464357, 13.041524829664226], [80.23479705038638, 13.041402158748014], [80.23481580424065, 13.04140153857594], [80.23481398540781, 13.041349338167464], [80.23478451506536, 13.041350312723779], [80.23478024080818, 13.041227641720994], [80.23491419691018, 13.041223211917412], [80.2349245642574, 13.041520754249845]]]}, "properties": {"source": "microsoft", "height": -1.0, "confidence": -1.0}}, {"type": "Feature", "geometry": {"type": "Polygon", "coordinates": [[[80.23529103711027, 13.045419866941955], [80.23523303517014, 13.045430627726034], [80.2352167687532, 13.045347417028964], [80.23527477646228, 13.045336655170956], [80.23529103711027, 13.045419866941955]]]}, "properties": {"source": "microsoft", "height": -1.0, "confidence": -1.0}}, {"type": "Feature", "geometry": {"type": "Polygon", "coordinates": [[[80.2356262672105, 13.038208006467045], [80.23556559008539, 13.038337885647081], [80.23552781718318, 13.03832113701192], [80.2355884943083, 13.038191257823073], [80.2356262672105, 13.038208006467045]]]}, "properties": {"source": "microsoft", "height": -1.0, "confidence": -1.0}}, {"type": "Feature", "geometry": {"type": "Polygon", "coordinates": [[[80.23726729347062, 13.04151837311072], [80.23727177413986, 13.041629349111403], [80.2371673295787, 13.041633351337907], [80.23716284862238, 13.041522368228584], [80.23726729347062, 13.04151837311072]]]}, "properties": {"source": "microsoft", "height": -1.0, "confidence": -1.0}}, {"type": "Feature", "geometry": {"type": "Polygon", "coordinates": [[[80.23729877091488, 13.04750177789515], [80.23720683338972, 13.04753269402039], [80.23715758671523, 13.047393681452576], [80.23724951730101, 13.047362773911473], [80.23729877091488, 13.04750177789515]]]}, "properties": {"source": "microsoft", "height": -1.0, "confidence": -1.0}}, {"type": "Feature", "geometry": {"type": "Polygon", "coordinates": [[[80.2387250547514, 13.038669843302046], [80.23880966644637, 13.038672929820578], [80.2388059059094, 13.038770771430634], [80.23872130101263, 13.038767690930044], [80.2387250547514, 13.038669843302046]]]}, "properties": {"source": "microsoft", "height": -1.0, "confidence": -1.0}}, {"type": "Feature", "geometry": {"type": "Polygon", "coordinates": [[[80.23897754775741, 13.04512020243213], [80.23904215217922, 13.045167317192693], [80.23900226423436, 13.045219230299224], [80.23893765742238, 13.045172113805464], [80.23897754775741, 13.04512020243213]]]}, "properties": {"source": "microsoft", "height": -1.0, "confidence": -1.0}}, {"type": "Feature", "geometry": {"type": "Polygon", "coordinates": [[[80.24073504534113, 13.046178956689062], [80.24078118752728, 13.046403681053022], [80.24062644844872, 13.046433844798813], [80.24060712973541, 13.046339757711692], [80.24061129655294, 13.046338945745461], [80.24058446197228, 13.046208300109697], [80.24073504534113, 13.046178956689062]]]}, "properties": {"source": "microsoft", "height": -1.0, "confidence": -1.0}}, {"type": "Feature", "geometry": {"type": "Polygon", "coordinates": [[[80.24280715962192, 13.047274956626467], [80.24270086785589, 13.047472564436902], [80.24252620410823, 13.047383402407391], [80.24258618843801, 13.047271885074338], [80.2426619440283, 13.047310561835658], [80.24271487255614, 13.047212161972311], [80.24271984061441, 13.04721469839852], [80.24274079368537, 13.047175749562996], [80.2427618362994, 13.047186492803462], [80.24273426646917, 13.047237741267736], [80.24280715962192, 13.047274956626467]]]}, "properties": {"source": "microsoft", "height": -1.0, "confidence": -1.0}}, {"type": "Feature", "geometry": {"type": "Polygon", "coordinates": [[[80.24306026561844, 13.038099586494198], [80.24268337589861, 13.038137336912826], [80.24266983955425, 13.038009071888993], [80.24304672659042, 13.037971296021723], [80.24306026561844, 13.038099586494198]]]}, "properties": {"source": "microsoft", "height": -1.0, "confidence": -1.0}}, {"type": "Feature", "geometry": {"type": "Polygon", "coordinates": [[[80.23425849728847, 13.039938623225765], [80.23433184279793, 13.03996715387423], [80.23434075936433, 13.039968009283953], [80.23449234099319, 13.040026972967198], [80.23454636010085, 13.040032155282503], [80.23454190990992, 13.040076150063584], [80.23443884159475, 13.040066262221316], [80.2345134688793, 13.04009529145209], [80.23449407110907, 13.040142619786181], [80.23421877804469, 13.040035533675777], [80.23425849728847, 13.039938623225765]]]}, "properties": {"source": "microsoft", "height": -1.0, "confidence": -1.0}}, {"type": "Feature", "geometry": {"type": "Polygon", "coordinates": [[[80.23467987987952, 13.039816331825904], [80.23462528835071, 13.03994609446282], [80.23436909398986, 13.039843817215313], [80.23442367753674, 13.039714051338237], [80.23467987987952, 13.039816331825904]]]}, "properties": {"source": "microsoft", "height": -1.0, "confidence": -1.0}}, {"type": "Feature", "geometry": {"type": "Polygon", "coordinates": [[[80.23487551887737, 13.03984999251415], [80.23496124667207, 13.039847099107362], [80.23495920480195, 13.039789681049768], [80.23500742668644, 13.039788053508076], [80.23501238333981, 13.039927436205147], [80.23487843333623, 13.039931948029476], [80.23487551887737, 13.03984999251415]]]}, "properties": {"source": "microsoft", "height": -1.0, "confidence": -1.0}}, {"type": "Feature", "geometry": {"type": "Polygon", "coordinates": [[[80.23649460694254, 13.043695393380332], [80.23650402249784, 13.043791196253366], [80.236626283342, 13.043779792463056], [80.23664689577384, 13.043989522957148], [80.2364395839077, 13.044008859802233], [80.23640955592052, 13.043703326454605], [80.23649460694254, 13.043695393380332]]]}, "properties": {"source": "microsoft", "height": -1.0, "confidence": -1.0}}, {"type": "Feature", "geometry": {"type": "Polygon", "coordinates": [[[80.23703299917102, 13.038860279746828], [80.23706518007809, 13.038859865036855], [80.23706607841717, 13.038926378511604], [80.23688371977595, 13.038928716102248], [80.23688266119248, 13.038850338050821], [80.23692936394734, 13.038849739384588], [80.23692709362577, 13.038682532945415], [80.23703058058565, 13.038681206381511], [80.23703299917102, 13.038860279746828]]]}, "properties": {"source": "microsoft", "height": -1.0, "confidence": -1.0}}, {"type": "Feature", "geometry": {"type": "Polygon", "coordinates": [[[80.23872258770878, 13.041124878105023], [80.23873160341573, 13.041302129500451], [80.23861655053082, 13.04130767571948], [80.23860753482388, 13.041130424328045], [80.23872258770878, 13.041124878105023]]]}, "properties": {"source": "microsoft", "height": -1.0, "confidence": -1.0}}, {"type": "Feature", "geometry": {"type": "Polygon", "coordinates": [[[80.23920237063521, 13.04570162626706], [80.23951983037023, 13.045865523446963], [80.23948764706445, 13.045924684372551], [80.23954291964736, 13.045953220321465], [80.23946633767983, 13.0460939783745], [80.23937966177601, 13.046049229645476], [80.23940682913079, 13.045999289312306], [80.23935321001983, 13.045971603361863], [80.23935933481879, 13.045960345947108], [80.23912689855123, 13.045840344490031], [80.23920237063521, 13.04570162626706]]]}, "properties": {"source": "microsoft", "height": -1.0, "confidence": -1.0}}, {"type": "Feature", "geometry": {"type": "Polygon", "coordinates": [[[80.23954863902193, 13.04060451502258], [80.23955383118728, 13.040734970656217], [80.23943991649375, 13.040739273648782], [80.23943471497034, 13.040608818370913], [80.23954863902193, 13.04060451502258]]]}, "properties": {"source": "microsoft", "height": -1.0, "confidence": -1.0}}, {"type": "Feature", "geometry": {"type": "Polygon", "coordinates": [[[80.24030925222904, 13.046246122693589], [80.24045132693463, 13.04620982559564], [80.24049082525757, 13.046356513162877], [80.24034874069162, 13.046392812758441], [80.24030925222904, 13.046246122693589]]]}, "properties": {"source": "microsoft", "height": -1.0, "confidence": -1.0}}, {"type": "Feature", "geometry": {"type": "Polygon", "coordinates": [[[80.24265562436022, 13.046093469902729], [80.24271635301508, 13.045989765445057], [80.24279932174545, 13.04603587566153], [80.24273859059134, 13.046139584367708], [80.24265562436022, 13.046093469902729]]]}, "properties": {"source": "microsoft", "height": -1.0, "confidence": -1.0}}, {"type": "Feature", "geometry": {"type": "Polygon", "coordinates": [[[80.23445048951538, 13.038110095468241], [80.23447645872508, 13.038197897865075], [80.2343541167654, 13.038232232806735], [80.23432815565766, 13.03814443648956], [80.23445048951538, 13.038110095468241]]]}, "properties": {"source": "microsoft", "height": -1.0, "confidence": -1.0}}, {"type": "Feature", "geometry": {"type": "Polygon", "coordinates": [[[80.23482786644249, 13.043308446879422], [80.2347743542138, 13.04331103740543], [80.2347753365692, 13.043330323390506], [80.23469774356882, 13.043334074375366], [80.2346871219838, 13.043125547187117], [80.23481822739828, 13.04311920931076], [80.23482786644249, 13.043308446879422]]]}, "properties": {"source": "microsoft", "height": -1.0, "confidence": -1.0}}, {"type": "Feature", "geometry": {"type": "Polygon", "coordinates": [[[80.2376654931001, 13.039395498813022], [80.23775124933474, 13.039393037135042], [80.23775448683816, 13.039500079175014], [80.23766873060352, 13.039502540851956], [80.2376654931001, 13.039395498813022]]]}, "properties": {"source": "microsoft", "height": -1.0, "confidence": -1.0}}, {"type": "Feature", "geometry": {"type": "Polygon", "coordinates": [[[80.24184386872527, 13.043655358792037], [80.2417319966563, 13.043669943089355], [80.24167413808301, 13.04324895293287], [80.24178603986482, 13.043234364737188], [80.24184386872527, 13.043655358792037]]]}, "properties": {"source": "microsoft", "height": -1.0, "confidence": -1.0}}, {"type": "Feature", "geometry": {"type": "Polygon", "coordinates": [[[80.23326314593389, 13.043100406310515], [80.23333134347742, 13.043090422927733], [80.23334080295666, 13.043151750386471], [80.23347858757033, 13.043131580213], [80.23349160027857, 13.043215904583576], [80.23343651821378, 13.04322396799806], [80.23343913491348, 13.043240924614551], [80.23335257827367, 13.043253601464386], [80.23335573283715, 13.043274043518252], [80.23329138238482, 13.043283468109138], [80.23326314593389, 13.043100406310515]]]}, "properties": {"source": "microsoft", "height": -1.0, "confidence": -1.0}}, {"type": "Feature", "geometry": {"type": "Polygon", "coordinates": [[[80.23501904737633, 13.047595068351], [80.23505520051302, 13.047854192839111], [80.23493571491572, 13.04787000567157], [80.23489958005817, 13.04761087878093], [80.23501904737633, 13.047595068351]]]}, "properties": {"source": "microsoft", "height": -1.0, "confidence": -1.0}}, {"type": "Feature", "geometry": {"type": "Polygon", "coordinates": [[[80.23549277638827, 13.047529068527012], [80.23552521548204, 13.047759908866098], [80.2354426294683, 13.047770922841423], [80.2354323320204, 13.047697607557026], [80.23542802823759, 13.047698181232079], [80.2354058918025, 13.047540655786563], [80.23549277638827, 13.047529068527012]]]}, "properties": {"source": "microsoft", "height": -1.0, "confidence": -1.0}}, {"type": "Feature", "geometry": {"type": "Polygon", "coordinates": [[[80.23997360799403, 13.046421982800155], [80.23977509677069, 13.046464685516042], [80.2397553370155, 13.046377482027253], [80.23995384226514, 13.046334780581361], [80.23997360799403, 13.046421982800155]]]}, "properties": {"source": "microsoft", "height": -1.0, "confidence": -1.0}}, {"type": "Feature", "geometry": {"type": "Polygon", "coordinates": [[[80.2403337853825, 13.04385505283605], [80.24019081135333, 13.043797352125665], [80.24023115110118, 13.043702471639918], [80.24037413448676, 13.043760166399409], [80.2403337853825, 13.04385505283605]]]}, "properties": {"source": "microsoft", "height": -1.0, "confidence": -1.0}}, {"type": "Feature", "geometry": {"type": "Polygon", "coordinates": [[[80.24211867890652, 13.045532492216907], [80.24207582397833, 13.045602860033739], [80.24189330666769, 13.045497368190624], [80.24194038780732, 13.045420060898167], [80.24205346918454, 13.045485420000631], [80.24204924510566, 13.045492355942798], [80.24211867890652, 13.045532492216907]]]}, "properties": {"source": "microsoft", "height": -1.0, "confidence": -1.0}}, {"type": "Feature", "geometry": {"type": "Polygon", "coordinates": [[[80.2329199782429, 13.038316725764659], [80.23302603879392, 13.03829983255902], [80.23304355022019, 13.038404178807355], [80.23293749697025, 13.038421070842972], [80.2329199782429, 13.038316725764659]]]}, "properties": {"source": "microsoft", "height": -1.0, "confidence": -1.0}}, {"type": "Feature", "geometry": {"type": "Polygon", "coordinates": [[[80.2337037631014, 13.044402411058442], [80.2338110424924, 13.044385858103993], [80.23382264638194, 13.044457231528384], [80.23371536699096, 13.044473784478043], [80.2337037631014, 13.044402411058442]]]}, "properties": {"source": "microsoft", "height": -1.0, "confidence": -1.0}}, {"type": "Feature", "geometry": {"type": "Polygon", "coordinates": [[[80.23698567655197, 13.04771903359601], [80.23709175410758, 13.047707989469401], [80.23711086109977, 13.047882270198556], [80.23700478276014, 13.047893307166404], [80.23698567655197, 13.04771903359601]]]}, "properties": {"source": "microsoft", "height": -1.0, "confidence": -1.0}}, {"type": "Feature", "geometry": {"type": "Polygon", "coordinates": [[[80.23726948389056, 13.04610621357567], [80.2373538493552, 13.046084700228619], [80.2374054635066, 13.046276741907818], [80.23732108657643, 13.046298263914906], [80.23726948389056, 13.04610621357567]]]}, "properties": {"source": "microsoft", "height": -1.0, "confidence": -1.0}}, {"type": "Feature", "geometry": {"type": "Polygon", "coordinates": [[[80.24010505054723, 13.042572843787795], [80.2401103910476, 13.04275822177513], [80.2399951468347, 13.042761372721671], [80.2399898063343, 13.042575994736708], [80.24010505054723, 13.042572843787795]]]}, "properties": {"source": "microsoft", "height": -1.0, "confidence": -1.0}}, {"type": "Feature", "geometry": {"type": "Polygon", "coordinates": [[[80.24063869647915, 13.04229704033051], [80.24063920143814, 13.042324604007916], [80.2407035539569, 13.042323485126602], [80.24070527671995, 13.042417523794896], [80.24053367000327, 13.042420507477331], [80.24053144241512, 13.04229891244357], [80.24063869647915, 13.04229704033051]]]}, "properties": {"source": "microsoft", "height": -1.0, "confidence": -1.0}}, {"type": "Feature", "geometry": {"type": "Polygon", "coordinates": [[[80.23311428465034, 13.045861259872837], [80.23309038252079, 13.04586358220078], [80.23309567997859, 13.045915327102193], [80.2329682019544, 13.045927712848254], [80.23295813678459, 13.045829397531278], [80.23310951693833, 13.045814689451873], [80.23311428465034, 13.045861259872837]]]}, "properties": {"source": "microsoft", "height": -1.0, "confidence": -1.0}}, {"type": "Feature", "geometry": {"type": "Polygon", "coordinates": [[[80.23351571205095, 13.039450629472313], [80.23354629276002, 13.039449105250142], [80.23354191297054, 13.039365705996204], [80.23358089385678, 13.03936376308664], [80.23358504459262, 13.039442909009125], [80.23359842072098, 13.03944224322008], [80.23360985164842, 13.039660207165781], [80.23352691994832, 13.039664340694117], [80.23351571205095, 13.039450629472313]]]}, "properties": {"source": "microsoft", "height": -1.0, "confidence": -1.0}}, {"type": "Feature", "geometry": {"type": "Polygon", "coordinates": [[[80.23736544654793, 13.044828866093198], [80.23751639340227, 13.044803136198936], [80.23754963542952, 13.044988218189104], [80.2373819809597, 13.045016795985873], [80.23735601478236, 13.044872281657064], [80.23737273247167, 13.044869432016483], [80.23736544654793, 13.044828866093198]]]}, "properties": {"source": "microsoft", "height": -1.0, "confidence": -1.0}}, {"type": "Feature", "geometry": {"type": "Polygon", "coordinates": [[[80.23890501448687, 13.038996531451133], [80.23891175282284, 13.039139948840031], [80.2388421611925, 13.039143052103498], [80.23883542285657, 13.03899963471639], [80.23890501448687, 13.038996531451133]]]}, "properties": {"source": "microsoft", "height": -1.0, "confidence": -1.0}}, {"type": "Feature", "geometry": {"type": "Polygon", "coordinates": [[[80.24009323569777, 13.04629353985193], [80.24012422811776, 13.046548648905016], [80.24002900319505, 13.046559634456415], [80.23999801077507, 13.04630452541467], [80.24009323569777, 13.04629353985193]]]}, "properties": {"source": "microsoft", "height": -1.0, "confidence": -1.0}}, {"type": "Feature", "geometry": {"type": "Polygon", "coordinates": [[[80.24260022512819, 13.039547871579984], [80.24249953678779, 13.039550494141736], [80.24249784116411, 13.039488869158305], [80.24259853374024, 13.039486239619976], [80.24260022512819, 13.039547871579984]]]}, "properties": {"source": "microsoft", "height": -1.0, "confidence": -1.0}}, {"type": "Feature", "geometry": {"type": "Polygon", "coordinates": [[[80.23646563971042, 13.041532363076882], [80.23645551653512, 13.041300222615462], [80.23656528898496, 13.041295679412386], [80.23657541216022, 13.04152781987807], [80.23646563971042, 13.041532363076882]]]}, "properties": {"source": "microsoft", "height": -1.0, "confidence": -1.0}}, {"type": "Feature", "geometry": {"type": "Polygon", "coordinates": [[[80.23930577579624, 13.043057394335719], [80.23943296061532, 13.043053197155146], [80.23943699272465, 13.043169396845741], [80.23930981594286, 13.043173585087814], [80.23930577579624, 13.043057394335719]]]}, "properties": {"source": "microsoft", "height": -1.0, "confidence": -1.0}}, {"type": "Feature", "geometry": {"type": "Polygon", "coordinates": [[[80.24044694405849, 13.040209333417337], [80.24044059032951, 13.040044944910278], [80.24055040520119, 13.040040916573787], [80.24054965381076, 13.040021476021266], [80.24063804162303, 13.040018239719458], [80.24064514650982, 13.040202062766], [80.24044694405849, 13.040209333417337]]]}, "properties": {"source": "microsoft", "height": -1.0, "confidence": -1.0}}, {"type": "Feature", "geometry": {"type": "Polygon", "coordinates": [[[80.24225243610891, 13.041569212866463], [80.24235645670774, 13.0415616097128], [80.2423575379633, 13.041575649356147], [80.24244288775253, 13.041569405084388], [80.24244801048542, 13.041635921582468], [80.24225863965168, 13.041649763216867], [80.24225243610891, 13.041569212866463]]]}, "properties": {"source": "microsoft", "height": -1.0, "confidence": -1.0}}, {"type": "Feature", "geometry": {"type": "Polygon", "coordinates": [[[80.23296066346377, 13.038558825567321], [80.23298668599814, 13.038554380869542], [80.23296599885059, 13.038439381835914], [80.23303991344575, 13.038426762117624], [80.23306226882079, 13.038550985155865], [80.23308983465904, 13.03854627873828], [80.23311446165287, 13.038683179156237], [80.23304159768954, 13.03869561948325], [80.23303202052527, 13.038642380443505], [80.23297737255277, 13.038651710690388], [80.23296066346377, 13.038558825567321]]]}, "properties": {"source": "microsoft", "height": -1.0, "confidence": -1.0}}, {"type": "Feature", "geometry": {"type": "Polygon", "coordinates": [[[80.23450420852657, 13.042423622352558], [80.2346052647164, 13.042414499533976], [80.23461512196837, 13.042518130323643], [80.23451406577855, 13.042527253138445], [80.23450420852657, 13.042423622352558]]]}, "properties": {"source": "microsoft", "height": -1.0, "confidence": -1.0}}, {"type": "Feature", "geometry": {"type": "Polygon", "coordinates": [[[80.23530799142098, 13.044890376939975], [80.23513139193135, 13.044898829735118], [80.23512153203289, 13.044703327302656], [80.23529813152253, 13.04469487450082], [80.23530799142098, 13.044890376939975]]]}, "properties": {"source": "microsoft", "height": -1.0, "confidence": -1.0}}, {"type": "Feature", "geometry": {"type": "Polygon", "coordinates": [[[80.23618078757725, 13.04757291036944], [80.23597012826973, 13.047606448325467], [80.2359308338997, 13.047372311564914], [80.23609448571204, 13.04734625739971], [80.2361000358623, 13.047379342327474], [80.23608958611143, 13.047381005978522], [80.23609983254269, 13.04744208583314], [80.23615730617234, 13.047432935754387], [80.23618078757725, 13.04757291036944]]]}, "properties": {"source": "microsoft", "height": -1.0, "confidence": -1.0}}, {"type": "Feature", "geometry": {"type": "Polygon", "coordinates": [[[80.23751588291425, 13.04250605618762], [80.23746849949819, 13.042590602930332], [80.23738484248183, 13.042546111655852], [80.23746327786722, 13.042406140564268], [80.23756039505516, 13.042457797006165], [80.23752934126509, 13.042513213738133], [80.23751588291425, 13.04250605618762]]]}, "properties": {"source": "microsoft", "height": -1.0, "confidence": -1.0}}, {"type": "Feature", "geometry": {"type": "Polygon", "coordinates": [[[80.23510550922289, 13.041203364317838], [80.23522468713527, 13.041198163687056], [80.23523698788034, 13.041465694845755], [80.23511782952272, 13.041470902742248], [80.23510550922289, 13.041203364317838]]]}, "properties": {"source": "microsoft", "height": -1.0, "confidence": -1.0}}, {"type": "Feature", "geometry": {"type": "Polygon", "coordinates": [[[80.23563798183514, 13.038908726062388], [80.23561870022155, 13.038949777238514], [80.23542261528905, 13.038862351388701], [80.23547378621848, 13.038753423439985], [80.23561885983611, 13.038818095675055], [80.23558697314914, 13.038885983479261], [80.23563798183514, 13.038908726062388]]]}, "properties": {"source": "microsoft", "height": -1.0, "confidence": -1.0}}, {"type": "Feature", "geometry": {"type": "Polygon", "coordinates": [[[80.23693352722422, 13.047731062265001], [80.23699326240914, 13.047919516643248], [80.23703978808166, 13.047905520877976], [80.23705188634696, 13.047943688837975], [80.236939245245, 13.04797757331572], [80.23686741179486, 13.04775095099788], [80.23693352722422, 13.047731062265001]]]}, "properties": {"source": "microsoft", "height": -1.0, "confidence": -1.0}}, {"type": "Feature", "geometry": {"type": "Polygon", "coordinates": [[[80.23709288739197, 13.044363270578842], [80.23693952115293, 13.044381172854187], [80.23689692122548, 13.044034816646672], [80.23705028619659, 13.044016904037377], [80.23709288739197, 13.044363270578842]]]}, "properties": {"source": "microsoft", "height": -1.0, "confidence": -1.0}}, {"type": "Feature", "geometry": {"type": "Polygon", "coordinates": [[[80.23716280581246, 13.046125556282533], [80.23727109941919, 13.046112428051487], [80.2372954220751, 13.046302839739951], [80.23718712846839, 13.046315967960908], [80.23716280581246, 13.046125556282533]]]}, "properties": {"source": "microsoft", "height": -1.0, "confidence": -1.0}}, {"type": "Feature", "geometry": {"type": "Polygon", "coordinates": [[[80.2371651231316, 13.048047015154765], [80.23708181840908, 13.048061146653893], [80.23707093888696, 13.04800028123627], [80.23715424360947, 13.047986149733646], [80.2371651231316, 13.048047015154765]]]}, "properties": {"source": "microsoft", "height": -1.0, "confidence": -1.0}}, {"type": "Feature", "geometry": {"type": "Polygon", "coordinates": [[[80.23825084062223, 13.039574990739524], [80.23837148963764, 13.0395773928322], [80.23836828386573, 13.03973021123032], [80.2382476346778, 13.03972781736205], [80.23825084062223, 13.039574990739524]]]}, "properties": {"source": "microsoft", "height": -1.0, "confidence": -1.0}}, {"type": "Feature", "geometry": {"type": "Polygon", "coordinates": [[[80.2387245340868, 13.042177496971007], [80.23885290632153, 13.042170748520832], [80.23885795736194, 13.042261938652047], [80.23881249219548, 13.042264328727285], [80.23881537850431, 13.04231643735811], [80.23873247143607, 13.042320795729609], [80.2387245340868, 13.042177496971007]]]}, "properties": {"source": "microsoft", "height": -1.0, "confidence": -1.0}}, {"type": "Feature", "geometry": {"type": "Polygon", "coordinates": [[[80.23996632488443, 13.041372943526383], [80.2400547504591, 13.041370236426957], [80.24005929753929, 13.041511200683402], [80.23997087196459, 13.041513907781265], [80.23996632488443, 13.041372943526383]]]}, "properties": {"source": "microsoft", "height": -1.0, "confidence": -1.0}}, {"type": "Feature", "geometry": {"type": "Polygon", "coordinates": [[[80.24109387318104, 13.039924127359342], [80.24110321476867, 13.040092343028832], [80.24091600808323, 13.040102209981825], [80.24090666720241, 13.039934007046242], [80.24109387318104, 13.039924127359342]]]}, "properties": {"source": "microsoft", "height": -1.0, "confidence": -1.0}}, {"type": "Feature", "geometry": {"type": "Polygon", "coordinates": [[[80.24264106347425, 13.039046844837983], [80.24246438390891, 13.039039231283454], [80.24246912779931, 13.03893491358916], [80.24264580736465, 13.038942527146887], [80.24264106347425, 13.039046844837983]]]}, "properties": {"source": "microsoft", "height": -1.0, "confidence": -1.0}}, {"type": "Feature", "geometry": {"type": "Polygon", "coordinates": [[[80.23402005381801, 13.04521642781144], [80.23400672131412, 13.04510029601279], [80.2342996600818, 13.045068378644132], [80.23431674008953, 13.045217059767438], [80.23416574528247, 13.045233521808555], [80.23417030575814, 13.04527322063953], [80.23410937755766, 13.045279859113279], [80.23410541047068, 13.045245325717929], [80.23405352516215, 13.045250982455528], [80.23404919361747, 13.04521325286386], [80.23402005381801, 13.04521642781144]]]}, "properties": {"source": "microsoft", "height": -1.0, "confidence": -1.0}}, {"type": "Feature", "geometry": {"type": "Polygon", "coordinates": [[[80.23550457377773, 13.046396705197779], [80.23540820880997, 13.046400923380162], [80.23540039084678, 13.046231422183496], [80.23549675581454, 13.046227203998214], [80.23550457377773, 13.046396705197779]]]}, "properties": {"source": "microsoft", "height": -1.0, "confidence": -1.0}}, {"type": "Feature", "geometry": {"type": "Polygon", "coordinates": [[[80.23614402479515, 13.045795188929375], [80.23604631970845, 13.045814967712133], [80.23602708547712, 13.045724794036957], [80.23612479056382, 13.04570501524698], [80.23614402479515, 13.045795188929375]]]}, "properties": {"source": "microsoft", "height": -1.0, "confidence": -1.0}}, {"type": "Feature", "geometry": {"type": "Polygon", "coordinates": [[[80.23753286069471, 13.0425448989387], [80.23765078428121, 13.04242524395761], [80.23772196605833, 13.042491818168912], [80.23766434430584, 13.042550285935263], [80.23769437315228, 13.042578371015423], [80.23763407360578, 13.042639560330457], [80.23753286069471, 13.0425448989387]]]}, "properties": {"source": "microsoft", "height": -1.0, "confidence": -1.0}}, {"type": "Feature", "geometry": {"type": "Polygon", "coordinates": [[[80.23817929375751, 13.042522442358177], [80.23806405182056, 13.042525632533355], [80.23806012868663, 13.042391130747589], [80.23817537085256, 13.042387948421947], [80.23817929375751, 13.042522442358177]]]}, "properties": {"source": "microsoft", "height": -1.0, "confidence": -1.0}}, {"type": "Feature", "geometry": {"type": "Polygon", "coordinates": [[[80.2400557875139, 13.042957704418555], [80.24005398740056, 13.043140598310217], [80.23986088610496, 13.04313879453413], [80.2398626862183, 13.042955900641132], [80.2400557875139, 13.042957704418555]]]}, "properties": {"source": "microsoft", "height": -1.0, "confidence": -1.0}}, {"type": "Feature", "geometry": {"type": "Polygon", "coordinates": [[[80.2405417543617, 13.044271885307111], [80.24051132835974, 13.04437578837863], [80.2402756947131, 13.044310302714564], [80.24030612071506, 13.044206399615533], [80.2405417543617, 13.044271885307111]]]}, "properties": {"source": "microsoft", "height": -1.0, "confidence": -1.0}}, {"type": "Feature", "geometry": {"type": "Polygon", "coordinates": [[[80.23555531712182, 13.040047065232187], [80.23546014814708, 13.040051218191337], [80.23544796902377, 13.039786743934329], [80.23554315666283, 13.039782583665996], [80.23555531712182, 13.040047065232187]]]}, "properties": {"source": "microsoft", "height": -1.0, "confidence": -1.0}}, {"type": "Feature", "geometry": {"type": "Polygon", "coordinates": [[[80.23780765137585, 13.039892046187362], [80.23766309124726, 13.039912203117552], [80.23762998649217, 13.039686871214954], [80.23777454662076, 13.039666714266389], [80.23780765137585, 13.039892046187362]]]}, "properties": {"source": "microsoft", "height": -1.0, "confidence": -1.0}}, {"type": "Feature", "geometry": {"type": "Polygon", "coordinates": [[[80.23789589147324, 13.038186770926671], [80.23794146959715, 13.038187687704337], [80.2379419677936, 13.038164180171137], [80.23801703764477, 13.03816569015801], [80.23801535022548, 13.038245311484815], [80.23789470242461, 13.03824287649816], [80.23789589147324, 13.038186770926671]]]}, "properties": {"source": "microsoft", "height": -1.0, "confidence": -1.0}}, {"type": "Feature", "geometry": {"type": "Polygon", "coordinates": [[[80.23820664522381, 13.04209564681652], [80.23821074036239, 13.042194780732075], [80.23808087677287, 13.0421998809462], [80.23807677452385, 13.042100747311949], [80.23820664522381, 13.04209564681652]]]}, "properties": {"source": "microsoft", "height": -1.0, "confidence": -1.0}}, {"type": "Feature", "geometry": {"type": "Polygon", "coordinates": [[[80.23843076057202, 13.039827728683889], [80.23843389025528, 13.039940006545379], [80.23825282586704, 13.039944809020511], [80.23824757197096, 13.039756809213202], [80.23839766442191, 13.039752828221594], [80.23839978057448, 13.039828550384627], [80.23843076057202, 13.039827728683889]]]}, "properties": {"source": "microsoft", "height": -1.0, "confidence": -1.0}}, {"type": "Feature", "geometry": {"type": "Polygon", "coordinates": [[[80.23913990889822, 13.040894697506886], [80.23904871980503, 13.040905814599213], [80.2390216207474, 13.040694849539122], [80.23911282476314, 13.040683730618056], [80.23913990889822, 13.040894697506886]]]}, "properties": {"source": "microsoft", "height": -1.0, "confidence": -1.0}}, {"type": "Feature", "geometry": {"type": "Polygon", "coordinates": [[[80.23937467754311, 13.038462068168315], [80.23937868455711, 13.038574293872216], [80.23921149598317, 13.038579959497667], [80.23920749702185, 13.038467733523476], [80.23937467754311, 13.038462068168315]]]}, "properties": {"source": "microsoft", "height": -1.0, "confidence": -1.0}}, {"type": "Feature", "geometry": {"type": "Polygon", "coordinates": [[[80.24079196898636, 13.044164328984621], [80.24074501684375, 13.044249514293], [80.24070962380154, 13.044231000243315], [80.24075657594415, 13.044145814928555], [80.24079196898636, 13.044164328984621]]]}, "properties": {"source": "microsoft", "height": -1.0, "confidence": -1.0}}, {"type": "Feature", "geometry": {"type": "Polygon", "coordinates": [[[80.24139964510866, 13.045875550899524], [80.24137194590753, 13.045966870474672], [80.24121997885128, 13.045923124346373], [80.24124768408609, 13.045831806491933], [80.24139964510866, 13.045875550899524]]]}, "properties": {"source": "microsoft", "height": -1.0, "confidence": -1.0}}, {"type": "Feature", "geometry": {"type": "Polygon", "coordinates": [[[80.23389142598903, 13.046963838316643], [80.23397709640282, 13.046960228463831], [80.23398473901557, 13.047132362309583], [80.23389906860181, 13.047135972159893], [80.23389142598903, 13.046963838316643]]]}, "properties": {"source": "microsoft", "height": -1.0, "confidence": -1.0}}, {"type": "Feature", "geometry": {"type": "Polygon", "coordinates": [[[80.2370581777887, 13.038877646970349], [80.23706386861343, 13.03873414313965], [80.23715492780754, 13.038737570403043], [80.2371492369828, 13.038881074231753], [80.2370581777887, 13.038877646970349]]]}, "properties": {"source": "microsoft", "height": -1.0, "confidence": -1.0}}, {"type": "Feature", "geometry": {"type": "Polygon", "coordinates": [[[80.23716824103882, 13.039290670199662], [80.23707583839692, 13.039302042418612], [80.23706349815049, 13.03920687830643], [80.23715590079239, 13.03919550608316], [80.23716824103882, 13.039290670199662]]]}, "properties": {"source": "microsoft", "height": -1.0, "confidence": -1.0}}, {"type": "Feature", "geometry": {"type": "Polygon", "coordinates": [[[80.24028112696328, 13.041329479266167], [80.24054352957432, 13.041301532648447], [80.24058496564673, 13.041670782397873], [80.24051075076682, 13.041678686480296], [80.24048554140809, 13.041454038104192], [80.2404417677308, 13.041458700121538], [80.24046931260642, 13.041704003949988], [80.2403248811376, 13.041719386283887], [80.24028112696328, 13.041329479266167]]]}, "properties": {"source": "microsoft", "height": -1.0, "confidence": -1.0}}, {"type": "Feature", "geometry": {"type": "Polygon", "coordinates": [[[80.24134510977333, 13.04357235264915], [80.24135934281836, 13.043680317068095], [80.2412024610503, 13.043699956144266], [80.24120977358976, 13.043755395000971], [80.24114380701815, 13.043763648455496], [80.24113513880752, 13.043697931793943], [80.24110731431813, 13.04370141497273], [80.24109443680123, 13.043603732889764], [80.24134510977333, 13.04357235264915]]]}, "properties": {"source": "microsoft", "height": -1.0, "confidence": -1.0}}, {"type": "Feature", "geometry": {"type": "Polygon", "coordinates": [[[80.24199826580727, 13.045329922076647], [80.24214834723121, 13.0454046940782], [80.24211029081566, 13.04547718848228], [80.2419602052634, 13.045402414445888], [80.24199826580727, 13.045329922076647]]]}, "properties": {"source": "microsoft", "height": -1.0, "confidence": -1.0}}, {"type": "Feature", "geometry": {"type": "Polygon", "coordinates": [[[80.24228750951798, 13.044739234815992], [80.24219269526229, 13.044751769849455], [80.24216090138624, 13.044523416794362], [80.24225571564189, 13.044510881749304], [80.24228750951798, 13.044739234815992]]]}, "properties": {"source": "microsoft", "height": -1.0, "confidence": -1.0}}, {"type": "Feature", "geometry": {"type": "Polygon", "coordinates": [[[80.24282696035398, 13.040256574602296], [80.24298760884848, 13.040235313579885], [80.24305955716999, 13.040751012046414], [80.24289890867544, 13.040772273024501], [80.24282696035398, 13.040256574602296]]]}, "properties": {"source": "microsoft", "height": -1.0, "confidence": -1.0}}, {"type": "Feature", "geometry": {"type": "Polygon", "coordinates": [[[80.23297040247158, 13.046033435678737], [80.2329669938444, 13.045963041890587], [80.23309277776863, 13.04595726150309], [80.23309618639581, 13.046027655292889], [80.23297040247158, 13.046033435678737]]]}, "properties": {"source": "microsoft", "height": -1.0, "confidence": -1.0}}, {"type": "Feature", "geometry": {"type": "Polygon", "coordinates": [[[80.23375860831541, 13.038639780615839], [80.23383552428169, 13.039132709082565], [80.23373590247616, 13.039147462686515], [80.233678912926, 13.03878223601113], [80.2336658047937, 13.03878417727762], [80.23364587837754, 13.03865647551666], [80.23375860831541, 13.038639780615839]]]}, "properties": {"source": "microsoft", "height": -1.0, "confidence": -1.0}}, {"type": "Feature", "geometry": {"type": "Polygon", "coordinates": [[[80.23566787526275, 13.04552104127869], [80.23540969417004, 13.04556350073102], [80.2353898831145, 13.045449174494209], [80.23564806420724, 13.045406715022239], [80.23566787526275, 13.04552104127869]]]}, "properties": {"source": "microsoft", "height": -1.0, "confidence": -1.0}}, {"type": "Feature", "geometry": {"type": "Polygon", "coordinates": [[[80.23637194972409, 13.043943482776257], [80.23628292187955, 13.043952509128502], [80.23626844086608, 13.043816956971398], [80.23635745843475, 13.043807925586577], [80.23637194972409, 13.043943482776257]]]}, "properties": {"source": "microsoft", "height": -1.0, "confidence": -1.0}}, {"type": "Feature", "geometry": {"type": "Polygon", "coordinates": [[[80.23677772550218, 13.040525359937192], [80.23684163787638, 13.040520073936506], [80.23685429838334, 13.040665356842808], [80.23660663793326, 13.04068584008283], [80.23659759471401, 13.040582066595647], [80.2367813427899, 13.040566869346819], [80.23677772550218, 13.040525359937192]]]}, "properties": {"source": "microsoft", "height": -1.0, "confidence": -1.0}}, {"type": "Feature", "geometry": {"type": "Polygon", "coordinates": [[[80.23723003067401, 13.04283736212463], [80.23728511861694, 13.042761637176895], [80.23741094863064, 13.042848521717787], [80.23735586122132, 13.042924238427887], [80.23723003067401, 13.04283736212463]]]}, "properties": {"source": "microsoft", "height": -1.0, "confidence": -1.0}}, {"type": "Feature", "geometry": {"type": "Polygon", "coordinates": [[[80.2418331167205, 13.045135078303346], [80.2418402300454, 13.045075789528923], [80.24190108943809, 13.045082719278625], [80.24189397611319, 13.045142008051386], [80.2418331167205, 13.045135078303346]]]}, "properties": {"source": "microsoft", "height": -1.0, "confidence": -1.0}}, {"type": "Feature", "geometry": {"type": "Polygon", "coordinates": [[[80.24269635572446, 13.042152981121447], [80.24272712622677, 13.042341579854693], [80.24260416872471, 13.042360619130292], [80.24257339822236, 13.042172020411542], [80.24269635572446, 13.042152981121447]]]}, "properties": {"source": "microsoft", "height": -1.0, "confidence": -1.0}}, {"type": "Feature", "geometry": {"type": "Polygon", "coordinates": [[[80.23496183647488, 13.044632591648352], [80.23489607872395, 13.044641590116058], [80.23486526418051, 13.044427879711066], [80.23493102129751, 13.044418876838847], [80.23496183647488, 13.044632591648352]]]}, "properties": {"source": "microsoft", "height": -1.0, "confidence": -1.0}}, {"type": "Feature", "geometry": {"type": "Polygon", "coordinates": [[[80.23663600950053, 13.042680468191818], [80.23661688082865, 13.042742838683338], [80.23654300914271, 13.042721336540083], [80.23656213781456, 13.042658966043149], [80.23663600950053, 13.042680468191818]]]}, "properties": {"source": "microsoft", "height": -1.0, "confidence": -1.0}}, {"type": "Feature", "geometry": {"type": "Polygon", "coordinates": [[[80.23805493865814, 13.045074257433626], [80.23823364351021, 13.045061219955116], [80.23824144080902, 13.045162557644133], [80.23806273595694, 13.045175595117314], [80.23805493865814, 13.045074257433626]]]}, "properties": {"source": "microsoft", "height": -1.0, "confidence": -1.0}}, {"type": "Feature", "geometry": {"type": "Polygon", "coordinates": [[[80.2410014202614, 13.042270347903852], [80.24111531092981, 13.042267311613514], [80.2411184967251, 13.042380724470107], [80.24100461441687, 13.042383768301065], [80.2410014202614, 13.042270347903852]]]}, "properties": {"source": "microsoft", "height": -1.0, "confidence": -1.0}}, {"type": "Feature", "geometry": {"type": "Polygon", "coordinates": [[[80.24231585663455, 13.046420311425138], [80.24253219624302, 13.046515186711474], [80.24248702272777, 13.046612959750831], [80.24246918028584, 13.04660513498942], [80.24240894893222, 13.046735498985882], [80.242349565753, 13.046709456642688], [80.24236261756691, 13.046681211852942], [80.2423068613966, 13.046656760120058], [80.24229641514117, 13.046679366351086], [80.24223758880409, 13.046653572214666], [80.24225365091912, 13.046618807566844], [80.24222911691882, 13.046608049911043], [80.24231585663455, 13.046420311425138]]]}, "properties": {"source": "microsoft", "height": -1.0, "confidence": -1.0}}, {"type": "Feature", "geometry": {"type": "Polygon", "coordinates": [[[80.23673307400037, 13.039630002436112], [80.23673641212986, 13.03955960039913], [80.23682589865865, 13.039563627428052], [80.23682256557616, 13.039634029691015], [80.23673307400037, 13.039630002436112]]]}, "properties": {"source": "microsoft", "height": -1.0, "confidence": -1.0}}, {"type": "Feature", "geometry": {"type": "Polygon", "coordinates": [[[80.23727835890591, 13.041829962165195], [80.23720185193451, 13.04183959184546], [80.2371786741362, 13.041664823541296], [80.23725518110756, 13.041655193854226], [80.23727835890591, 13.041829962165195]]]}, "properties": {"source": "microsoft", "height": -1.0, "confidence": -1.0}}, {"type": "Feature", "geometry": {"type": "Polygon", "coordinates": [[[80.23746233562177, 13.038873007547991], [80.23737130589222, 13.038876787487965], [80.23736948002089, 13.038835054435637], [80.23733467453603, 13.038836499707031], [80.23732673947471, 13.038655131791117], [80.23745257506381, 13.038649915139757], [80.23746233562177, 13.038873007547991]]]}, "properties": {"source": "microsoft", "height": -1.0, "confidence": -1.0}}, {"type": "Feature", "geometry": {"type": "Polygon", "coordinates": [[[80.23881896396763, 13.038660756590701], [80.23869953172294, 13.03866511331529], [80.23869421624461, 13.038526815188519], [80.23881365841092, 13.038522458099592], [80.23881896396763, 13.038660756590701]]]}, "properties": {"source": "microsoft", "height": -1.0, "confidence": -1.0}}, {"type": "Feature", "geometry": {"type": "Polygon", "coordinates": [[[80.23988714492101, 13.041377496210885], [80.23993202041636, 13.041764511597677], [80.23984197433357, 13.041774421003865], [80.23979709883825, 13.041387405632577], [80.23988714492101, 13.041377496210885]]]}, "properties": {"source": "microsoft", "height": -1.0, "confidence": -1.0}}, {"type": "Feature", "geometry": {"type": "Polygon", "coordinates": [[[80.24008672355939, 13.04246957437985], [80.23998232199807, 13.042474080354538], [80.2399777673271, 13.042373766496027], [80.24008216921105, 13.042369267624082], [80.24008672355939, 13.04246957437985]]]}, "properties": {"source": "microsoft", "height": -1.0, "confidence": -1.0}}, {"type": "Feature", "geometry": {"type": "Polygon", "coordinates": [[[80.24132319332205, 13.046719426961758], [80.24144104125041, 13.046715071925021], [80.24144880678423, 13.046914868181943], [80.24133095854403, 13.04691921519155], [80.24132319332205, 13.046719426961758]]]}, "properties": {"source": "microsoft", "height": -1.0, "confidence": -1.0}}, {"type": "Feature", "geometry": {"type": "Polygon", "coordinates": [[[80.23358758766557, 13.042064053009838], [80.23363523532659, 13.042439819620554], [80.23347936355414, 13.04245857778183], [80.23343171589316, 13.04208281119962], [80.23358758766557, 13.042064053009838]]]}, "properties": {"source": "microsoft", "height": -1.0, "confidence": -1.0}}, {"type": "Feature", "geometry": {"type": "Polygon", "coordinates": [[[80.23388510893926, 13.046774633946], [80.23380649375035, 13.046782604489024], [80.23378926904796, 13.04662137137042], [80.23386787221078, 13.046613396682176], [80.23388510893926, 13.046774633946]]]}, "properties": {"source": "microsoft", "height": -1.0, "confidence": -1.0}}, {"type": "Feature", "geometry": {"type": "Polygon", "coordinates": [[[80.23416684962149, 13.039039075701723], [80.23434785089705, 13.039018292722218], [80.23435596236624, 13.039085300705224], [80.2341749563427, 13.0391060842243], [80.23416684962149, 13.039039075701723]]]}, "properties": {"source": "microsoft", "height": -1.0, "confidence": -1.0}}, {"type": "Feature", "geometry": {"type": "Polygon", "coordinates": [[[80.23704141005254, 13.044682498808712], [80.23698306008387, 13.044688538108005], [80.2369791150902, 13.044652364518598], [80.23694463556323, 13.044655933195926], [80.23691927488959, 13.044423388569655], [80.23701210438516, 13.044413780583099], [80.23704141005254, 13.044682498808712]]]}, "properties": {"source": "microsoft", "height": -1.0, "confidence": -1.0}}, {"type": "Feature", "geometry": {"type": "Polygon", "coordinates": [[[80.23725305933876, 13.0463990458816], [80.23731424903679, 13.04639365142151], [80.23731245175178, 13.046374303581928], [80.23739758470987, 13.046366792487959], [80.237405529616, 13.046452319687845], [80.23725920734425, 13.046465229376011], [80.23725305933876, 13.0463990458816]]]}, "properties": {"source": "microsoft", "height": -1.0, "confidence": -1.0}}, {"type": "Feature", "geometry": {"type": "Polygon", "coordinates": [[[80.23911914372412, 13.039412841962388], [80.23923436289321, 13.039409283139648], [80.23923971498546, 13.039573739831027], [80.23912449581641, 13.039577298651409], [80.23911914372412, 13.039412841962388]]]}, "properties": {"source": "microsoft", "height": -1.0, "confidence": -1.0}}, {"type": "Feature", "geometry": {"type": "Polygon", "coordinates": [[[80.23916286487915, 13.04669011042347], [80.23954386046863, 13.04662818102129], [80.2395641176116, 13.046746453980646], [80.23918311769333, 13.046808358079431], [80.23916286487915, 13.04669011042347]]]}, "properties": {"source": "microsoft", "height": -1.0, "confidence": -1.0}}, {"type": "Feature", "geometry": {"type": "Polygon", "coordinates": [[[80.23304846423216, 13.039094793159691], [80.23320772342979, 13.039090503867882], [80.23320903390646, 13.039136567792283], [80.23328675826374, 13.039134469160587], [80.23329072196138, 13.039273795105117], [80.23313412976658, 13.039278012564026], [80.23313491841772, 13.039305804214408], [80.23306369953274, 13.039307727190831], [80.23306035684816, 13.039190230185724], [80.2330511795044, 13.039190477982672], [80.23304846423216, 13.039094793159691]]]}, "properties": {"source": "microsoft", "height": -1.0, "confidence": -1.0}}, {"type": "Feature", "geometry": {"type": "Polygon", "coordinates": [[[80.23404660044511, 13.047823745037078], [80.23408404232315, 13.048082512374208], [80.23402618332535, 13.048090457459324], [80.23402432976705, 13.048077647201893], [80.23396910072371, 13.048085231146942], [80.23393351240398, 13.047839274083103], [80.23404660044511, 13.047823745037078]]]}, "properties": {"source": "microsoft", "height": -1.0, "confidence": -1.0}}, {"type": "Feature", "geometry": {"type": "Polygon", "coordinates": [[[80.23894019211204, 13.038876362427416], [80.23890534006671, 13.038877103852386], [80.23890395952559, 13.03881570895166], [80.23902460103605, 13.038813134257964], [80.23902577562832, 13.0388653702815], [80.23905683286974, 13.038864707467624], [80.23905812079526, 13.038922167168991], [80.23894127816129, 13.038924660787131], [80.23894019211204, 13.038876362427416]]]}, "properties": {"source": "microsoft", "height": -1.0, "confidence": -1.0}}, {"type": "Feature", "geometry": {"type": "Polygon", "coordinates": [[[80.23952637517262, 13.044366893508823], [80.23958543763405, 13.044243546365905], [80.23975188968815, 13.044319188570356], [80.23969283896773, 13.044442529661168], [80.23952637517262, 13.044366893508823]]]}, "properties": {"source": "microsoft", "height": -1.0, "confidence": -1.0}}, {"type": "Feature", "geometry": {"type": "Polygon", "coordinates": [[[80.2413786285409, 13.039147871840811], [80.24126461323266, 13.039152341916576], [80.24125623943141, 13.038949980786356], [80.24137026893332, 13.038945502375427], [80.2413786285409, 13.039147871840811]]]}, "properties": {"source": "microsoft", "height": -1.0, "confidence": -1.0}}, {"type": "Feature", "geometry": {"type": "Polygon", "coordinates": [[[80.24152333233872, 13.046365012441541], [80.24151372012442, 13.046385817024074], [80.24140580542308, 13.0463384985934], [80.24144452314943, 13.04625468526622], [80.24157612149956, 13.046312379547231], [80.24154701191802, 13.046375393846972], [80.24152333233872, 13.046365012441541]]]}, "properties": {"source": "microsoft", "height": -1.0, "confidence": -1.0}}, {"type": "Feature", "geometry": {"type": "Polygon", "coordinates": [[[80.24266158970252, 13.04598915630693], [80.24256904187516, 13.045999959243943], [80.24255268313655, 13.04586703405215], [80.24264523019838, 13.045856224888624], [80.24266158970252, 13.04598915630693]]]}, "properties": {"source": "microsoft", "height": -1.0, "confidence": -1.0}}, {"type": "Feature", "geometry": {"type": "Polygon", "coordinates": [[[80.23363515972481, 13.04322910139851], [80.2335236234024, 13.043239968788484], [80.233509173717, 13.043099318037903], [80.23362070926586, 13.043088443112282], [80.23363515972481, 13.04322910139851]]]}, "properties": {"source": "microsoft", "height": -1.0, "confidence": -1.0}}, {"type": "Feature", "geometry": {"type": "Polygon", "coordinates": [[[80.23701973578255, 13.044402034185978], [80.23709905814175, 13.044385062568736], [80.23714345400626, 13.04458199034228], [80.2370641316471, 13.044598961946022], [80.23701973578255, 13.044402034185978]]]}, "properties": {"source": "microsoft", "height": -1.0, "confidence": -1.0}}, {"type": "Feature", "geometry": {"type": "Polygon", "coordinates": [[[80.23803210647203, 13.038260938120914], [80.23811761427251, 13.038255819114312], [80.23812237613478, 13.038331312790447], [80.2380368683343, 13.038336431795486], [80.23803210647203, 13.038260938120914]]]}, "properties": {"source": "microsoft", "height": -1.0, "confidence": -1.0}}, {"type": "Feature", "geometry": {"type": "Polygon", "coordinates": [[[80.23853734007767, 13.038823968174313], [80.23843053305288, 13.038841875996653], [80.23838480284034, 13.03858301166376], [80.23849160986514, 13.038565103822705], [80.23853734007767, 13.038823968174313]]]}, "properties": {"source": "microsoft", "height": -1.0, "confidence": -1.0}}, {"type": "Feature", "geometry": {"type": "Polygon", "coordinates": [[[80.24161884477948, 13.043343407715653], [80.24136888298744, 13.043356565035424], [80.24136405242926, 13.043269468783862], [80.24161402140162, 13.043256328125153], [80.24161884477948, 13.043343407715653]]]}, "properties": {"source": "microsoft", "height": -1.0, "confidence": -1.0}}, {"type": "Feature", "geometry": {"type": "Polygon", "coordinates": [[[80.24249592741027, 13.045234353288023], [80.2424523274227, 13.04536123585234], [80.24228108080001, 13.045305389422708], [80.2423246807876, 13.045178506829743], [80.24249592741027, 13.045234353288023]]]}, "properties": {"source": "microsoft", "height": -1.0, "confidence": -1.0}}, {"type": "Feature", "geometry": {"type": "Polygon", "coordinates": [[[80.23400766632882, 13.043262673360417], [80.23412453850712, 13.043235802883089], [80.23414732371671, 13.043329858549086], [80.23408634692802, 13.043343877923604], [80.23409414186816, 13.043376054851947], [80.23403824647855, 13.04338890594289], [80.23400766632882, 13.043262673360417]]]}, "properties": {"source": "microsoft", "height": -1.0, "confidence": -1.0}}, {"type": "Feature", "geometry": {"type": "Polygon", "coordinates": [[[80.23489322320665, 13.038126879843176], [80.23495451546223, 13.038344081176717], [80.23489466474086, 13.038360106823461], [80.23491015715038, 13.038415007232942], [80.23485529497054, 13.0384297008829], [80.23487791870818, 13.038509872534007], [80.23466345745982, 13.038567311320492], [80.2345709058058, 13.038239336296058], [80.23475544222882, 13.038189912159254], [80.23474858655075, 13.038165617690836], [80.23489322320665, 13.038126879843176]]]}, "properties": {"source": "microsoft", "height": -1.0, "confidence": -1.0}}, {"type": "Feature", "geometry": {"type": "Polygon", "coordinates": [[[80.23836473196206, 13.047122752977884], [80.23840153629361, 13.047117646361599], [80.23842063192609, 13.047248258122508], [80.23830401595336, 13.047264438628247], [80.23829596539247, 13.047209400846398], [80.23825748164796, 13.04721474310385], [80.23822865126887, 13.047017546828386], [80.23834694975025, 13.047001124791748], [80.23836473196206, 13.047122752977884]]]}, "properties": {"source": "microsoft", "height": -1.0, "confidence": -1.0}}, {"type": "Feature", "geometry": {"type": "Polygon", "coordinates": [[[80.23854166518278, 13.039188997655728], [80.23844252135663, 13.03918596239626], [80.238451194491, 13.038917083532525], [80.23855033831715, 13.03892011879529], [80.23854166518278, 13.039188997655728]]]}, "properties": {"source": "microsoft", "height": -1.0, "confidence": -1.0}}, {"type": "Feature", "geometry": {"type": "Polygon", "coordinates": [[[80.23874360225797, 13.038883948308694], [80.23881322078155, 13.038881147643664], [80.2388174843985, 13.038981567094211], [80.23874786607614, 13.038984372496856], [80.23874360225797, 13.038883948308694]]]}, "properties": {"source": "microsoft", "height": -1.0, "confidence": -1.0}}, {"type": "Feature", "geometry": {"type": "Polygon", "coordinates": [[[80.23907653389378, 13.047424084637754], [80.23911659062004, 13.047519149403115], [80.23904460088787, 13.047547932244996], [80.2390045517764, 13.047452869354046], [80.23907653389378, 13.047424084637754]]]}, "properties": {"source": "microsoft", "height": -1.0, "confidence": -1.0}}, {"type": "Feature", "geometry": {"type": "Polygon", "coordinates": [[[80.23918780327809, 13.046448378110398], [80.2392638916088, 13.046437312382665], [80.23928582609672, 13.046580448910944], [80.23920973776596, 13.046591514632269], [80.23918780327809, 13.046448378110398]]]}, "properties": {"source": "microsoft", "height": -1.0, "confidence": -1.0}}, {"type": "Feature", "geometry": {"type": "Polygon", "coordinates": [[[80.23935576266226, 13.045478336112069], [80.2394157548246, 13.045361153156833], [80.23979292966717, 13.04554438476515], [80.23973294424698, 13.04566157090889], [80.23935576266226, 13.045478336112069]]]}, "properties": {"source": "microsoft", "height": -1.0, "confidence": -1.0}}, {"type": "Feature", "geometry": {"type": "Polygon", "coordinates": [[[80.23998929057099, 13.045190648751543], [80.2399470008459, 13.045202170903522], [80.23992821616841, 13.045136738262272], [80.23997050589354, 13.045125216107252], [80.23998929057099, 13.045190648751543]]]}, "properties": {"source": "microsoft", "height": -1.0, "confidence": -1.0}}, {"type": "Feature", "geometry": {"type": "Polygon", "coordinates": [[[80.24033098792944, 13.04754964210862], [80.24013542149218, 13.047594751337826], [80.24009933992393, 13.047446296120171], [80.24016029569657, 13.047432236093087], [80.24016931608864, 13.047469349907985], [80.24019054681261, 13.047464452840714], [80.24019864309031, 13.047497754599263], [80.24021134181102, 13.047494824653768], [80.24020204267708, 13.047456575283803], [80.24023922843779, 13.047447998035878], [80.24025125562719, 13.047497483117994], [80.24031475122369, 13.047482837259494], [80.24033098792944, 13.04754964210862]]]}, "properties": {"source": "microsoft", "height": -1.0, "confidence": -1.0}}, {"type": "Feature", "geometry": {"type": "Polygon", "coordinates": [[[80.24067181638725, 13.047375674563767], [80.24067507744559, 13.047519317301706], [80.24060537410577, 13.047520819093933], [80.24060211304739, 13.047377176356846], [80.24067181638725, 13.047375674563767]]]}, "properties": {"source": "microsoft", "height": -1.0, "confidence": -1.0}}, {"type": "Feature", "geometry": {"type": "Polygon", "coordinates": [[[80.24205583626187, 13.039036921666181], [80.24198354031174, 13.039034008364055], [80.24199051792338, 13.038869667177465], [80.24206281387353, 13.038872580481538], [80.24205583626187, 13.039036921666181]]]}, "properties": {"source": "microsoft", "height": -1.0, "confidence": -1.0}}, {"type": "Feature", "geometry": {"type": "Polygon", "coordinates": [[[80.233861797766, 13.047206444047887], [80.23393953780644, 13.047208246208129], [80.23393877232355, 13.047239584054594], [80.23386103228307, 13.047237781894566], [80.233861797766, 13.047206444047887]]]}, "properties": {"source": "microsoft", "height": -1.0, "confidence": -1.0}}, {"type": "Feature", "geometry": {"type": "Polygon", "coordinates": [[[80.23472183599036, 13.046455036777985], [80.23474853168561, 13.046524765127359], [80.23469348250312, 13.046544766854623], [80.23466678367201, 13.046475043403888], [80.23472183599036, 13.046455036777985]]]}, "properties": {"source": "microsoft", "height": -1.0, "confidence": -1.0}}, {"type": "Feature", "geometry": {"type": "Polygon", "coordinates": [[[80.23722635995222, 13.042489996710884], [80.23731005501745, 13.042346930710394], [80.23742342936644, 13.04240988578998], [80.2373397377147, 13.042552945919056], [80.23722635995222, 13.042489996710884]]]}, "properties": {"source": "microsoft", "height": -1.0, "confidence": -1.0}}, {"type": "Feature", "geometry": {"type": "Polygon", "coordinates": [[[80.23747869970379, 13.044569683165918], [80.23749888650637, 13.044544810538156], [80.23757975802098, 13.044607102649735], [80.23753216561741, 13.044665742335411], [80.23749821700656, 13.044639590763978], [80.2374440198323, 13.044706362417841], [80.237256813715, 13.044562165024587], [80.23733841715925, 13.044461619509477], [80.23747869970379, 13.044569683165918]]]}, "properties": {"source": "microsoft", "height": -1.0, "confidence": -1.0}}, {"type": "Feature", "geometry": {"type": "Polygon", "coordinates": [[[80.23902389885893, 13.038728154319429], [80.2390372109293, 13.038727036064216], [80.2390211410392, 13.038545472015642], [80.23914893691493, 13.03853473675754], [80.23916110411744, 13.038672206698237], [80.2391291551485, 13.03867489051133], [80.23914120460842, 13.038811030071898], [80.2390320462851, 13.0388202071493], [80.23902389885893, 13.038728154319429]]]}, "properties": {"source": "microsoft", "height": -1.0, "confidence": -1.0}}, {"type": "Feature", "geometry": {"type": "Polygon", "coordinates": [[[80.24039818720762, 13.044510673033272], [80.24044894992709, 13.04440266606403], [80.2405531657435, 13.044449151700903], [80.24050240302407, 13.04455715864988], [80.24039818720762, 13.044510673033272]]]}, "properties": {"source": "microsoft", "height": -1.0, "confidence": -1.0}}, {"type": "Feature", "geometry": {"type": "Polygon", "coordinates": [[[80.24118919843765, 13.044388032830497], [80.24117703485435, 13.044276937904343], [80.2412725081806, 13.04426701721384], [80.24130419007203, 13.04455638064971], [80.24127236562991, 13.04455968754273], [80.2412664252753, 13.044505431925003], [80.24100387362803, 13.04453271379667], [80.24099029567459, 13.04440870092516], [80.24118919843765, 13.044388032830497]]]}, "properties": {"source": "microsoft", "height": -1.0, "confidence": -1.0}}, {"type": "Feature", "geometry": {"type": "Polygon", "coordinates": [[[80.24166815188819, 13.039279427285322], [80.2417538228193, 13.039275823139945], [80.2417617999429, 13.039455787926656], [80.24167612901184, 13.039459392069404], [80.24166815188819, 13.039279427285322]]]}, "properties": {"source": "microsoft", "height": -1.0, "confidence": -1.0}}, {"type": "Feature", "geometry": {"type": "Polygon", "coordinates": [[[80.24189061491431, 13.043699473807465], [80.24182330580315, 13.043216037485848], [80.24191548718875, 13.04320385674366], [80.24198279544065, 13.04368728691749], [80.24189061491431, 13.043699473807465]]]}, "properties": {"source": "microsoft", "height": -1.0, "confidence": -1.0}}, {"type": "Feature", "geometry": {"type": "Polygon", "coordinates": [[[80.24203402880832, 13.038500046417482], [80.24204945082538, 13.03877775502437], [80.24193288337365, 13.038783898884475], [80.24191744190475, 13.038506199259146], [80.24203402880832, 13.038500046417482]]]}, "properties": {"source": "microsoft", "height": -1.0, "confidence": -1.0}}, {"type": "Feature", "geometry": {"type": "Polygon", "coordinates": [[[80.23622225931378, 13.045448280507586], [80.23624191169945, 13.045541008077848], [80.23610813935933, 13.045567914810846], [80.23608848697361, 13.045475187250673], [80.23622225931378, 13.045448280507586]]]}, "properties": {"source": "microsoft", "height": -1.0, "confidence": -1.0}}, {"type": "Feature", "geometry": {"type": "Polygon", "coordinates": [[[80.23680788758877, 13.045553635556516], [80.23700047266634, 13.045520808246224], [80.23702121938452, 13.045636273465647], [80.23691556606963, 13.045654289918431], [80.23693696821644, 13.045773450485498], [80.23685004704929, 13.045788272644629], [80.23680788758877, 13.045553635556516]]]}, "properties": {"source": "microsoft", "height": -1.0, "confidence": -1.0}}, {"type": "Feature", "geometry": {"type": "Polygon", "coordinates": [[[80.24145411297408, 13.042732384652155], [80.2414658725554, 13.042906704397083], [80.24138308127488, 13.042911999381829], [80.24138027301665, 13.042870370798056], [80.24137086480164, 13.042870972508325], [80.24138549233203, 13.043088036709577], [80.24149907232652, 13.043080764868108], [80.24150679500126, 13.04319524283487], [80.24130507416427, 13.0432081577963], [80.24129963895842, 13.043127502505541], [80.24126224934786, 13.043129896336168], [80.24123640013217, 13.042746308666366], [80.24145411297408, 13.042732384652155]]]}, "properties": {"source": "microsoft", "height": -1.0, "confidence": -1.0}}, {"type": "Feature", "geometry": {"type": "Polygon", "coordinates": [[[80.24202383616822, 13.039721023898608], [80.24212365882632, 13.039706914408612], [80.24215986619794, 13.03995003585078], [80.24206004353984, 13.039964145326906], [80.24202383616822, 13.039721023898608]]]}, "properties": {"source": "microsoft", "height": -1.0, "confidence": -1.0}}, {"type": "Feature", "geometry": {"type": "Polygon", "coordinates": [[[80.2335904124696, 13.038750431604697], [80.2335950637956, 13.038865227149003], [80.23345424093296, 13.03887064262507], [80.23344958137281, 13.03875584739994], [80.2335904124696, 13.038750431604697]]]}, "properties": {"source": "microsoft", "height": -1.0, "confidence": -1.0}}, {"type": "Feature", "geometry": {"type": "Polygon", "coordinates": [[[80.2348480076938, 13.041540397430992], [80.23501753473784, 13.041620304491275], [80.23489660382184, 13.041863801142114], [80.23472707677776, 13.04178389416046], [80.2348480076938, 13.041540397430992]]]}, "properties": {"source": "microsoft", "height": -1.0, "confidence": -1.0}}, {"type": "Feature", "geometry": {"type": "Polygon", "coordinates": [[[80.2353032078608, 13.045290860858088], [80.23545862925299, 13.045266763226081], [80.2354594615754, 13.045271860150208], [80.23561642007968, 13.045247524191595], [80.23564156519114, 13.0454015062231], [80.23552015922766, 13.045420321574639], [80.23551433040753, 13.045384643125018], [80.23541337857526, 13.045400288520824], [80.23541653490386, 13.045419617038021], [80.2353265228881, 13.045433573129287], [80.2353032078608, 13.045290860858088]]]}, "properties": {"source": "microsoft", "height": -1.0, "confidence": -1.0}}, {"type": "Feature", "geometry": {"type": "Polygon", "coordinates": [[[80.23618535214257, 13.046852464692961], [80.23610038482, 13.046866808779924], [80.23606744321819, 13.046681623082051], [80.23615239762442, 13.046667281164858], [80.23618535214257, 13.046852464692961]]]}, "properties": {"source": "microsoft", "height": -1.0, "confidence": -1.0}}, {"type": "Feature", "geometry": {"type": "Polygon", "coordinates": [[[80.23917364020238, 13.043537501555932], [80.23909926316182, 13.04370788995918], [80.2390412401879, 13.043683852218692], [80.2390764909357, 13.04360311050442], [80.23886648401513, 13.043516094532578], [80.23890560992704, 13.043426461956642], [80.23917364020238, 13.043537501555932]]]}, "properties": {"source": "microsoft", "height": -1.0, "confidence": -1.0}}, {"type": "Feature", "geometry": {"type": "Polygon", "coordinates": [[[80.24301484051021, 13.04621237915704], [80.24287672339439, 13.04615456733488], [80.24291915060952, 13.046058370355595], [80.24305865177702, 13.046116752012821], [80.24307556226815, 13.046078403908979], [80.24324085416009, 13.046147590324637], [80.24314844655, 13.04635714393143], [80.2431696936106, 13.046366037328852], [80.24311386837695, 13.046492612024338], [80.24292593376009, 13.04641396093956], [80.24301484051021, 13.04621237915704]]]}, "properties": {"source": "microsoft", "height": -1.0, "confidence": -1.0}}]}